Age,Attrition,BusinessTravel,Department,DistanceFromHome,Education,EducationField,EmployeeID,Gender,JobLevel,JobRole,MaritalStatus,MonthlyIncome,NumCompaniesWorked,PercentSalaryHike,StockOptionLevel,TotalWorkingYears,TrainingTimesLastYear,YearsAtCompany,YearsSinceLastPromotion,YearsWithCurrManager,JobInvolvement,PerformanceRating,EnvironmentSatisfaction,JobSatisfaction,WorkLifeBalance,MeanDailyHours,StdDailyHours,WorkedDays,MeanArrivalHour,VarianceArrival
51,0,Travel_Rarely,Sales,6,2,Life Sciences,1,Female,1,Healthcare Representative,Married,131160,1.0,11,0,1.0,6,1,0,0,3,3,3.0,4.0,2.0,7.373650622605365,0.2832243671302343,232,9.993031609195402,0.06679947566801019
31,1,Travel_Frequently,Research & Development,10,1,Life Sciences,2,Female,1,Research Scientist,Single,41890,0.0,23,1,6.0,3,5,1,4,2,4,3.0,2.0,4.0,7.718968926553672,0.31335090741272636,236,9.98072033898305,0.08590449072404535
32,0,Travel_Frequently,Research & Development,17,4,Other,3,Male,4,Sales Executive,Married,193280,1.0,15,3,5.0,2,5,0,3,3,3,2.0,2.0,1.0,7.013240358126722,0.3115511391897782,242,10.01659779614325,0.07426348071434834
38,0,Non-Travel,Research & Development,2,5,Life Sciences,4,Male,3,Human Resources,Married,83210,3.0,11,3,13.0,5,8,7,5,2,3,4.0,4.0,3.0,7.193678486997635,0.2841328328448775,235,9.97382978723404,0.07994728334444644
32,0,Travel_Rarely,Research & Development,10,1,Medical,5,Male,1,Sales Executive,Single,23420,4.0,12,2,9.0,2,6,0,4,3,3,4.0,1.0,3.0,8.006174603174603,0.30065642004350723,245,9.990068027210883,0.07336634325861487
46,0,Travel_Rarely,Research & Development,8,3,Life Sciences,6,Female,4,Research Director,Married,40710,3.0,13,0,28.0,5,7,7,7,3,3,3.0,2.0,2.0,10.796095874355368,0.30627801952721684,237,9.980450070323489,0.07717738603224548
28,1,Travel_Rarely,Research & Development,11,2,Medical,7,Male,2,Sales Executive,Single,58130,2.0,20,1,5.0,2,0,0,0,3,4,1.0,3.0,1.0,6.923570402298851,0.32461158973280657,232,9.95625,0.08129434223184233
29,0,Travel_Rarely,Research & Development,18,3,Life Sciences,8,Male,2,Sales Executive,Married,31430,2.0,22,3,10.0,2,0,0,0,3,4,1.0,2.0,3.0,6.725620713305898,0.2785480594266001,243,9.994101508916323,0.0752657986524429
31,0,Travel_Rarely,Research & Development,1,3,Life Sciences,9,Male,3,Laboratory Technician,Married,20440,0.0,21,0,10.0,2,9,7,8,3,4,2.0,4.0,3.0,7.236498792270532,0.3106995251062114,230,10.013840579710145,0.06944733983081237
25,0,Non-Travel,Research & Development,7,4,Medical,10,Female,4,Laboratory Technician,Divorced,134640,1.0,13,1,6.0,2,6,1,5,3,3,2.0,1.0,3.0,7.080087844254511,0.2904905463580699,234,9.956837606837608,0.07489582187007078
45,0,Travel_Rarely,Research & Development,17,2,Medical,11,Male,2,Laboratory Technician,Married,79910,0.0,13,2,21.0,2,20,4,10,2,3,3.0,4.0,3.0,8.403485477178425,0.3083233939116001,241,9.985961272475796,0.08214584293837396
36,0,Travel_Rarely,Research & Development,28,1,Life Sciences,12,Male,1,Laboratory Technician,Married,33770,0.0,12,2,16.0,2,15,10,11,3,3,3.0,4.0,3.0,7.06895458736745,0.30973383319804865,241,9.989557399723374,0.07529674773321036
55,0,Travel_Rarely,Research & Development,14,4,Life Sciences,13,Female,1,Sales Executive,Single,55380,0.0,17,0,37.0,2,36,4,13,3,3,4.0,1.0,3.0,9.301409509946627,0.288863238370768,229,10.010625909752548,0.06799088332184172
47,1,Non-Travel,Research & Development,1,1,Medical,14,Male,1,Research Scientist,Married,57620,1.0,11,2,10.0,4,10,9,9,2,3,1.0,2.0,2.0,9.399931442080378,0.2922665278568038,235,9.996099290780142,0.08074326645248628
28,0,Travel_Rarely,Research & Development,1,3,Life Sciences,15,Male,1,Manufacturing Director,Married,25920,1.0,14,0,5.0,2,5,0,4,3,3,4.0,4.0,2.0,6.08968764407561,0.2897538656914084,241,10.00076071922545,0.07987789111725845
37,0,Travel_Rarely,Research & Development,1,3,Life Sciences,16,Male,2,Healthcare Representative,Married,53460,4.0,11,0,7.0,2,5,0,1,3,3,3.0,4.0,4.0,6.705174636661979,0.317259643273916,237,9.999226441631505,0.07283720509825425
21,0,Travel_Rarely,Research & Development,3,2,Life Sciences,17,Male,1,Laboratory Technician,Single,42130,1.0,12,3,3.0,3,3,1,0,2,3,4.0,3.0,4.0,6.619040626529614,0.31396253642597755,227,10.030543318649046,0.07012492473761031
37,0,Non-Travel,Research & Development,1,3,Medical,18,Male,2,Sales Executive,Divorced,41270,2.0,13,1,15.0,2,5,0,2,3,3,1.0,4.0,3.0,11.014328139114726,0.3096964342975207,246,9.999661246612467,0.07265861493648955
35,0,Travel_Rarely,Sales,7,4,Life Sciences,19,Male,1,Sales Representative,Divorced,24380,7.0,16,0,10.0,5,7,6,2,2,3,2.0,2.0,2.0,6.960253831417625,0.3149459158217451,232,9.980531609195403,0.08445219332072779
38,0,Travel_Rarely,Research & Development,8,3,Life Sciences,20,Female,1,Manager,Divorced,68700,1.0,11,1,8.0,5,8,7,7,3,3,1.0,1.0,3.0,9.293555796055795,0.29638840151804835,231,10.023304473304472,0.08503787355961258
26,0,Travel_Frequently,Research & Development,1,4,Other,21,Male,2,Laboratory Technician,Divorced,104470,1.0,18,0,6.0,3,6,1,4,3,3,3.0,2.0,1.0,7.590778256704982,0.317876322859857,232,9.985847701149426,0.07931904741171986
50,0,Travel_Rarely,Sales,8,4,Life Sciences,22,Male,1,Research Scientist,Divorced,96670,3.0,23,0,28.0,2,10,1,6,2,4,1.0,2.0,2.0,6.008613495469718,0.2930092673211812,233,9.98090128755365,0.06860517076940782
53,0,Travel_Rarely,Research & Development,11,4,Life Sciences,23,Female,2,Research Scientist,Married,21480,3.0,11,0,21.0,2,5,1,3,3,3,3.0,3.0,2.0,8.402108477011494,0.30298867053530126,232,9.995043103448278,0.06910831944237107
29,0,Travel_Frequently,Research & Development,16,4,Medical,25,Male,1,Laboratory Technician,Single,65130,1.0,11,1,10.0,2,10,0,9,3,3,2.0,4.0,2.0,7.093167388167388,0.32198743609614855,231,9.963564213564215,0.07029830395047786
55,0,Travel_Rarely,Research & Development,1,4,Other,26,Female,1,Research Scientist,Married,67990,3.0,11,0,12.0,2,10,0,8,3,3,2.0,4.0,3.0,9.362002074688798,0.2812382254202835,241,10.018464730290455,0.07353379053327182
26,0,Travel_Frequently,Research & Development,9,3,Life Sciences,27,Female,1,Manager,Married,162910,1.0,22,0,5.0,3,5,3,3,3,4,1.0,1.0,3.0,10.977123430962344,0.29663324125421076,239,9.997280334728034,0.07065200278158686
37,0,Travel_Rarely,Sales,5,1,Marketing,28,Male,1,Research Scientist,Single,27050,1.0,11,0,17.0,2,17,5,7,3,3,4.0,4.0,3.0,7.604444444444445,0.2958357789663503,236,9.983474576271187,0.09009454261329489
44,1,Travel_Frequently,Research & Development,1,2,Medical,29,Male,2,Research Scientist,Divorced,103330,3.0,14,1,19.0,2,1,0,0,2,3,4.0,3.0,1.0,10.97758573388203,0.311821460995057,243,10.008299039780523,0.06761564390632845
38,0,Travel_Rarely,Sales,2,3,Marketing,30,Female,1,Manager,Divorced,44480,9.0,12,0,10.0,3,2,1,2,2,3,4.0,4.0,3.0,6.8312753623188405,0.28162356680751105,230,9.983768115942027,0.09079796637343626
26,1,Travel_Rarely,Research & Development,4,3,Medical,31,Male,3,Research Scientist,Divorced,68540,2.0,11,0,5.0,5,3,0,2,2,3,1.0,2.0,3.0,10.109408263305323,0.307648208971023,238,9.996848739495798,0.07986227332001712
28,0,Travel_Rarely,Research & Development,7,3,Other,32,Male,1,Human Resources,Single,96370,1.0,13,0,5.0,6,5,0,2,2,3,4.0,4.0,3.0,6.709665977961433,0.2999596428160105,242,9.969283746556474,0.0880221681164723
49,0,Travel_Frequently,Research & Development,1,1,Medical,33,Female,2,Research Scientist,Single,35910,9.0,13,0,22.0,2,3,1,2,3,3,3.0,1.0,3.0,10.518214624881292,0.2988444964494486,234,10.0002849002849,0.09365990894603198
36,0,Travel_Rarely,Sales,5,3,Technical Degree,34,Male,3,Sales Executive,Single,54050,4.0,14,0,10.0,2,8,7,7,3,3,3.0,2.0,3.0,6.182887517146776,0.27760267901505425,243,9.962894375857339,0.07411679458256343
31,0,Travel_Frequently,Research & Development,9,4,Medical,35,Male,1,Sales Executive,Divorced,46840,1.0,16,1,2.0,4,2,2,2,3,3,4.0,2.0,2.0,6.586388888888888,0.29841671258652375,240,10.026250000000001,0.06732060669456068
26,1,Travel_Rarely,Research & Development,8,3,Medical,36,Male,2,Manager,Single,157870,1.0,12,2,8.0,5,8,7,4,3,3,4.0,4.0,3.0,10.272241379310346,0.3035182369118388,232,9.939655172413794,0.0699598613391716
37,0,Travel_Frequently,Sales,9,1,Marketing,37,Male,1,Laboratory Technician,Married,15140,1.0,14,0,4.0,3,4,1,2,3,3,2.0,4.0,2.0,9.982733011937558,0.2858516734525315,242,10.000413223140496,0.07881034029468588
42,0,Travel_Frequently,Sales,2,2,Marketing,38,Male,3,Research Director,Married,29560,5.0,13,0,23.0,2,20,4,8,3,3,3.0,2.0,4.0,5.979567632850242,0.2972133732676859,230,10.004782608695654,0.07082127713435854
18,1,Travel_Rarely,Research & Development,1,4,Life Sciences,39,Male,1,Sales Executive,Single,23350,1.0,14,2,0.0,3,0,0,0,2,3,3.0,3.0,3.0,6.775967939304944,0.2921177931173167,227,9.98582966226138,0.07632363260691594
35,0,Travel_Rarely,Sales,20,2,Life Sciences,40,Male,1,Laboratory Technician,Married,51540,0.0,19,0,12.0,2,11,6,9,2,3,3.0,2.0,2.0,7.690160390516039,0.30562569982475807,239,10.021548117154811,0.07740370904289195
36,0,Travel_Frequently,Research & Development,8,3,Other,41,Female,3,Sales Executive,Married,69620,4.0,12,2,4.0,2,1,0,0,2,3,3.0,3.0,3.0,7.204732468123862,0.2845449299508925,244,10.030191256830602,0.07749122984551036
51,0,Travel_Rarely,Research & Development,2,3,Life Sciences,42,Male,2,Laboratory Technician,Divorced,56750,5.0,13,0,13.0,2,4,1,2,2,3,4.0,2.0,3.0,7.594769503546099,0.30514299567200004,235,10.044326241134751,0.0687592188478713
41,0,Travel_Rarely,Research & Development,29,1,Life Sciences,43,Male,1,Laboratory Technician,Single,23790,1.0,12,0,22.0,6,22,0,4,3,3,4.0,2.0,3.0,6.95264233241506,0.3178550153173412,242,9.993457300275482,0.08161791910047284
18,0,Travel_Rarely,Sales,7,3,Life Sciences,44,Male,1,Research Scientist,Single,38120,1.0,15,0,0.0,3,0,0,0,3,3,4.0,3.0,3.0,7.008878472222222,0.3149531071288216,240,9.952916666666669,0.06384082984658304
28,0,Travel_Rarely,Research & Development,9,3,Medical,45,Male,1,Sales Representative,Single,46480,0.0,23,2,9.0,2,8,0,7,2,4,2.0,1.0,3.0,7.201573315118397,0.2958945645712391,244,9.970696721311475,0.0734576287226307
31,0,Travel_Rarely,Research & Development,8,1,Technical Degree,46,Male,1,Manufacturing Director,Married,29360,4.0,12,1,10.0,2,8,7,7,3,3,2.0,4.0,2.0,7.1728749999999994,0.3081703336728252,240,10.003472222222221,0.07125474585464127
39,0,Travel_Rarely,Sales,5,4,Marketing,47,Female,2,Human Resources,Divorced,21050,0.0,20,0,19.0,3,18,3,7,3,4,3.0,4.0,2.0,7.636801418439717,0.31167208610362174,235,9.97581560283688,0.07579319472227272
36,0,Non-Travel,Research & Development,5,4,Life Sciences,48,Male,1,Sales Executive,Married,85780,7.0,21,0,11.0,4,9,0,8,3,4,2.0,2.0,3.0,7.83278129395218,0.2961809089177024,237,9.995569620253164,0.08990613602231261
32,0,Travel_Rarely,Sales,2,3,Marketing,49,Male,2,Laboratory Technician,Married,27060,1.0,21,1,13.0,4,13,4,8,3,4,4.0,3.0,2.0,6.974765051395007,0.3119167284795888,227,10.012408223201174,0.07715975985341704
38,0,Travel_Rarely,Research & Development,5,2,Life Sciences,50,Female,3,Research Scientist,Married,63840,3.0,19,2,19.0,4,10,0,1,2,3,1.0,2.0,3.0,6.906424220272905,0.289615187777074,228,9.982748538011696,0.07877107109428003
58,0,Non-Travel,Research & Development,2,3,Life Sciences,51,Male,2,Manufacturing Director,Divorced,39680,2.0,13,2,12.0,3,5,1,2,2,3,4.0,3.0,3.0,10.895463728191,0.3042054456932419,242,9.98422865013774,0.07358264367553317
31,0,Travel_Rarely,Research & Development,20,1,Technical Degree,52,Female,3,Research Scientist,Married,99070,0.0,13,1,6.0,3,5,0,3,2,3,3.0,4.0,3.0,9.125665729020158,0.3031655721188996,237,9.98466947960619,0.0732620960372516
31,0,Travel_Rarely,Sales,7,4,Marketing,53,Male,2,Sales Executive,Married,132250,3.0,21,1,9.0,2,2,1,0,3,4,1.0,1.0,3.0,6.831459786145978,0.27906181250549916,239,9.980404463040447,0.08892229137122071
45,0,Travel_Frequently,Research & Development,3,1,Medical,54,Female,1,Sales Executive,Divorced,35400,1.0,13,0,24.0,6,24,9,11,3,3,1.0,1.0,3.0,7.3160499058380415,0.3104232425048927,236,9.997316384180792,0.06970435148455352
31,0,Travel_Rarely,Sales,16,4,Marketing,55,Female,2,Research Scientist,Divorced,28040,0.0,19,2,3.0,0,2,2,2,3,3,3.0,4.0,1.0,8.610798041894354,0.3115838921999739,244,9.998497267759562,0.06225882075153471
33,0,Travel_Frequently,Research & Development,9,3,Life Sciences,56,Male,4,Research Director,Married,193920,6.0,12,1,12.0,3,10,8,8,3,3,4.0,2.0,3.0,6.784845288326301,0.29500643836505075,237,9.994866385372717,0.08076096370990168
39,0,Travel_Rarely,Sales,1,4,Life Sciences,57,Male,1,Sales Executive,Married,196650,1.0,22,1,21.0,6,21,11,10,3,4,3.0,1.0,3.0,10.986099773242628,0.3159426398769555,245,10.018775510204083,0.08356680049068817
43,0,Travel_Frequently,Research & Development,7,4,Medical,58,Male,4,Research Scientist,Single,24390,0.0,15,0,9.0,2,8,1,7,3,3,3.0,4.0,3.0,7.68658467939305,0.3027352732521384,227,9.997503671071954,0.07011173486846946
49,0,Travel_Rarely,Research & Development,1,3,Life Sciences,59,Male,3,Manufacturing Director,Single,73140,7.0,22,0,25.0,2,7,0,7,3,4,3.0,3.0,3.0,9.948856881572931,0.3131942908594046,243,10.003840877914952,0.06911512241759153
52,1,Travel_Rarely,Research & Development,7,1,Life Sciences,60,Female,2,Research Scientist,Married,47740,2.0,18,1,11.0,2,8,7,7,3,3,3.0,2.0,2.0,7.9055276615527665,0.3120189510407189,239,9.967294281729428,0.07832243357594085
27,0,Travel_Rarely,Research & Development,15,4,Medical,61,Male,3,Research Scientist,Single,39020,1.0,22,0,4.0,2,4,1,2,3,4,3.0,2.0,2.0,10.672414617486337,0.3016282855220778,244,9.984562841530055,0.08479043453491956
32,0,Travel_Rarely,Research & Development,1,3,Life Sciences,62,Male,3,Research Scientist,Married,26620,1.0,11,1,13.0,6,13,11,9,4,3,3.0,2.0,3.0,10.496171548117156,0.2915206454350032,239,10.002649930264992,0.08000695396708206
27,0,Travel_Rarely,Research & Development,13,2,Medical,63,Female,4,Research Director,Single,28560,1.0,12,2,5.0,5,5,0,4,4,3,4.0,3.0,3.0,10.069261664261665,0.3127089725242034,231,10.00930735930736,0.07467024280067752
31,0,Travel_Rarely,Sales,24,3,Life Sciences,64,Male,2,Healthcare Representative,Divorced,10810,4.0,11,3,13.0,4,7,1,7,4,3,4.0,4.0,3.0,6.607014174668495,0.2947691705712396,243,9.98278463648834,0.0907343166041257
32,0,Travel_Rarely,Research & Development,7,3,Technical Degree,65,Male,2,Healthcare Representative,Single,24720,7.0,13,0,10.0,2,7,0,7,3,3,1.0,4.0,2.0,7.497914908579466,0.2832914658104325,237,9.987834036568215,0.08343304766899491
28,1,Travel_Rarely,Research & Development,9,4,Medical,66,Male,1,Sales Executive,Married,56730,5.0,14,1,5.0,4,3,2,2,2,3,1.0,4.0,2.0,10.727235717498877,0.2729194524850313,247,10.007287449392713,0.07742861035223038
30,0,Travel_Rarely,Research & Development,13,3,Life Sciences,67,Female,4,Research Director,Married,41970,1.0,13,0,11.0,3,10,1,9,3,3,4.0,4.0,3.0,6.184816810344828,0.30135470770984446,232,9.996336206896553,0.08122389224759917
31,0,Travel_Frequently,Research & Development,2,1,Life Sciences,68,Female,1,Manager,Married,97130,1.0,17,0,10.0,5,10,8,9,2,3,3.0,3.0,3.0,6.609300048947627,0.2789062847518742,227,10.01145374449339,0.07851375731507108
39,0,Travel_Frequently,Research & Development,19,4,Medical,69,Female,1,Research Scientist,Married,20620,1.0,13,0,21.0,4,21,13,3,3,3,3.0,4.0,3.0,6.07624634502924,0.28049765384421893,228,10.020175438596493,0.07642424710822575
39,1,Travel_Rarely,Research & Development,1,1,Medical,70,Female,1,Laboratory Technician,Married,42840,4.0,17,1,12.0,0,1,0,0,3,3,4.0,3.0,2.0,9.971745709123757,0.28548736032515265,246,9.99058265582656,0.08165584960271381
33,0,Travel_Frequently,Sales,4,2,Life Sciences,71,Male,4,Research Scientist,Single,47880,3.0,11,1,9.0,0,7,0,1,3,3,2.0,4.0,2.0,7.42145202020202,0.2917561304865799,242,10.002134986225897,0.07759915736009664
47,0,Travel_Rarely,Research & Development,4,3,Life Sciences,72,Female,2,Healthcare Representative,Married,59060,4.0,23,0,21.0,4,3,1,1,4,4,4.0,3.0,3.0,6.493810013717422,0.2847527394155275,243,10.009670781893004,0.07639713634663128
43,0,Travel_Frequently,Research & Development,14,3,Medical,73,Female,5,Research Director,Divorced,38860,1.0,17,2,9.0,2,9,0,0,3,3,3.0,3.0,4.0,6.299470449172577,0.28455426562400893,235,10.024964539007092,0.08120934109231975
27,0,Non-Travel,Research & Development,2,3,Life Sciences,74,Male,1,Research Director,Married,168230,0.0,17,0,6.0,3,5,1,4,3,3,3.0,2.0,3.0,9.316973304473304,0.29133856258140395,231,10.028210678210678,0.07378161532509361
54,0,Travel_Frequently,Research & Development,1,4,Life Sciences,75,Male,2,Research Scientist,Single,29330,3.0,12,2,20.0,2,4,0,3,3,3,4.0,3.0,2.0,6.097862787356322,0.2879511325468833,232,9.99719827586207,0.08168644055497506
43,0,Travel_Rarely,Research & Development,7,2,Life Sciences,76,Female,2,Manager,Married,65000,8.0,23,0,10.0,3,1,0,0,3,4,3.0,1.0,2.0,7.217327264239029,0.2859770280849068,238,10.017016806722689,0.08081680140410596
45,0,Travel_Rarely,Sales,3,1,Marketing,77,Female,1,Sales Executive,Married,171740,9.0,14,1,12.0,6,10,9,8,3,3,4.0,4.0,3.0,7.100070018365472,0.30205774991902246,242,10.003305785123965,0.0835159973937794
40,0,Travel_Rarely,Research & Development,2,4,Other,78,Male,4,Research Scientist,Married,50330,2.0,14,2,6.0,6,4,0,2,3,3,2.0,4.0,2.0,9.914107744107746,0.29829207572720867,231,10.00064935064935,0.09549112240416589
29,1,Travel_Rarely,Research & Development,29,3,Medical,79,Female,1,Research Scientist,Married,23070,1.0,13,1,7.0,0,7,0,7,3,3,2.0,1.0,2.0,10.477788647342997,0.3013667810340338,230,9.97876811594203,0.08244025167183504
29,0,Travel_Rarely,Human Resources,8,3,Medical,80,Male,3,Sales Representative,Single,25870,0.0,22,2,4.0,3,3,2,2,3,4,2.0,4.0,3.0,6.906938633193863,0.2945512458116299,239,10.001952580195258,0.06899710511819793
30,0,Travel_Rarely,Research & Development,10,3,Life Sciences,81,Male,2,Research Scientist,Divorced,55070,1.0,12,2,10.0,2,10,1,2,2,3,4.0,3.0,3.0,7.58909243295019,0.30339471163352477,232,9.980890804597701,0.07400795724071589
27,0,Travel_Rarely,Research & Development,11,2,Medical,82,Male,1,Manager,Married,43930,1.0,18,1,8.0,2,8,0,7,2,3,2.0,2.0,3.0,6.079724499089253,0.29434181333727294,244,9.98681693989071,0.08151616388195522
37,0,Travel_Rarely,Sales,1,4,Life Sciences,83,Male,2,Healthcare Representative,Divorced,133480,7.0,14,0,8.0,4,6,0,4,3,3,4.0,4.0,2.0,6.001112288135593,0.2869876466163705,236,9.990607344632767,0.07795277377088593
38,0,Travel_Rarely,Research & Development,28,4,Medical,84,Male,1,Laboratory Technician,Divorced,65830,0.0,12,0,12.0,1,11,2,9,3,3,3.0,4.0,3.0,8.983123278236915,0.30337051660835973,242,10.018870523415977,0.07994671345670969
31,0,Travel_Rarely,Research & Development,6,3,Medical,85,Female,3,Manager,Single,81030,1.0,15,1,11.0,5,11,4,10,3,3,3.0,4.0,3.0,10.426184640522877,0.3131386822963048,238,9.970448179271706,0.07701564451378298
29,0,Travel_Rarely,Research & Development,3,4,Life Sciences,86,Male,3,Sales Executive,Divorced,39780,1.0,11,0,7.0,0,7,1,7,3,3,4.0,2.0,3.0,8.387526183970857,0.27280974179862133,244,9.971448087431694,0.08282112257977474
35,0,Travel_Rarely,Sales,16,2,Technical Degree,87,Male,3,Manager,Single,25440,0.0,13,1,17.0,3,16,0,13,4,3,3.0,2.0,3.0,7.9120386266094425,0.29151719521946007,233,9.949785407725322,0.07735986754476838
23,0,Travel_Rarely,Research & Development,20,4,Life Sciences,88,Male,1,Manufacturing Director,Divorced,53990,1.0,23,0,4.0,2,4,0,2,2,4,3.0,4.0,2.0,7.105291842475386,0.29158108857541093,237,10.009774964838256,0.07320795291107476
41,0,Travel_Rarely,Research & Development,9,2,Life Sciences,89,Female,1,Laboratory Technician,Single,54870,6.0,19,2,8.0,0,5,1,2,3,3,4.0,2.0,3.0,9.688633193863318,0.28638678186526173,239,10.008019525801952,0.08227551969183758
47,0,Travel_Frequently,Sales,1,3,Medical,90,Female,2,Laboratory Technician,Single,68340,3.0,16,1,5.0,2,0,0,0,4,3,2.0,3.0,3.0,7.770347512784752,0.30132601252487057,239,9.980892608089261,0.0860199281944298
42,0,Travel_Rarely,Research & Development,3,4,Life Sciences,91,Male,1,Manager,Single,10910,2.0,22,0,16.0,0,1,0,0,1,4,1.0,4.0,3.0,6.284280356305673,0.2970647525484169,237,9.992756680731366,0.07261091841680767
29,0,Non-Travel,Sales,22,4,Marketing,92,Male,2,Human Resources,Married,57360,1.0,22,0,4.0,1,4,0,2,2,4,4.0,3.0,2.0,6.306108726752504,0.3147514859255347,233,10.010228898426323,0.08577015810764145
42,0,Travel_Rarely,Sales,7,4,Medical,93,Male,3,Research Scientist,Divorced,22260,0.0,12,1,4.0,3,3,1,0,2,3,3.0,3.0,3.0,8.831585038986356,0.3114763351845715,228,10.00701754385965,0.07635288662184096
32,0,Travel_Rarely,Research & Development,2,3,Medical,94,Male,2,Research Scientist,Married,57470,1.0,13,0,8.0,0,8,0,7,3,3,3.0,2.0,3.0,7.722377344877344,0.3036703829425293,231,9.993145743145744,0.07692745257962648
48,0,Travel_Rarely,Sales,13,4,Medical,95,Male,4,Sales Executive,Married,98540,3.0,16,1,15.0,2,0,0,0,2,3,1.0,3.0,1.0,7.317479732951836,0.27137361607337074,233,9.96874105865522,0.07911325497837622
37,0,Travel_Rarely,Research & Development,8,5,Technical Degree,96,Male,2,Manufacturing Director,Divorced,54670,4.0,12,0,13.0,2,7,6,7,3,3,3.0,1.0,3.0,10.798262483130904,0.29561628875902063,247,9.971457489878542,0.07139181469412528
30,0,Non-Travel,Sales,25,4,Other,97,Male,1,Healthcare Representative,Married,53800,7.0,21,1,4.0,0,2,2,2,3,4,4.0,3.0,4.0,10.40136394557823,0.30439825025914785,245,9.96421768707483,0.07774443329244274
26,0,Travel_Rarely,Sales,28,3,Medical,98,Female,5,Laboratory Technician,Married,51510,1.0,15,3,8.0,3,8,7,7,3,3,3.0,3.0,3.0,5.994326703246457,0.30340839593398033,243,9.98792866941015,0.07806304723251976
42,0,Travel_Rarely,Sales,2,2,Medical,99,Female,1,Laboratory Technician,Single,21330,3.0,13,2,14.0,2,1,0,0,3,3,1.0,4.0,3.0,6.113110181311018,0.3217773044744212,239,9.979707112970711,0.0728742836046552
21,1,Travel_Frequently,Research & Development,9,3,Medical,100,Female,4,Manufacturing Director,Single,178750,1.0,12,0,3.0,5,3,1,2,2,3,1.0,2.0,3.0,8.133578096539162,0.29798672109285385,244,9.990983606557378,0.06340716753993426
36,0,Non-Travel,Human Resources,28,3,Human Resources,101,Male,2,Laboratory Technician,Single,24320,4.0,22,0,7.0,4,1,0,0,1,4,4.0,4.0,3.0,7.306164990421457,0.3227369368620735,232,9.965158045977011,0.08068434239770443
36,0,Travel_Frequently,Research & Development,6,3,Life Sciences,102,Female,2,Research Scientist,Married,47710,4.0,13,1,16.0,2,13,1,12,3,3,1.0,4.0,3.0,7.105030345471522,0.30524523685129673,238,9.98578431372549,0.08008890405670013
57,0,Travel_Rarely,Research & Development,21,4,Life Sciences,103,Male,5,Research Scientist,Married,191610,2.0,18,0,15.0,2,3,1,2,1,3,4.0,3.0,3.0,6.327729314420803,0.2956968539244837,235,9.998368794326241,0.06760535248833113
40,0,Travel_Rarely,Research & Development,8,3,Other,104,Male,2,Sales Executive,Married,50870,3.0,14,1,10.0,3,7,1,7,3,3,4.0,3.0,3.0,8.1285121602289,0.28617380734026254,233,9.993562231759658,0.08237216960189431
21,0,Non-Travel,Research & Development,1,5,Life Sciences,105,Female,2,Manager,Single,28630,1.0,14,0,3.0,2,3,2,2,1,3,1.0,4.0,2.0,7.98643255701116,0.2672601004984339,229,9.981077147016011,0.06941862024055763
33,1,Travel_Rarely,Human Resources,28,2,Human Resources,106,Female,5,Manager,Single,55610,1.0,21,1,1.0,3,1,0,0,1,4,4.0,3.0,3.0,10.509096921596921,0.3066504556629194,231,10.004906204906204,0.07354104188886801
37,0,Travel_Rarely,Research & Development,5,3,Life Sciences,107,Male,4,Research Scientist,Married,21440,6.0,19,0,17.0,3,5,0,3,4,3,3.0,1.0,3.0,7.9932840307840305,0.29180222621727353,231,9.99935064935065,0.06867469728339301
46,0,Non-Travel,Sales,2,4,Marketing,108,Female,2,Laboratory Technician,Married,30650,2.0,11,0,7.0,3,1,0,0,3,3,3.0,3.0,4.0,6.103653752436647,0.27607424627862437,228,9.988596491228073,0.08053996960094804
41,1,Travel_Frequently,Research & Development,16,1,Medical,109,Female,1,Research Scientist,Single,28100,1.0,11,0,8.0,3,8,7,7,4,3,1.0,2.0,3.0,7.587908917501192,0.28092136449258004,233,9.989628040057223,0.0863969874862283
50,0,Travel_Rarely,Research & Development,9,3,Medical,110,Female,3,Laboratory Technician,Single,98880,6.0,15,0,20.0,2,4,1,3,3,3,4.0,4.0,3.0,6.890321256038647,0.30409371562924786,230,9.983333333333334,0.07253032508491022
40,1,Travel_Rarely,Research & Development,8,3,Medical,111,Female,1,Healthcare Representative,Married,86280,2.0,20,0,8.0,2,6,1,0,2,4,3.0,3.0,3.0,9.295999525166192,0.31919778281399236,234,9.970726495726494,0.07233323245662295
31,0,Travel_Rarely,Research & Development,1,3,Life Sciences,112,Male,4,Human Resources,Single,28670,0.0,24,0,3.0,5,2,2,2,3,4,3.0,2.0,3.0,10.806078364950316,0.28263561082261174,246,9.97459349593496,0.0848087909960733
21,1,Travel_Rarely,Human Resources,10,2,Human Resources,113,Male,1,Laboratory Technician,Single,53730,1.0,12,1,1.0,2,1,0,0,3,3,3.0,2.0,3.0,5.995219806763284,0.3117684071979396,230,9.997463768115944,0.08230431090859228
29,0,Travel_Rarely,Research & Development,1,3,Life Sciences,114,Female,2,Research Director,Single,66670,9.0,12,1,6.0,6,3,1,2,4,3,4.0,4.0,3.0,7.788609977324264,0.2951812462886466,245,10.000204081632655,0.0795229545370061
35,0,Travel_Rarely,Research & Development,29,3,Life Sciences,115,Female,3,Sales Executive,Single,50030,9.0,15,0,10.0,2,1,0,0,3,3,3.0,2.0,3.0,7.71770715630885,0.27487787766799116,236,9.975706214689264,0.07279264334655612
28,0,Travel_Rarely,Research & Development,2,2,Medical,117,Male,3,Manager,Single,28580,1.0,12,0,7.0,2,7,0,7,2,3,2.0,4.0,3.0,7.120614224137931,0.32458149170593625,232,9.955316091954023,0.08196055381400214
49,0,Travel_Rarely,Sales,2,3,Technical Degree,118,Male,2,Manufacturing Director,Single,52040,8.0,14,1,26.0,3,5,0,0,3,3,2.0,3.0,3.0,7.825193287037036,0.2762058666416946,240,9.983055555555556,0.08505338602200535
51,0,Travel_Rarely,Research & Development,1,2,Life Sciences,119,Male,1,Sales Executive,Married,41050,4.0,22,1,18.0,2,7,0,7,3,4,3.0,4.0,2.0,7.619401803118908,0.30802908817850466,228,9.986476608187136,0.07640343900009447
36,0,Travel_Rarely,Sales,15,2,Life Sciences,120,Male,1,Sales Executive,Married,96790,4.0,12,0,6.0,1,2,2,2,3,3,4.0,3.0,3.0,6.002463200379866,0.2793863492279388,234,10.002635327635328,0.08137952977187597
34,1,Non-Travel,Research & Development,7,3,Life Sciences,121,Male,1,Sales Representative,Single,56170,8.0,25,1,9.0,3,5,0,4,3,4,1.0,4.0,2.0,9.11312647754137,0.2968061611407183,235,9.982411347517731,0.06817934573962948
55,0,Travel_Rarely,Sales,26,3,Marketing,122,Male,1,Laboratory Technician,Single,104480,2.0,13,0,30.0,3,5,1,2,3,3,3.0,4.0,3.0,8.684139595103577,0.3230686032698425,236,9.969985875706216,0.07691210381856782
24,0,Travel_Rarely,Research & Development,1,3,Life Sciences,123,Female,5,Manager,Divorced,28970,1.0,18,3,5.0,4,5,0,3,3,3,4.0,3.0,4.0,9.993131642512077,0.2929671106647453,230,10.003985507246377,0.08298380376769397
30,0,Travel_Rarely,Research & Development,3,3,Life Sciences,124,Female,2,Manager,Married,59680,1.0,13,0,1.0,3,1,0,0,3,3,3.0,2.0,3.0,6.900539923039923,0.2847968585269349,231,9.989754689754688,0.08440423907815212
26,1,Travel_Frequently,Sales,14,3,Life Sciences,125,Male,2,Manager,Single,75100,0.0,18,3,7.0,3,6,0,4,3,3,3.0,3.0,3.0,6.99935763888889,0.3041732805740806,240,9.97173611111111,0.08239748469704015
22,0,Travel_Rarely,Research & Development,16,5,Other,126,Male,1,Research Scientist,Married,29910,1.0,19,2,2.0,3,2,1,2,2,3,1.0,2.0,3.0,6.2862301587301594,0.31405419879121377,231,9.97135642135642,0.07674723424723419
36,0,Travel_Rarely,Research & Development,1,3,Medical,127,Female,5,Healthcare Representative,Married,196360,1.0,12,1,10.0,3,10,9,0,3,3,2.0,3.0,3.0,6.3661511299435025,0.3056084765592565,236,9.956709039548022,0.07282831970990121
30,1,Travel_Frequently,Sales,3,2,Marketing,128,Male,3,Research Scientist,Single,11290,9.0,19,0,3.0,2,1,0,0,2,3,3.0,4.0,3.0,8.19166087962963,0.29711573500497895,240,9.966805555555556,0.08058110568727721
37,0,Travel_Rarely,Research & Development,10,1,Technical Degree,129,Male,1,Sales Executive,Divorced,133410,1.0,14,1,18.0,3,18,12,17,3,3,4.0,1.0,2.0,6.4520891203703705,0.31514312200477523,240,9.978472222222221,0.08654065938323252
40,0,Travel_Rarely,Research & Development,6,2,Medical,130,Male,3,Research Scientist,Divorced,43320,7.0,14,2,8.0,3,5,1,3,2,3,4.0,2.0,3.0,6.682986714975844,0.30170110621989765,230,9.99644927536232,0.07604871527118531
42,0,Travel_Rarely,Research & Development,2,3,Medical,131,Female,4,Manager,Divorced,110310,3.0,12,1,8.0,2,5,1,2,2,3,2.0,1.0,3.0,7.4826477541371155,0.29140090801925084,235,9.968156028368794,0.08797141904588722
37,0,Travel_Rarely,Sales,9,1,Marketing,132,Male,3,Sales Executive,Single,44400,2.0,11,1,18.0,3,1,0,1,2,3,3.0,2.0,2.0,9.920131519274378,0.3128869861899561,245,9.975714285714286,0.07970719489981783
43,0,Travel_Rarely,Sales,10,2,Life Sciences,133,Female,1,Sales Executive,Divorced,46170,1.0,11,0,25.0,2,25,3,9,3,3,1.0,2.0,3.0,7.415638297872341,0.29371370308267924,235,9.990141843971632,0.07488459517892132
40,0,Travel_Rarely,Sales,6,2,Life Sciences,134,Female,1,Laboratory Technician,Married,26470,6.0,13,0,20.0,2,1,0,0,2,3,2.0,3.0,3.0,7.4953384687208215,0.29529781765925706,238,9.974369747899159,0.0811898261414271
54,0,Travel_Rarely,Human Resources,9,3,Life Sciences,135,Female,2,Manufacturing Director,Married,63230,4.0,23,1,24.0,2,4,1,2,2,4,1.0,1.0,2.0,5.998969652471855,0.2875468261702452,227,10.01138032305433,0.08550044615977724
34,0,Non-Travel,Research & Development,28,3,Medical,136,Male,1,Laboratory Technician,Married,56770,9.0,20,1,6.0,3,3,1,2,3,4,3.0,3.0,3.0,6.85954534662868,0.27368849688605335,234,9.997934472934475,0.07786290651276342
31,0,Travel_Rarely,Research & Development,10,4,Life Sciences,137,Male,3,Sales Executive,Married,21870,1.0,15,1,13.0,2,13,3,12,2,3,2.0,1.0,1.0,6.131909722222222,0.30078883881690965,232,9.987284482758621,0.07067094902224204
43,0,Travel_Rarely,Sales,27,4,Life Sciences,139,Male,2,Sales Representative,Divorced,39770,4.0,18,1,8.0,3,5,0,2,3,3,3.0,3.0,3.0,8.878969421101775,0.30483866857334274,238,9.986344537815127,0.0771111475532548
25,0,Travel_Rarely,Human Resources,7,2,Human Resources,140,Male,1,Manufacturing Director,Single,86330,1.0,19,1,5.0,2,5,1,3,4,3,2.0,4.0,3.0,10.895845306513408,0.30355949410050687,232,9.984913793103448,0.08154150287770971
37,0,Non-Travel,Research & Development,1,3,Medical,141,Male,3,Laboratory Technician,Married,20080,3.0,22,0,15.0,5,13,10,7,2,4,2.0,3.0,3.0,10.692001669051026,0.316739645351325,233,9.975107296137338,0.07745957895515758
31,0,Travel_Rarely,Research & Development,24,1,Medical,142,Male,3,Laboratory Technician,Married,44400,1.0,13,1,4.0,2,4,3,2,3,3,4.0,1.0,3.0,7.060316091954023,0.3016817394025222,232,10.039583333333333,0.06857428451178459
39,0,Travel_Frequently,Research & Development,26,4,Technical Degree,143,Female,1,Sales Executive,Divorced,30670,1.0,20,1,21.0,5,21,1,6,1,4,2.0,3.0,3.0,9.009179138321995,0.2940221428307152,245,9.98204081632653,0.07726038994832901
56,0,Travel_Frequently,Research & Development,20,4,Life Sciences,144,Female,3,Sales Executive,Married,53210,9.0,14,0,36.0,1,7,7,7,3,3,3.0,1.0,2.0,7.420447466294746,0.29496710786656777,239,10.01548117154812,0.0656580191351296
30,0,Travel_Rarely,Sales,5,4,Medical,145,Female,2,Manufacturing Director,Single,54100,0.0,17,1,6.0,2,5,4,4,3,3,2.0,3.0,3.0,7.585973922902495,0.30440186926877477,245,9.990748299319728,0.07652607709750563
41,0,Travel_Rarely,Research & Development,7,3,Technical Degree,146,Female,3,Research Scientist,Married,27820,1.0,14,0,10.0,2,10,0,7,2,3,2.0,1.0,3.0,6.624136698939603,0.3178489145537028,241,9.97600276625173,0.0736636314737975
28,0,Travel_Rarely,Research & Development,7,3,Medical,147,Male,3,Healthcare Representative,Divorced,119570,1.0,13,0,10.0,2,10,1,8,2,3,3.0,1.0,3.0,6.192764830508475,0.3179692820147781,236,10.000353107344631,0.07159443743238371
25,1,Travel_Rarely,Research & Development,5,2,Life Sciences,148,Female,3,Laboratory Technician,Married,26600,5.0,13,0,6.0,3,2,0,2,3,3,1.0,1.0,3.0,6.472303436911488,0.3119169027133294,236,9.99710451977401,0.07784146231518212
52,0,Travel_Rarely,Research & Development,26,2,Life Sciences,149,Female,2,Sales Representative,Married,33750,2.0,21,0,28.0,2,5,0,4,2,4,4.0,3.0,3.0,8.195051440329218,0.3105541185251595,243,9.993964334705076,0.07976828706065517
45,0,Travel_Rarely,Research & Development,2,3,Medical,150,Female,1,Sales Executive,Married,50980,3.0,14,1,8.0,4,2,0,2,3,3,1.0,4.0,2.0,6.787695733708392,0.27174606529819867,237,9.991139240506328,0.08804262318529642
52,0,Travel_Rarely,Research & Development,12,3,Medical,151,Male,2,Research Scientist,Married,48780,2.0,11,1,31.0,3,5,1,4,3,3,4.0,4.0,1.0,7.302139479905438,0.30308337903294846,235,10.006241134751773,0.07773153704713993
42,0,Travel_Frequently,Sales,10,3,Marketing,152,Female,2,Healthcare Representative,Divorced,28370,2.0,13,1,19.0,0,5,0,2,2,3,1.0,3.0,3.0,6.822407010014305,0.30882079032087045,233,9.97904148783977,0.07768983399930945
30,0,Travel_Rarely,Sales,25,3,Marketing,153,Male,1,Sales Executive,Single,24060,2.0,20,1,11.0,5,5,0,2,3,4,3.0,4.0,3.0,7.322458937198068,0.2980406645064434,230,9.988550724637681,0.07927882201548427
60,0,Travel_Rarely,Research & Development,10,3,Life Sciences,154,Female,1,Manufacturing Director,Married,22690,5.0,18,1,33.0,4,29,11,10,3,3,1.0,1.0,1.0,6.164361829501916,0.31438215916542167,232,9.990229885057472,0.07925959098372894
46,0,Travel_Rarely,Sales,19,4,Marketing,155,Female,1,Sales Executive,Divorced,41080,2.0,14,0,19.0,5,10,0,8,2,3,3.0,3.0,2.0,7.610284810126583,0.29380366677300157,237,10.009353023909986,0.07071841204001689
42,0,Travel_Frequently,Research & Development,18,4,Technical Degree,156,Male,4,Sales Executive,Married,132060,0.0,13,2,7.0,2,6,0,4,3,3,4.0,4.0,4.0,6.5951353874883285,0.3182953779986334,238,9.964775910364146,0.08544061998920521
24,1,Travel_Rarely,Research & Development,27,2,Medical,157,Male,1,Research Scientist,Single,104220,1.0,17,1,6.0,0,5,1,4,2,3,1.0,2.0,3.0,10.648925376647835,0.2978148655761136,236,10.01271186440678,0.07819705894137913
34,1,Travel_Frequently,Research & Development,5,3,Medical,158,Male,2,Research Scientist,Divorced,137440,0.0,20,1,3.0,3,2,1,0,3,4,4.0,3.0,2.0,6.20442731277533,0.2823785384971704,227,9.995374449339206,0.06818770331674316
38,0,Travel_Frequently,Sales,3,3,Marketing,159,Female,2,Sales Executive,Married,49070,1.0,11,1,1.0,3,1,0,0,3,3,4.0,4.0,3.0,8.591902250351618,0.3000731063992163,237,10.01336146272855,0.06749491445962147
40,0,Travel_Rarely,Sales,26,4,Marketing,160,Female,1,Sales Executive,Married,34820,0.0,18,1,21.0,2,20,1,12,2,3,3.0,3.0,3.0,6.001353864734299,0.29485160353289847,230,9.98768115942029,0.07903972322426858
26,0,Travel_Rarely,Research & Development,3,2,Medical,161,Female,4,Healthcare Representative,Divorced,24360,1.0,24,0,3.0,2,3,0,2,4,4,1.0,4.0,1.0,6.281751101321586,0.30602119813204565,227,9.995594713656388,0.06874402773987577
30,0,Non-Travel,Research & Development,15,3,Medical,162,Female,2,Sales Executive,Married,23800,4.0,18,3,9.0,2,5,1,4,2,3,3.0,4.0,1.0,7.9055698005698,0.28420741249501486,234,9.994800569800569,0.07463546315656469
29,0,Travel_Rarely,Research & Development,8,3,Medical,163,Female,3,Manufacturing Director,Married,194310,1.0,11,0,10.0,3,10,0,7,3,3,2.0,3.0,3.0,7.175699035812673,0.29152067546179045,242,10.019628099173554,0.09409331432011542
29,1,Travel_Rarely,Research & Development,19,4,Life Sciences,164,Male,3,Research Scientist,Married,17900,5.0,16,1,6.0,4,2,1,1,2,3,3.0,2.0,4.0,6.651255274261604,0.30651568419373354,237,10.007243319268635,0.07734255683488679
19,1,Travel_Rarely,Research & Development,4,3,Medical,165,Male,1,Sales Executive,Single,76440,1.0,15,2,1.0,2,1,0,0,3,3,1.0,4.0,4.0,7.906068376068376,0.30984151739696986,234,10.041025641025643,0.07590147096584861
30,0,Non-Travel,Research & Development,2,4,Life Sciences,166,Female,3,Research Scientist,Married,51310,0.0,15,1,10.0,2,9,7,8,3,3,3.0,1.0,3.0,6.718815667131567,0.3106013054865066,239,10.010251046025104,0.07893625790623081
57,0,Travel_Rarely,Research & Development,2,2,Life Sciences,167,Male,4,Research Scientist,Divorced,63060,3.0,12,1,32.0,3,1,0,0,3,3,1.0,4.0,2.0,6.290588023088023,0.3221292197973265,231,9.97994227994228,0.07419738795825755
50,0,Travel_Rarely,Sales,10,4,Life Sciences,168,Female,3,Manager,Married,47870,0.0,12,0,28.0,3,27,15,7,3,3,2.0,3.0,3.0,7.178114997713763,0.2879177720771033,243,9.970781893004116,0.07373184709043298
30,0,Non-Travel,Sales,10,2,Life Sciences,169,Male,3,Laboratory Technician,Single,188800,0.0,22,1,12.0,3,11,6,7,3,4,3.0,4.0,2.0,6.286431712962963,0.3185341462132187,240,9.994722222222224,0.07639927165659394
60,0,Travel_Frequently,Research & Development,16,3,Life Sciences,170,Female,4,Laboratory Technician,Married,23390,4.0,20,0,22.0,4,18,13,11,3,4,3.0,1.0,4.0,7.217978595478596,0.28735907201313404,231,10.00180375180375,0.07642306083610438
47,0,Travel_Rarely,Research & Development,1,3,Technical Degree,171,Male,5,Manufacturing Director,Divorced,135700,5.0,16,2,20.0,2,5,0,4,2,3,1.0,4.0,3.0,7.809089371980676,0.30007503632329136,230,10.014420289855073,0.08333675611248233
46,0,Travel_Rarely,Sales,4,1,Technical Degree,172,Male,1,Laboratory Technician,Married,67120,6.0,21,1,26.0,3,3,0,1,2,4,1.0,3.0,1.0,6.805152662993573,0.32238012016606193,242,9.9698347107438,0.08073911502806248
35,0,Travel_Rarely,Research & Development,15,2,Medical,173,Female,2,Laboratory Technician,Single,54060,0.0,12,1,6.0,2,5,4,3,3,3,4.0,3.0,3.0,6.484045584045584,0.2916407143451175,234,9.97065527065527,0.07092584440939233
54,0,Travel_Rarely,Research & Development,2,4,Medical,174,Male,2,Human Resources,Single,89380,7.0,11,3,19.0,2,1,0,0,3,3,3.0,3.0,3.0,7.651214845550945,0.31204439235515236,241,9.990387275242048,0.07385049754110957
34,0,Travel_Rarely,Sales,8,2,Life Sciences,175,Male,1,Laboratory Technician,Divorced,24390,3.0,11,2,14.0,2,7,5,7,4,3,4.0,3.0,3.0,7.585962725546059,0.28253723599127895,234,9.996296296296297,0.07697716314311456
46,0,Travel_Rarely,Research & Development,2,3,Life Sciences,176,Male,1,Healthcare Representative,Married,88370,2.0,18,0,15.0,3,3,1,2,2,3,3.0,4.0,3.0,9.179540598290597,0.2802815078690474,234,9.994159544159544,0.07916698254323438
31,0,Travel_Rarely,Research & Development,7,3,Life Sciences,177,Male,2,Research Director,Divorced,53430,1.0,14,1,13.0,3,13,0,8,3,3,3.0,2.0,4.0,6.378153248587569,0.28618088605527325,236,9.967937853107346,0.07139317626317271
33,1,Travel_Rarely,Research & Development,10,3,Life Sciences,178,Female,4,Research Director,Married,67280,7.0,22,0,15.0,2,7,7,7,2,4,2.0,3.0,4.0,8.47764719848053,0.2842555600241883,234,9.988603988603987,0.07578993596876285
33,1,Travel_Rarely,Sales,5,4,Marketing,179,Male,2,Research Director,Divorced,66520,7.0,25,0,8.0,5,4,1,3,3,4,1.0,4.0,3.0,6.9651218123861565,0.31139881228249,244,9.98155737704918,0.08041978681778321
30,0,Travel_Rarely,Research & Development,2,3,Life Sciences,180,Male,1,Sales Executive,Single,48500,0.0,12,1,4.0,4,3,1,2,3,3,4.0,2.0,3.0,6.474620792992162,0.32824060910017666,241,9.957399723374825,0.07169154372214542
35,0,Travel_Rarely,Research & Development,12,2,Medical,181,Female,2,Sales Representative,Married,28090,4.0,23,1,10.0,2,8,0,0,1,4,4.0,3.0,3.0,8.876004361799817,0.29133335982979885,242,10.018044077134986,0.07752460478035732
31,1,Travel_Frequently,Research & Development,22,2,Medical,182,Female,2,Sales Executive,Married,56890,3.0,15,2,12.0,2,1,0,0,2,3,1.0,3.0,3.0,6.58834186159844,0.29526113476195787,228,10.021198830409356,0.07477623635692249
34,1,Travel_Frequently,Sales,17,1,Marketing,183,Male,1,Research Director,Divorced,20010,9.0,22,1,11.0,5,3,0,2,4,4,2.0,1.0,3.0,10.995573136427566,0.2986388394533271,237,10.019620253164556,0.07542438437149872
42,0,Travel_Frequently,Research & Development,2,4,Medical,184,Female,1,Research Scientist,Married,29770,4.0,15,3,8.0,3,2,2,0,2,3,2.0,3.0,3.0,7.810652071563088,0.28456461561220514,236,9.996327683615819,0.08305974275754294
36,0,Non-Travel,Research & Development,3,4,Medical,185,Male,1,Research Scientist,Single,40250,1.0,11,0,10.0,3,10,9,7,3,3,2.0,4.0,2.0,7.22925660291439,0.25628267355268974,244,9.9801912568306,0.07904587090632424
22,1,Travel_Frequently,Research & Development,7,3,Medical,186,Female,2,Laboratory Technician,Single,37850,5.0,13,2,4.0,2,2,1,2,3,3,3.0,3.0,3.0,6.419389838556505,0.3048313332581923,234,9.98846153846154,0.07162356479953047
48,0,Travel_Rarely,Research & Development,6,3,Medical,187,Male,1,Laboratory Technician,Married,108540,2.0,14,1,14.0,6,9,6,7,3,3,2.0,4.0,3.0,6.779623617123617,0.2994557803572176,231,9.998773448773449,0.07648520400694313
55,0,Travel_Rarely,Research & Development,1,3,Medical,188,Female,1,Sales Executive,Single,120310,3.0,11,0,37.0,5,10,7,7,3,3,1.0,2.0,3.0,7.390809591642925,0.3011681292163029,234,9.987464387464387,0.06933669996617062
41,0,Non-Travel,Research & Development,3,2,Life Sciences,189,Female,2,Research Scientist,Single,99360,7.0,17,1,16.0,2,14,1,10,2,3,4.0,4.0,3.0,6.192049516908213,0.3000614469813834,230,10.015072463768115,0.08621045081534924
35,0,Travel_Rarely,Research & Development,22,3,Medical,190,Female,1,Sales Representative,Married,29660,9.0,18,0,15.0,2,11,6,9,2,3,2.0,3.0,3.0,6.0146602288984266,0.31991623518426304,233,10.01087267525036,0.07137552825876049
40,0,Travel_Rarely,Research & Development,15,3,Life Sciences,191,Female,2,Laboratory Technician,Single,25710,7.0,14,0,22.0,1,20,5,13,3,3,2.0,3.0,3.0,7.3010291438979955,0.2818507606039338,244,10.001707650273223,0.0854234551035553
39,0,Travel_Frequently,Research & Development,12,1,Medical,192,Male,1,Research Scientist,Married,99910,1.0,16,1,8.0,3,8,0,7,3,3,3.0,3.0,3.0,7.061997245179064,0.32285962479289626,242,9.972176308539943,0.0835402878273493
31,0,Travel_Rarely,Research & Development,1,4,Life Sciences,193,Male,3,Research Director,Single,61420,4.0,13,2,10.0,2,6,0,5,2,3,2.0,4.0,4.0,8.724735996326904,0.295011078368031,242,10.032851239669421,0.07994559419163336
42,0,Travel_Rarely,Research & Development,5,3,Medical,194,Male,3,Sales Executive,Married,53900,1.0,14,0,10.0,3,10,5,8,3,3,4.0,1.0,2.0,10.807604755178907,0.2977175428190616,236,9.98545197740113,0.08324135513082496
45,0,Travel_Rarely,Research & Development,2,1,Medical,195,Female,4,Sales Executive,Married,44040,0.0,23,0,9.0,2,8,3,7,3,4,4.0,2.0,4.0,7.41028883972468,0.2971609851774914,226,10.000294985250736,0.07624435704140715
26,1,Travel_Frequently,Research & Development,2,1,Life Sciences,196,Female,2,Laboratory Technician,Divorced,59930,0.0,12,0,8.0,3,7,1,0,3,3,3.0,3.0,2.0,9.190491803278686,0.287780729980473,244,10.000273224043715,0.08848643624397516
29,0,Travel_Rarely,Research & Development,5,3,Medical,197,Male,1,Research Scientist,Divorced,51300,4.0,11,0,8.0,3,3,1,2,2,3,4.0,4.0,4.0,7.393010477582846,0.29669901765405243,228,10.01454678362573,0.07813670020008416
33,0,Travel_Rarely,Research & Development,16,3,Medical,198,Female,1,Laboratory Technician,Divorced,20900,4.0,16,0,10.0,2,6,0,5,3,3,1.0,3.0,3.0,7.402587597971415,0.2820023191564981,241,9.982710926694327,0.06474150914399877
31,0,Travel_Rarely,Research & Development,2,4,Life Sciences,199,Female,1,Sales Executive,Divorced,29090,9.0,14,2,10.0,2,5,0,1,3,3,3.0,4.0,2.0,6.711708214624881,0.280948486959917,234,9.97457264957265,0.06705096107993107
18,1,Travel_Frequently,Research & Development,2,3,Technical Degree,200,Male,1,Sales Executive,Single,34680,1.0,18,2,0.0,4,0,0,0,4,3,2.0,2.0,3.0,9.230231673582296,0.3433030387124605,241,9.991701244813278,0.07213223259566613
40,0,Non-Travel,Research & Development,1,4,Technical Degree,201,Female,2,Laboratory Technician,Divorced,30680,3.0,19,0,20.0,3,1,0,1,2,3,3.0,1.0,3.0,6.880860065086006,0.2890133328280132,239,9.96910739191074,0.08593822884802454
41,0,Non-Travel,Research & Development,23,3,Life Sciences,202,Male,2,Manufacturing Director,Single,26700,2.0,15,2,10.0,2,8,0,7,2,3,1.0,3.0,3.0,9.292572463768117,0.29567596171625593,230,10.012246376811595,0.08498886673839202
26,0,Travel_Rarely,Research & Development,9,4,Medical,203,Male,3,Healthcare Representative,Divorced,26930,5.0,17,3,8.0,3,0,0,0,2,3,1.0,3.0,3.0,6.0161487142164,0.2759922639313227,229,9.997525473071326,0.0869407309515905
35,0,Travel_Rarely,Research & Development,16,4,Medical,204,Male,2,Human Resources,Single,95260,1.0,15,0,5.0,2,5,0,3,2,3,1.0,3.0,3.0,6.326000243664718,0.299526233634519,228,10.025365497076022,0.07302360542202299
34,0,Travel_Rarely,Research & Development,26,3,Medical,205,Male,1,Laboratory Technician,Single,52370,1.0,19,1,10.0,3,10,5,7,2,3,4.0,4.0,3.0,6.406121659634318,0.30397496767790194,237,10.00323488045007,0.068584123975939
26,1,Travel_Rarely,Sales,1,3,Marketing,206,Female,2,Manufacturing Director,Single,24260,1.0,22,0,1.0,3,1,0,0,1,4,3.0,4.0,1.0,8.751425846447306,0.2847639914668039,233,9.990486409155936,0.07972112253958855
37,0,Travel_Rarely,Research & Development,8,1,Life Sciences,207,Male,1,Sales Executive,Single,41930,4.0,16,1,12.0,5,6,1,2,3,3,2.0,4.0,4.0,7.389827546296297,0.3118246193670391,240,9.995555555555557,0.0721210289787696
46,0,Travel_Frequently,Research & Development,4,1,Medical,208,Male,5,Human Resources,Married,29110,5.0,13,0,28.0,3,2,1,2,3,3,1.0,3.0,2.0,6.196189083820663,0.28961301924246863,228,9.973611111111111,0.0788367800620002
41,0,Travel_Rarely,Research & Development,24,1,Life Sciences,209,Male,1,Research Director,Married,26610,7.0,14,1,22.0,2,18,11,8,3,3,2.0,1.0,3.0,7.706279637377963,0.29933413597986147,239,9.998047419804742,0.09160914993612498
37,0,Non-Travel,Research & Development,7,2,Medical,210,Male,1,Sales Executive,Divorced,20280,1.0,16,1,9.0,3,9,7,7,3,3,1.0,2.0,3.0,7.50663439372983,0.3000615145838678,241,9.966804979253112,0.06755322153065915
32,1,Non-Travel,Research & Development,7,2,Life Sciences,212,Female,2,Research Director,Married,32980,8.0,22,0,6.0,4,4,1,2,2,4,4.0,3.0,3.0,5.993242277547257,0.31645948545766256,241,9.977731673582296,0.07319649992315978
24,0,Travel_Frequently,Sales,22,3,Life Sciences,213,Female,1,Healthcare Representative,Married,29350,0.0,14,2,3.0,5,2,2,1,2,3,4.0,4.0,3.0,6.030856290174472,0.29455625217585796,242,10.005716253443525,0.07056769600951046
38,0,Travel_Rarely,Research & Development,5,3,Life Sciences,214,Female,1,Research Scientist,Married,154270,3.0,16,1,18.0,2,1,0,0,3,3,3.0,3.0,3.0,6.020102278010228,0.2940902792657779,239,10.044281729428171,0.0779807027413476
37,0,Travel_Rarely,Research & Development,1,4,Technical Degree,215,Female,5,Research Scientist,Married,39440,6.0,11,2,8.0,3,6,4,3,3,3,2.0,2.0,2.0,6.8990951711204875,0.2843612930396799,237,9.970675105485233,0.07893748957066914
49,0,Travel_Rarely,Sales,21,1,Life Sciences,216,Male,1,Sales Executive,Divorced,40110,1.0,18,2,31.0,2,31,0,9,1,3,4.0,3.0,3.0,10.781685108344858,0.2931508659616121,241,9.950622406639006,0.0783966017365914
24,0,Travel_Rarely,Sales,1,3,Marketing,217,Female,1,Sales Executive,Married,34070,1.0,15,2,6.0,2,6,1,4,2,3,2.0,4.0,3.0,8.983126503126503,0.3137197665088942,231,9.995743145743145,0.07654822552648645
26,0,Travel_Rarely,Research & Development,19,4,Technical Degree,218,Female,4,Sales Executive,Married,119940,1.0,14,1,6.0,6,5,1,4,3,3,1.0,2.0,4.0,7.383425160697888,0.30513395279556704,242,9.971349862258952,0.07072025422082005
24,0,Travel_Rarely,Sales,7,3,Medical,219,Female,1,Laboratory Technician,Married,12320,1.0,12,0,1.0,4,1,0,0,1,3,4.0,2.0,3.0,6.823666187739463,0.2863187864318864,232,10.013721264367817,0.07165675121494089
50,0,Travel_Frequently,Sales,2,2,Marketing,220,Male,1,Sales Executive,Married,29600,1.0,14,3,32.0,2,32,10,7,3,3,1.0,2.0,3.0,6.789116575591986,0.28167875824709737,244,9.988661202185794,0.08522298305186382
25,0,Travel_Rarely,Research & Development,2,3,Life Sciences,221,Male,1,Research Scientist,Married,190940,1.0,16,0,7.0,3,7,0,6,2,3,2.0,3.0,3.0,7.409312285854136,0.3274540635928948,227,10.016005873715125,0.07051701471460928
24,1,Travel_Frequently,Research & Development,2,3,Medical,222,Male,2,Research Scientist,Married,39190,1.0,21,0,6.0,3,6,1,2,3,4,1.0,3.0,3.0,10.82543586269196,0.3151125129124987,246,10.007046070460705,0.07889346090739811
30,1,Travel_Frequently,Research & Development,9,3,Other,223,Male,2,Healthcare Representative,Married,68250,1.0,14,0,1.0,2,1,0,0,3,3,2.0,1.0,4.0,6.877650214592275,0.3245835392200462,233,9.96244635193133,0.06971750489204612
34,0,Travel_Rarely,Sales,6,2,Life Sciences,224,Male,4,Research Director,Married,102480,1.0,12,1,6.0,4,6,1,3,3,3,2.0,4.0,3.0,8.906513949013949,0.3012751066290723,231,9.996969696969698,0.07015502854633288
31,1,Travel_Rarely,Research & Development,9,1,Medical,225,Female,1,Sales Representative,Divorced,189470,2.0,12,2,9.0,2,3,1,2,2,3,2.0,1.0,1.0,6.68345188284519,0.2919597158753185,239,10.014714086471407,0.06956666627599435
35,0,Travel_Rarely,Research & Development,2,3,Life Sciences,226,Female,5,Sales Executive,Single,24960,4.0,17,3,9.0,3,3,0,2,3,3,1.0,4.0,3.0,7.924495583449559,0.3034561684500244,239,9.982217573221757,0.07853283014740066
31,0,Travel_Rarely,Sales,1,3,Marketing,227,Female,2,Sales Executive,Divorced,64650,4.0,17,0,13.0,3,7,5,7,3,3,1.0,4.0,4.0,6.310503323836657,0.2952188261554834,234,9.960398860398861,0.08156283498200519
27,0,Travel_Rarely,Sales,22,4,Medical,228,Male,1,Sales Representative,Divorced,22060,0.0,14,1,6.0,4,5,0,3,3,3,1.0,3.0,2.0,7.887926545792654,0.28320777197578123,239,10.000069735006974,0.07242413143779124
37,0,Travel_Rarely,Sales,9,4,Marketing,229,Female,2,Laboratory Technician,Married,20860,4.0,14,0,17.0,3,3,1,0,3,3,4.0,3.0,2.0,8.882879515317788,0.28636113804698027,243,10.006241426611796,0.06912869812982043
20,0,Travel_Rarely,Research & Development,17,4,Medical,230,Female,1,Sales Representative,Single,22930,1.0,13,2,1.0,3,1,0,0,1,3,4.0,2.0,4.0,7.089900137741047,0.2918070134369822,242,9.989738292011019,0.07732279890569217
42,0,Travel_Rarely,Research & Development,28,4,Life Sciences,231,Female,2,Manufacturing Director,Married,26450,1.0,15,0,10.0,5,10,2,2,3,3,3.0,4.0,3.0,7.4908156028368795,0.32413766268825667,235,10.00822695035461,0.0822136044937464
43,0,Travel_Rarely,Research & Development,10,5,Technical Degree,232,Female,2,Sales Executive,Divorced,26830,4.0,11,0,21.0,3,1,0,0,3,3,2.0,4.0,2.0,8.685538548752834,0.3009985007024565,245,9.977687074829932,0.07154471952715509
38,0,Travel_Rarely,Human Resources,2,4,Medical,233,Male,1,Human Resources,Single,20140,3.0,17,1,8.0,5,0,0,0,4,3,3.0,1.0,2.0,6.802448347107438,0.30445392101866325,242,9.969283746556474,0.09171741938433742
43,0,Travel_Frequently,Sales,4,3,Medical,234,Female,2,Healthcare Representative,Divorced,34190,3.0,11,1,10.0,5,8,4,7,3,3,4.0,3.0,3.0,9.126422039323273,0.28425558501002934,243,9.999725651577503,0.08044987850823984
48,0,Travel_Rarely,Research & Development,8,1,Medical,235,Male,2,Laboratory Technician,Married,53760,7.0,13,1,21.0,3,3,0,2,4,3,4.0,1.0,1.0,7.0165869667135485,0.3048735757812059,237,9.972573839662447,0.07872672769315121
44,0,Travel_Rarely,Sales,29,4,Marketing,236,Male,2,Sales Executive,Single,19510,4.0,22,3,10.0,4,2,0,2,4,4,1.0,3.0,4.0,6.7042970272904485,0.2867032118891489,228,9.983552631578947,0.08335408777082205
34,0,Travel_Rarely,Research & Development,13,4,Life Sciences,237,Female,1,Laboratory Technician,Divorced,23410,1.0,20,2,8.0,3,8,0,6,2,4,3.0,3.0,3.0,8.402038626609443,0.2789393864600519,233,10.003075822603721,0.08626564221465811
27,1,Travel_Rarely,Sales,27,3,Life Sciences,238,Male,2,Research Scientist,Divorced,22930,0.0,18,0,5.0,0,4,0,2,3,3,3.0,1.0,3.0,6.483074151557415,0.2903134635836787,239,9.97949790794979,0.07117220249327069
21,0,Travel_Rarely,Sales,16,2,Life Sciences,239,Male,3,Sales Executive,Single,87260,1.0,11,1,3.0,2,3,1,2,1,3,3.0,3.0,3.0,7.233100241545894,0.3017672817259719,230,9.974202898550724,0.07797789169461847
44,0,Travel_Rarely,Research & Development,2,2,Life Sciences,240,Male,1,Laboratory Technician,Married,40110,4.0,14,1,26.0,2,2,0,1,3,3,4.0,4.0,4.0,8.690202020202019,0.3172995116267332,231,10.014646464646464,0.07943551456594936
22,0,Travel_Rarely,Research & Development,2,2,Medical,241,Female,2,Laboratory Technician,Married,195450,0.0,14,0,3.0,3,2,2,2,2,3,1.0,3.0,3.0,6.037342143906021,0.30205218941822604,227,9.992290748898679,0.07758410978129511
33,0,Travel_Rarely,Sales,13,4,Marketing,242,Female,2,Manufacturing Director,Divorced,45680,0.0,18,1,6.0,2,5,1,2,3,3,3.0,3.0,3.0,7.282165484633569,0.2928937625799609,235,10.038794326241135,0.07425898648239082
32,0,Travel_Rarely,Research & Development,1,1,Life Sciences,243,Female,1,Healthcare Representative,Married,30220,1.0,16,1,6.0,3,6,0,5,3,3,1.0,4.0,2.0,9.377237144168962,0.3080805113514693,242,10.004752066115705,0.07487474233089084
30,0,Travel_Frequently,Research & Development,4,5,Technical Degree,244,Male,3,Manager,Divorced,57720,1.0,17,0,1.0,3,1,0,0,3,3,3.0,3.0,3.0,7.309830051570557,0.28678381955667054,237,9.979746835443038,0.06606876802784326
53,0,Travel_Rarely,Research & Development,24,3,Other,245,Female,3,Manager,Single,22690,7.0,11,1,18.0,2,14,8,10,2,3,4.0,1.0,4.0,7.1137529550827425,0.2893825093293923,235,9.978794326241136,0.08800874906548661
34,0,Travel_Rarely,Research & Development,1,5,Medical,246,Male,1,Research Scientist,Married,53810,1.0,12,0,10.0,0,10,8,8,3,3,2.0,4.0,2.0,7.438477452347746,0.2810268963092574,239,9.988214783821478,0.06338176693271447
45,1,Travel_Frequently,Research & Development,19,4,Life Sciences,247,Male,3,Research Director,Married,34410,2.0,13,1,5.0,5,1,0,0,3,3,1.0,1.0,3.0,7.57411306042885,0.3206182193098591,228,9.973611111111111,0.07301201256322405
26,0,Travel_Rarely,Research & Development,7,2,Life Sciences,248,Male,1,Manufacturing Director,Married,54540,1.0,13,1,3.0,5,3,0,2,4,3,3.0,4.0,3.0,9.963191029143898,0.2919160064729405,244,10.004166666666666,0.06638288751714666
37,0,Travel_Rarely,Research & Development,4,3,Medical,249,Male,1,Manager,Married,98840,1.0,14,0,10.0,3,10,7,8,2,3,3.0,3.0,3.0,6.214981325863679,0.30846723086824723,238,9.983543417366947,0.08082156843046641
29,0,Travel_Rarely,Research & Development,2,3,Life Sciences,250,Female,1,Healthcare Representative,Married,41570,1.0,17,3,6.0,2,6,1,2,3,3,2.0,3.0,2.0,6.810724121557455,0.29373297506164386,234,10.012179487179488,0.07491420894317885
35,0,Travel_Rarely,Research & Development,10,5,Medical,251,Female,4,Laboratory Technician,Single,134580,1.0,11,0,17.0,3,17,11,8,3,3,2.0,4.0,3.0,6.655866150961088,0.3050293227361271,237,9.975949367088608,0.06446619704879736
33,0,Travel_Frequently,Research & Development,8,3,Technical Degree,252,Male,2,Laboratory Technician,Divorced,90690,3.0,25,1,15.0,3,13,4,7,3,4,3.0,4.0,1.0,7.514910468319559,0.3033660408814728,242,10.024793388429751,0.07790279254255103
54,0,Travel_Rarely,Research & Development,5,2,Life Sciences,253,Female,2,Sales Executive,Married,40140,2.0,19,1,16.0,4,9,7,1,2,3,3.0,2.0,4.0,6.40839790448343,0.3105918201483647,228,9.985087719298246,0.0802661205142078
36,0,Travel_Rarely,Research & Development,8,3,Life Sciences,254,Male,2,Research Scientist,Divorced,59150,2.0,13,1,13.0,3,3,0,2,2,3,2.0,2.0,3.0,10.702960618846696,0.288952552852816,237,9.980661040787622,0.08595092652188771
27,0,Travel_Rarely,Sales,9,3,Marketing,255,Male,5,Research Director,Single,59930,0.0,14,1,5.0,3,4,1,1,1,3,1.0,4.0,3.0,7.003219806763286,0.29698532777758585,230,9.984565217391303,0.08008702508280066
20,1,Travel_Rarely,Research & Development,1,3,Life Sciences,256,Male,5,Sales Representative,Single,61620,1.0,12,3,1.0,2,1,1,1,2,3,4.0,3.0,3.0,8.629089635854344,0.27930145620551056,238,9.965056022408964,0.07678009530113024
33,1,Travel_Frequently,Research & Development,15,4,Medical,257,Female,1,Laboratory Technician,Single,24060,1.0,11,0,10.0,3,10,9,7,3,3,1.0,1.0,3.0,10.40263888888889,0.31107487312234433,246,10.02608401084011,0.08095290175690878
35,0,Non-Travel,Research & Development,2,1,Medical,258,Male,1,Research Scientist,Married,187400,1.0,19,1,1.0,2,1,0,0,4,3,3.0,3.0,3.0,6.731132756132755,0.29383887036193024,231,9.997402597402598,0.0716236589497459
23,0,Travel_Rarely,Research & Development,2,3,Life Sciences,259,Male,1,Healthcare Representative,Married,76370,2.0,11,1,5.0,3,3,0,2,3,3,1.0,1.0,4.0,7.0899406457739795,0.30020720940852846,234,9.967378917378916,0.07125843186644326
25,0,Travel_Rarely,Research & Development,11,3,Medical,260,Male,2,Manufacturing Director,Married,100960,0.0,11,1,4.0,3,3,1,2,3,3,4.0,2.0,3.0,7.680787229137851,0.3096461724442491,241,9.999654218533886,0.082116778085139
38,0,Travel_Rarely,Research & Development,16,3,Life Sciences,261,Male,5,Research Scientist,Single,147560,0.0,20,1,8.0,3,7,0,5,2,4,4.0,4.0,3.0,6.798771808999081,0.3284698481683869,242,10.021969696969697,0.07935511756569848
29,0,Travel_Frequently,Sales,2,4,Life Sciences,262,Male,4,Healthcare Representative,Divorced,64990,1.0,18,3,10.0,3,10,2,8,2,3,2.0,4.0,3.0,7.80546943231441,0.2906267925382148,229,9.972634643377003,0.07037114711815923
48,0,Travel_Rarely,Research & Development,16,3,Technical Degree,263,Male,1,Sales Executive,Married,97240,3.0,13,0,12.0,2,2,2,2,4,3,2.0,2.0,3.0,7.0984033816425125,0.28680718040214004,230,9.986014492753624,0.08189113030820833
27,0,Travel_Frequently,Sales,4,3,Technical Degree,264,Male,5,Laboratory Technician,Divorced,21940,1.0,12,0,6.0,5,6,0,4,3,3,4.0,4.0,3.0,8.88621676163343,0.29773516607912254,234,9.986538461538464,0.07129035068412753
37,0,Travel_Rarely,Research & Development,16,3,Life Sciences,265,Male,3,Manager,Single,33880,3.0,11,0,4.0,2,1,0,0,4,3,4.0,4.0,3.0,7.604899320718098,0.3008728564599268,229,10.011717612809315,0.07626194914749276
50,0,Travel_Rarely,Sales,5,3,Medical,266,Male,1,Laboratory Technician,Married,54730,1.0,19,1,20.0,2,20,3,8,4,3,4.0,3.0,3.0,9.119233288166216,0.2995268560683178,246,10.01680216802168,0.07389567317441885
34,0,Travel_Rarely,Research & Development,18,1,Medical,267,Male,1,Healthcare Representative,Single,27030,1.0,21,1,9.0,2,8,7,7,3,4,4.0,2.0,4.0,6.820739942528735,0.3051040652834886,232,9.992456896551724,0.08168527951933112
24,1,Travel_Rarely,Research & Development,17,2,Life Sciences,268,Female,1,Healthcare Representative,Single,25010,9.0,12,0,4.0,3,2,2,0,1,3,1.0,3.0,3.0,7.5126982480405715,0.29250515456399445,241,9.985200553250346,0.0645439526663593
39,0,Travel_Rarely,Research & Development,12,5,Medical,269,Female,1,Sales Representative,Single,62200,1.0,14,2,20.0,2,20,11,10,3,3,4.0,3.0,3.0,6.712491654744873,0.28974987790917794,233,10.003934191702431,0.06195164890730604
32,0,Travel_Rarely,Research & Development,2,3,Life Sciences,270,Male,5,Research Scientist,Single,30380,1.0,11,0,10.0,5,10,0,8,1,3,4.0,4.0,2.0,7.8991654795821455,0.30312217258718827,234,9.991524216524219,0.08289518706006545
50,1,Travel_Frequently,Research & Development,4,2,Medical,271,Male,4,Sales Representative,Married,44240,3.0,14,1,18.0,2,4,1,3,2,3,2.0,3.0,3.0,8.205001129177957,0.32226642661247223,246,9.968224932249322,0.07347488616042627
38,0,Travel_Rarely,Research & Development,9,4,Life Sciences,272,Male,1,Sales Executive,Single,43120,0.0,12,1,10.0,2,9,1,8,2,3,2.0,4.0,2.0,7.165214592274678,0.2937409675795177,233,10.001645207439198,0.06615987741107988
27,0,Travel_Rarely,Research & Development,10,3,Medical,273,Male,5,Research Scientist,Married,132450,1.0,23,1,9.0,3,9,0,7,2,4,3.0,1.0,3.0,6.510595238095237,0.301523275480973,231,10.01890331890332,0.07509038626429934
32,0,Travel_Rarely,Sales,1,3,Medical,274,Male,2,Sales Executive,Single,136640,3.0,14,0,10.0,6,7,7,7,3,3,3.0,4.0,3.0,7.932475845410628,0.3062088877086534,230,9.981594202898549,0.08947779676391772
47,0,Travel_Rarely,Research & Development,2,3,Medical,275,Female,5,Sales Executive,Single,50210,2.0,17,0,20.0,3,7,1,7,3,3,4.0,1.0,3.0,6.717376142376143,0.31082823636752677,231,10.001948051948052,0.07959401468097116
40,0,Travel_Frequently,Research & Development,3,4,Medical,276,Female,3,Human Resources,Married,51260,5.0,18,0,20.0,2,18,1,12,3,3,4.0,1.0,3.0,8.616050275482094,0.31406734778532147,242,10.00185950413223,0.07510141494156969
53,0,Travel_Rarely,Research & Development,7,1,Life Sciences,277,Male,2,Laboratory Technician,Married,28590,3.0,18,1,32.0,2,5,1,3,3,3,3.0,3.0,3.0,6.7559891304347826,0.29261690857878464,230,10.023985507246376,0.06539379891568045
41,0,Travel_Rarely,Sales,6,3,Medical,278,Male,1,Sales Executive,Divorced,102390,3.0,24,3,23.0,3,21,12,6,3,4,2.0,4.0,2.0,7.7105482134116485,0.2896026584322878,227,9.996696035242291,0.07533687229001249
60,0,Travel_Rarely,Research & Development,8,2,Life Sciences,279,Female,5,Laboratory Technician,Single,53290,8.0,20,0,10.0,3,2,2,2,4,4,1.0,1.0,3.0,6.608694327238632,0.3107915549552871,237,9.996132208157523,0.0813279617313087
27,0,Travel_Frequently,Research & Development,29,1,Life Sciences,280,Male,2,Manufacturing Director,Divorced,43250,1.0,14,0,9.0,2,9,1,7,2,3,4.0,1.0,2.0,7.345515705578996,0.29614221401812973,237,9.991209563994374,0.07641604487989385
41,0,Travel_Rarely,Research & Development,3,3,Medical,281,Male,1,Manufacturing Director,Married,72600,1.0,16,0,22.0,2,22,2,10,3,3,4.0,3.0,3.0,6.168100858369098,0.27904290195724585,233,9.984620886981403,0.07401413965763896
50,0,Travel_Rarely,Sales,9,3,Life Sciences,282,Male,2,Research Scientist,Married,23220,7.0,25,1,4.0,0,2,2,2,4,4,4.0,2.0,3.0,7.386711943220754,0.308534717341053,227,9.991703377386198,0.06970101880368533
28,1,Travel_Rarely,Sales,2,4,Life Sciences,283,Male,3,Research Scientist,Single,20750,7.0,18,3,10.0,0,7,3,7,2,3,1.0,2.0,3.0,8.098430373605044,0.28247636452343544,229,9.992066957787483,0.07804960758276087
36,0,Non-Travel,Research & Development,10,4,Technical Degree,284,Female,2,Research Scientist,Married,41520,9.0,19,1,10.0,3,8,0,5,3,3,1.0,1.0,3.0,6.020169234360411,0.29945751220503464,238,9.994817927170867,0.07449483309498198
38,0,Travel_Rarely,Research & Development,1,3,Medical,285,Female,3,Manager,Single,96190,4.0,13,1,10.0,2,1,0,0,3,3,3.0,3.0,4.0,9.813845220766616,0.3211048583630773,229,10.005167394468705,0.06797147526749917
44,0,Non-Travel,Research & Development,8,2,Life Sciences,286,Male,1,Research Scientist,Single,135030,2.0,12,0,9.0,6,5,1,4,2,3,1.0,3.0,3.0,6.108189257722452,0.2752150242910848,241,9.98921161825726,0.06808219993852775
47,0,Travel_Frequently,Research & Development,27,3,Life Sciences,287,Male,1,Research Scientist,Divorced,54410,9.0,22,1,28.0,6,22,11,13,2,4,4.0,3.0,2.0,8.305402717127608,0.30481010247474716,229,9.995924308588064,0.07744676617550658
30,0,Travel_Rarely,Research & Development,8,3,Life Sciences,288,Male,2,Sales Executive,Divorced,52090,7.0,14,1,10.0,3,8,7,7,3,3,3.0,4.0,2.0,7.521103958035288,0.27861114563725603,233,9.989628040057225,0.0876996694785654
29,0,Travel_Rarely,Research & Development,1,2,Medical,289,Female,1,Sales Executive,Single,106730,1.0,13,3,1.0,2,1,0,0,3,3,3.0,3.0,3.0,6.406720393232738,0.2952837468791855,243,9.998765432098764,0.07537496173859816
42,1,Travel_Frequently,Research & Development,10,1,Life Sciences,290,Female,1,Sales Executive,Divorced,50100,6.0,21,3,7.0,3,2,2,2,3,4,3.0,3.0,3.0,10.00545560204556,0.3182351338712017,239,9.995536959553696,0.08386888646672047
43,0,Travel_Frequently,Research & Development,26,1,Life Sciences,291,Male,1,Laboratory Technician,Married,135490,3.0,11,2,7.0,3,2,2,2,3,3,4.0,4.0,3.0,7.097786016949152,0.3060312505998366,236,9.975776836158191,0.09075471310654325
34,0,Travel_Rarely,Research & Development,2,5,Technical Degree,292,Male,2,Healthcare Representative,Single,49990,3.0,12,2,10.0,2,5,4,3,4,3,2.0,3.0,3.0,6.407837219935986,0.2956244185271941,243,9.99588477366255,0.07546738428051555
23,0,Travel_Rarely,Sales,13,3,Marketing,293,Male,5,Sales Executive,Married,42210,1.0,11,1,5.0,4,4,0,2,3,3,2.0,1.0,4.0,7.803427128427129,0.28806713512050103,231,9.97950937950938,0.07138748771357473
39,0,Travel_Rarely,Sales,2,4,Marketing,294,Female,4,Healthcare Representative,Married,138720,9.0,12,3,12.0,3,8,3,6,2,3,3.0,2.0,1.0,6.29586214845551,0.3141030777364215,241,9.950207468879666,0.08183213270324262
56,0,Travel_Rarely,Research & Development,2,4,Medical,295,Male,1,Manager,Married,20420,7.0,12,0,30.0,6,10,1,1,3,3,3.0,4.0,2.0,7.136065808297568,0.2962341474910435,233,9.965092989985694,0.0724975128673146
40,0,Travel_Rarely,Sales,9,3,Marketing,296,Male,2,Research Scientist,Single,20730,0.0,14,0,5.0,3,4,2,3,3,3,4.0,4.0,2.0,8.798176638176638,0.2818531771786293,234,10.002207977207977,0.08373497038911912
27,0,Travel_Rarely,Research & Development,10,3,Life Sciences,297,Female,1,Laboratory Technician,Single,29560,8.0,13,0,9.0,6,7,0,7,3,3,4.0,1.0,1.0,7.500663706739527,0.29644297210398357,244,9.972404371584698,0.07986177636855639
29,0,Travel_Rarely,Sales,20,3,Marketing,298,Female,2,Manager,Divorced,29260,1.0,15,1,2.0,3,2,2,2,2,3,4.0,2.0,3.0,7.083401261523533,0.3003647419400243,229,9.982823871906842,0.08336840402802247
53,0,Travel_Rarely,Research & Development,9,3,Life Sciences,299,Female,3,Laboratory Technician,Single,48090,2.0,18,0,19.0,2,2,2,2,3,3,4.0,4.0,3.0,6.276725403817916,0.3107923098440209,227,9.97856093979442,0.07693508808406864
35,0,Non-Travel,Research & Development,5,1,Medical,300,Male,1,Healthcare Representative,Divorced,51630,2.0,18,2,16.0,4,1,0,0,3,3,4.0,1.0,4.0,7.098347763347763,0.29815118235856236,231,9.97251082251082,0.07877608381956197
32,0,Travel_Frequently,Sales,4,4,Life Sciences,301,Male,2,Sales Executive,Married,188440,1.0,19,0,10.0,3,10,4,7,1,3,3.0,4.0,3.0,7.805346304454234,0.2928771389628448,227,9.96784140969163,0.08045584101118002
38,0,Travel_Rarely,Sales,10,3,Medical,302,Male,4,Laboratory Technician,Married,181720,6.0,12,2,6.0,5,1,0,1,3,3,4.0,3.0,1.0,10.90283052039381,0.3179109791839747,237,9.99971870604782,0.06862280189436376
34,0,Travel_Rarely,Research & Development,20,3,Medical,303,Female,3,Laboratory Technician,Divorced,57440,3.0,19,1,7.0,4,0,0,0,2,3,2.0,1.0,3.0,6.1924824929971996,0.2845900239989486,238,9.984103641456583,0.0781487243279872
52,0,Travel_Rarely,Sales,21,5,Technical Degree,304,Male,3,Manager,Married,28890,1.0,11,1,34.0,2,34,1,16,3,3,3.0,1.0,4.0,5.994694444444445,0.304770297207237,230,10.010507246376813,0.07502618505157892
33,1,Travel_Rarely,Research & Development,1,2,Medical,305,Male,3,Laboratory Technician,Single,28710,1.0,17,3,10.0,2,10,7,8,3,3,4.0,4.0,2.0,10.050054855275443,0.30704256700130345,238,9.976960784313725,0.08343671575521919
25,0,Travel_Rarely,Research & Development,8,3,Life Sciences,306,Male,2,Research Scientist,Single,74840,1.0,15,0,6.0,3,6,1,4,3,3,3.0,4.0,2.0,7.678097461685824,0.3067817408450111,232,9.979094827586207,0.0792063440231544
45,0,Travel_Rarely,Sales,2,3,Life Sciences,307,Male,3,Healthcare Representative,Single,60740,0.0,14,0,9.0,2,8,3,1,3,3,2.0,3.0,3.0,5.978927895981087,0.2875292778433841,235,9.96872340425532,0.07017025317734535
23,0,Travel_Rarely,Research & Development,23,1,Life Sciences,308,Female,2,Research Scientist,Single,173280,1.0,17,1,2.0,2,2,0,2,1,3,1.0,3.0,3.0,7.978443486590038,0.304299595002907,232,9.99396551724138,0.08108656350035659
34,0,Travel_Rarely,Research & Development,12,3,Technical Degree,310,Male,1,Research Scientist,Single,45050,1.0,12,0,6.0,3,6,1,4,3,3,4.0,4.0,3.0,7.78325819672131,0.3258547766462819,244,10.001775956284153,0.08261000172404737
55,1,Travel_Rarely,Human Resources,7,3,Human Resources,311,Male,4,Laboratory Technician,Married,74280,5.0,12,0,24.0,2,5,1,4,3,3,4.0,1.0,3.0,7.9786750348675035,0.2920593397028847,239,9.9778940027894,0.09142687200403171
36,0,Non-Travel,Research & Development,7,2,Life Sciences,312,Male,5,Sales Executive,Single,116310,1.0,18,1,10.0,2,10,0,9,1,3,1.0,1.0,3.0,7.403508141762453,0.32451525565777567,232,9.98397988505747,0.07772324538488333
52,0,Non-Travel,Research & Development,1,4,Life Sciences,313,Male,5,Sales Executive,Married,97380,0.0,18,2,5.0,2,4,1,2,3,3,4.0,4.0,3.0,7.212850091827365,0.2677741385580578,242,9.980922865013774,0.06535493086275806
26,0,Travel_Frequently,Research & Development,2,2,Life Sciences,314,Male,1,Manufacturing Director,Divorced,28350,3.0,11,1,5.0,2,2,2,0,3,3,1.0,3.0,3.0,7.081466714559387,0.30277840373350146,232,9.997988505747127,0.08459430097361133
29,0,Travel_Rarely,Research & Development,10,2,Medical,315,Male,3,Manufacturing Director,Married,169590,4.0,14,3,11.0,5,8,1,1,3,3,2.0,3.0,2.0,6.293542824074075,0.3118947398005815,240,9.987708333333332,0.08609537715016269
26,1,Travel_Rarely,Research & Development,15,2,Life Sciences,316,Male,2,Laboratory Technician,Single,26130,6.0,19,1,6.0,2,4,1,2,3,3,4.0,1.0,2.0,6.192324879227053,0.3197592744240031,230,9.963115942028985,0.0765048045482354
34,0,Travel_Rarely,Research & Development,14,4,Technical Degree,317,Male,2,Manufacturing Director,Single,61460,2.0,12,0,10.0,3,4,1,3,3,3,2.0,4.0,3.0,6.202630172013017,0.28833214456077855,239,9.971617852161785,0.08204237622524606
54,0,Travel_Rarely,Research & Development,18,4,Medical,318,Female,2,Laboratory Technician,Divorced,49630,9.0,15,1,9.0,2,5,1,4,3,3,4.0,1.0,3.0,8.909899817850638,0.280980527090656,244,10.019467213114755,0.08359637706417213
27,0,Travel_Frequently,Research & Development,13,2,Life Sciences,319,Female,4,Research Scientist,Married,195370,0.0,12,0,5.0,5,4,1,1,3,3,3.0,4.0,3.0,6.809992997198879,0.286682988615629,238,10.031652661064427,0.0739399669853876
37,0,Travel_Rarely,Sales,2,4,Technical Degree,320,Male,2,Manufacturing Director,Divorced,61720,0.0,11,0,6.0,1,5,4,3,3,3,4.0,1.0,2.0,9.455226337448561,0.3278124274822543,243,10.009945130315499,0.06823975822572903
38,0,Travel_Frequently,Sales,2,4,Life Sciences,321,Female,2,Research Scientist,Single,23680,6.0,11,1,17.0,3,15,4,12,3,3,1.0,1.0,3.0,10.81049701561065,0.291959307981969,242,9.99793388429752,0.07878778353127655
34,0,Travel_Rarely,Sales,2,3,Marketing,322,Male,1,Sales Representative,Single,103120,1.0,12,0,6.0,2,6,1,3,3,3,3.0,1.0,3.0,6.92431697931698,0.2863245658888476,231,9.989610389610391,0.08448337411380895
35,0,Travel_Rarely,Research & Development,5,4,Medical,323,Male,3,Manager,Married,16750,1.0,16,0,3.0,6,3,0,2,2,3,1.0,4.0,2.0,7.79930669398907,0.28860666842576144,244,9.974248633879782,0.07498457258614612
30,0,Travel_Rarely,Research & Development,20,3,Medical,324,Male,1,Laboratory Technician,Married,25230,3.0,13,1,7.0,2,2,0,2,3,3,4.0,3.0,3.0,7.168747563352826,0.2997491954954349,228,9.97105263157895,0.06928562227889855
40,0,Travel_Frequently,Research & Development,10,4,Medical,325,Male,2,Manufacturing Director,Married,65670,1.0,13,1,8.0,3,8,3,7,4,3,3.0,2.0,3.0,6.453228166438043,0.31608483329612497,243,9.975994513031551,0.07673310924433259
34,0,Travel_Rarely,Research & Development,10,3,Life Sciences,326,Male,3,Healthcare Representative,Married,47390,5.0,24,2,6.0,2,3,1,2,3,4,3.0,1.0,3.0,7.936015283842794,0.32751711175339204,229,9.981586608442505,0.07410999599921682
42,0,Travel_Frequently,Research & Development,9,4,Medical,327,Male,1,Manufacturing Director,Divorced,92080,1.0,15,1,24.0,2,24,14,9,4,3,2.0,4.0,2.0,7.822759412304867,0.2883895162053226,242,10.002548209366392,0.07557323994376049
23,1,Travel_Rarely,Sales,2,3,Medical,328,Female,4,Manufacturing Director,Married,45590,1.0,18,1,1.0,2,0,0,0,2,3,3.0,1.0,3.0,7.975096108766995,0.2811278853197206,237,9.995780590717299,0.07316714939569474
24,0,Non-Travel,Sales,1,5,Marketing,329,Female,1,Manufacturing Director,Divorced,81890,1.0,14,1,1.0,3,1,0,0,3,3,3.0,2.0,3.0,6.815337713231904,0.2885205276943115,241,9.971300138312586,0.07499348778238825
52,0,Travel_Rarely,Research & Development,29,3,Life Sciences,330,Male,2,Manufacturing Director,Married,29420,8.0,11,1,9.0,1,5,1,4,2,3,4.0,3.0,3.0,6.073565400843882,0.31335642563088123,237,9.989521800281295,0.0777275481338451
50,0,Travel_Rarely,Research & Development,8,4,Life Sciences,331,Male,2,Sales Executive,Married,49410,5.0,11,1,30.0,3,4,0,3,1,3,3.0,3.0,3.0,6.410002354048964,0.3110852519980989,236,10.025635593220338,0.07814734843931563
29,1,Travel_Rarely,Sales,2,4,Marketing,332,Female,4,Research Scientist,Married,106500,1.0,13,2,1.0,2,1,0,0,4,3,2.0,1.0,3.0,10.695543234767024,0.296557221915056,248,9.989112903225807,0.07701549417381326
33,0,Travel_Rarely,Research & Development,3,4,Life Sciences,333,Male,4,Manufacturing Director,Married,59020,0.0,12,1,14.0,2,13,3,7,3,3,3.0,3.0,4.0,6.985387275242046,0.3190276032101918,241,10.00954356846473,0.08389002228369455
33,1,Travel_Rarely,Research & Development,23,5,Life Sciences,334,Male,1,Human Resources,Single,86390,5.0,16,2,6.0,3,3,0,2,2,3,1.0,1.0,3.0,7.986834251606979,0.2972431148306884,242,9.997658402203857,0.08072294045700301
47,0,Travel_Rarely,Research & Development,6,4,Other,335,Male,2,Manager,Married,63470,1.0,14,0,26.0,2,26,3,0,4,3,3.0,4.0,2.0,9.466814892623717,0.3302123668246771,238,9.981302521008404,0.07319674916380058
36,0,Travel_Rarely,Sales,6,3,Medical,336,Female,2,Sales Executive,Married,42000,0.0,22,0,10.0,3,9,0,5,3,4,3.0,2.0,3.0,7.715425194931774,0.3198743753850845,228,9.970540935672517,0.08106544276133298
29,0,Travel_Rarely,Research & Development,10,3,Other,337,Male,1,Research Scientist,Married,34520,1.0,11,0,10.0,3,10,0,7,2,3,3.0,3.0,3.0,7.72597758702909,0.2920976963344284,233,9.967453505007152,0.0719522038873267
58,1,Travel_Rarely,Research & Development,24,3,Other,338,Female,2,Research Scientist,Single,43170,7.0,17,0,40.0,2,31,13,8,3,3,4.0,2.0,3.0,8.896329022988505,0.3187010544295954,232,10.007758620689655,0.06580534408120624
35,0,Travel_Rarely,Sales,10,4,Marketing,339,Female,1,Research Scientist,Single,26320,3.0,13,3,7.0,3,2,2,2,4,3,4.0,3.0,3.0,7.781327941865917,0.29358578817513126,237,9.98382559774965,0.06291995438905978
42,0,Travel_Rarely,Sales,15,1,Marketing,340,Male,2,Laboratory Technician,Married,46680,9.0,18,2,8.0,2,4,0,2,3,3,4.0,4.0,3.0,10.472171934865898,0.30685040173314926,232,10.007614942528734,0.07424912093015539
28,1,Travel_Rarely,Research & Development,19,4,Medical,341,Female,2,Sales Executive,Single,32040,6.0,16,1,5.0,4,2,2,1,2,3,3.0,3.0,2.0,6.202743961352657,0.2862472569520063,230,9.99340579710145,0.08327874290656705
36,0,Travel_Rarely,Research & Development,2,3,Life Sciences,342,Male,2,Healthcare Representative,Married,27200,4.0,14,1,8.0,3,5,0,4,3,3,3.0,2.0,3.0,6.620693226120858,0.28471111924892023,228,10.000438596491229,0.07402574902748793
32,0,Travel_Rarely,Research & Development,3,1,Medical,343,Male,2,Manufacturing Director,Married,171810,1.0,14,0,14.0,2,14,6,8,2,3,3.0,3.0,3.0,7.992996632996634,0.2942611603727408,231,10.02027417027417,0.07873330614634957
30,0,Travel_Rarely,Research & Development,7,3,Technical Degree,345,Male,2,Research Director,Single,14830,5.0,13,0,12.0,3,0,0,0,3,3,3.0,4.0,2.0,9.377876417233558,0.29025083874293417,245,10.005578231292517,0.08158305453328868
45,0,Travel_Rarely,Research & Development,10,4,Life Sciences,346,Male,1,Research Director,Single,56050,1.0,12,2,1.0,2,1,0,0,3,3,2.0,3.0,3.0,6.619438431938432,0.30499722094011167,231,10.036075036075035,0.07791515569776433
42,0,Travel_Rarely,Research & Development,20,2,Medical,347,Male,2,Sales Representative,Married,72950,1.0,15,0,10.0,3,9,7,8,3,3,2.0,2.0,2.0,7.5818644261545485,0.29899716957881195,243,10.011179698216736,0.07263964939329705
38,0,Travel_Frequently,Sales,4,3,Medical,348,Male,2,Research Scientist,Divorced,23060,2.0,19,1,13.0,5,4,1,2,3,3,1.0,1.0,2.0,7.59510101010101,0.2946991589018644,242,9.988223140495867,0.09177290159230928
34,0,Travel_Frequently,Research & Development,7,4,Life Sciences,349,Male,3,Laboratory Technician,Single,23480,1.0,14,1,6.0,3,5,1,3,3,3,3.0,4.0,3.0,6.873507092198581,0.30993511576813343,235,9.945531914893616,0.06757847891535836
49,1,Travel_Rarely,Sales,7,2,Life Sciences,350,Female,2,Healthcare Representative,Married,89980,1.0,14,2,9.0,2,9,7,7,4,3,3.0,4.0,4.0,6.287247474747474,0.3141373407993662,231,9.996176046176046,0.0571628500324152
55,1,Travel_Rarely,Human Resources,16,3,Technical Degree,351,Male,4,Manufacturing Director,Single,43190,4.0,11,0,12.0,3,9,7,3,4,3,3.0,4.0,2.0,6.376486354775829,0.3192791832036384,228,10.00402046783626,0.07791205635846843
43,0,Travel_Rarely,Research & Development,25,2,Medical,352,Male,2,Healthcare Representative,Married,61320,6.0,13,0,22.0,3,4,1,0,2,3,2.0,1.0,3.0,7.334411976911977,0.2988794445669474,231,9.98109668109668,0.08291647322082107
27,0,Travel_Rarely,Sales,2,4,Medical,353,Male,2,Manager,Divorced,33460,1.0,21,1,9.0,2,9,0,8,2,4,3.0,4.0,3.0,10.494040835707503,0.2710269431244589,234,10.000427350427351,0.07277521000696954
35,0,Travel_Rarely,Research & Development,1,3,Medical,354,Male,1,Research Director,Single,108550,3.0,13,1,17.0,2,8,1,6,3,3,3.0,3.0,4.0,6.994789915966386,0.2740356883820808,238,9.979621848739496,0.08036005330402204
28,0,Travel_Rarely,Sales,1,2,Technical Degree,355,Female,1,Sales Executive,Married,22310,1.0,12,0,8.0,3,8,7,5,2,3,2.0,2.0,3.0,9.909392076502732,0.31771344154014525,244,9.967213114754099,0.08748483962610648
34,0,Travel_Rarely,Sales,2,5,Life Sciences,356,Male,4,Research Scientist,Married,23230,0.0,17,0,4.0,2,3,0,2,3,3,3.0,4.0,1.0,6.892396694214876,0.3210244957935969,242,10.010055096418734,0.08560848012375734
26,1,Travel_Frequently,Research & Development,22,4,Other,357,Female,1,Sales Executive,Married,20240,1.0,23,0,8.0,2,8,1,7,3,4,3.0,3.0,3.0,7.998314009661836,0.3070237601658048,230,10.009565217391303,0.07064561314684728
27,0,Non-Travel,Sales,1,3,Technical Degree,358,Female,1,Sales Executive,Married,27130,1.0,11,0,0.0,2,0,0,0,3,3,4.0,4.0,2.0,7.311344671201814,0.3009406900029682,245,9.961972789115647,0.07829185718003046
51,0,Travel_Rarely,Sales,16,3,Medical,359,Male,3,Research Scientist,Married,94390,2.0,15,3,29.0,0,20,4,17,3,3,1.0,3.0,2.0,6.114925444925444,0.31494583142319327,231,9.986724386724386,0.0763809628374846
44,0,Travel_Rarely,Sales,24,5,Medical,360,Female,1,Sales Executive,Single,25660,9.0,11,1,10.0,3,5,2,3,3,3,4.0,2.0,2.0,6.318081125058113,0.32084335939670705,239,10.011366806136682,0.07362958991127819
25,0,Travel_Rarely,Research & Development,17,3,Medical,361,Male,1,Laboratory Technician,Single,199260,7.0,11,3,6.0,5,4,0,1,4,3,1.0,1.0,2.0,6.416490429505136,0.2929426819494877,238,9.95280112044818,0.09213229877042231
33,0,Travel_Rarely,Research & Development,8,4,Life Sciences,362,Male,3,Laboratory Technician,Divorced,24510,1.0,13,1,9.0,3,9,0,8,2,3,1.0,1.0,3.0,6.01962540341171,0.29176608684834615,241,9.992461964038728,0.08612002458890412
35,0,Travel_Rarely,Sales,6,4,Medical,363,Female,2,Manager,Single,94190,1.0,24,1,6.0,5,6,1,1,2,4,3.0,1.0,2.0,6.903253968253968,0.29468700196542014,231,9.97027417027417,0.07137823368258149
36,0,Travel_Rarely,Sales,10,4,Marketing,364,Male,3,Manager,Married,86860,1.0,13,0,18.0,2,18,4,11,3,3,2.0,4.0,2.0,9.704113475177305,0.29417330730560576,235,9.977163120567376,0.0754282899921197
32,0,Travel_Rarely,Research & Development,3,4,Medical,365,Female,4,Sales Executive,Divorced,30380,2.0,20,0,8.0,3,5,0,3,3,4,2.0,4.0,2.0,7.789356600189932,0.27560046088134094,234,9.990740740740739,0.0748185238170932
30,0,Travel_Frequently,Research & Development,4,5,Medical,366,Male,5,Sales Representative,Divorced,30580,9.0,14,1,10.0,2,5,0,3,3,3,2.0,4.0,2.0,6.412108695652173,0.2819887894264456,230,9.97623188405797,0.08016283779507614
53,0,Travel_Rarely,Sales,6,3,Marketing,367,Male,4,Sales Executive,Married,23250,7.0,18,1,35.0,1,5,0,4,4,3,1.0,4.0,3.0,10.391128117913832,0.2976511437069253,245,9.997006802721087,0.07443089476227646
45,0,Travel_Rarely,Research & Development,1,5,Technical Degree,368,Male,2,Healthcare Representative,Divorced,20880,4.0,15,3,18.0,2,5,0,2,3,3,4.0,1.0,3.0,8.524001406469761,0.2740944264327295,237,10.00942334739803,0.08029218018705253
32,0,Travel_Rarely,Sales,10,3,Marketing,369,Female,1,Human Resources,Married,30720,5.0,12,0,9.0,4,5,1,3,1,3,3.0,3.0,2.0,6.58656795224977,0.33404562623252815,242,10.007988980716254,0.07317012067106383
52,0,Travel_Frequently,Research & Development,1,1,Life Sciences,370,Male,2,Laboratory Technician,Married,50060,3.0,16,1,31.0,2,9,0,0,3,3,3.0,4.0,3.0,7.5865811965811965,0.2842703084247785,234,9.995441595441596,0.08893001398008547
37,0,Travel_Rarely,Sales,24,2,Life Sciences,371,Female,4,Laboratory Technician,Divorced,42570,4.0,15,0,9.0,2,1,0,0,3,3,4.0,3.0,3.0,6.104338404794835,0.2978896349212484,241,9.98457814661134,0.08209798102043941
28,0,Travel_Rarely,Research & Development,21,4,Life Sciences,372,Female,1,Healthcare Representative,Divorced,25000,1.0,16,2,6.0,3,5,0,4,3,3,2.0,4.0,3.0,6.29157244248654,0.2949824499393804,227,9.990455212922173,0.06899403965190876
22,0,Travel_Rarely,Research & Development,2,2,Life Sciences,373,Male,1,Sales Representative,Married,11020,6.0,19,0,4.0,3,2,2,2,2,3,4.0,4.0,1.0,6.482304837164751,0.3090800666067547,232,9.980387931034482,0.08333303789122748
44,0,Travel_Rarely,Research & Development,22,3,Medical,374,Female,1,Laboratory Technician,Married,104530,2.0,11,1,10.0,2,3,0,2,3,3,1.0,4.0,2.0,10.983654910096817,0.3241047151560941,241,9.997372060857538,0.07896528738281852
42,0,Travel_Frequently,Sales,13,4,Life Sciences,375,Female,2,Laboratory Technician,Single,22880,5.0,16,1,8.0,4,2,2,2,2,3,2.0,4.0,3.0,8.008833333333333,0.3067715827430095,230,9.986376811594202,0.07755741197814495
36,0,Travel_Rarely,Research & Development,14,3,Other,376,Male,2,Research Scientist,Married,39290,0.0,24,0,6.0,6,5,0,3,2,4,1.0,1.0,3.0,7.591120293847567,0.29693656518871814,242,10.01749311294766,0.08585915739819923
25,0,Travel_Rarely,Sales,11,3,Life Sciences,377,Female,1,Laboratory Technician,Married,23110,1.0,11,1,5.0,2,5,0,3,3,3,3.0,1.0,3.0,10.40962620027435,0.2956931852460674,243,9.974554183813442,0.07577430685455383
35,0,Travel_Rarely,Research & Development,9,2,Life Sciences,378,Female,1,Healthcare Representative,Married,31400,1.0,13,1,17.0,2,17,5,15,2,3,4.0,3.0,3.0,8.79542212518195,0.3012445863940122,229,10.002037845705965,0.08295148199221983
35,1,Travel_Frequently,Sales,8,2,Marketing,379,Female,1,Laboratory Technician,Divorced,36900,1.0,13,1,10.0,2,10,7,8,4,3,4.0,2.0,2.0,10.000467772967772,0.3062588326915029,231,9.961183261183264,0.07904709622100921
32,0,Non-Travel,Research & Development,21,3,Life Sciences,380,Male,1,Sales Executive,Divorced,44500,0.0,13,0,4.0,3,3,0,2,3,3,4.0,4.0,3.0,7.885713245997089,0.2724837329701487,229,9.97612809315866,0.07220541042076327
25,0,Travel_Rarely,Sales,5,3,Marketing,381,Female,4,Research Scientist,Married,27560,1.0,12,2,5.0,2,5,0,3,3,3,3.0,1.0,4.0,7.795277777777779,0.29989317799822746,237,10.030731364275669,0.0774261106740725
49,0,Travel_Rarely,Sales,9,3,Technical Degree,382,Female,2,Sales Representative,Married,190330,2.0,18,1,7.0,5,4,0,2,3,3,3.0,1.0,3.0,7.469465191332411,0.32783940719246696,241,9.99460580912863,0.0693434666512986
24,0,Non-Travel,Research & Development,2,5,Technical Degree,383,Male,2,Healthcare Representative,Married,187220,0.0,22,1,6.0,3,5,3,4,3,4,1.0,4.0,2.0,7.561153381642512,0.31382315744300787,230,9.988695652173913,0.09381391473113507
32,0,Travel_Frequently,Research & Development,12,5,Medical,384,Male,1,Research Scientist,Married,95470,1.0,13,1,10.0,3,10,5,3,2,3,2.0,2.0,3.0,6.814644208037826,0.32455750646876097,235,9.959929078014182,0.0757010870663353
38,0,Travel_Rarely,Sales,22,2,Medical,385,Male,1,Sales Executive,Married,137340,0.0,13,0,3.0,3,2,1,2,4,3,2.0,2.0,3.0,6.987524717514124,0.30347926369364947,236,9.989336158192092,0.08032433285250626
42,0,Travel_Rarely,Research & Development,18,1,Technical Degree,386,Female,2,Research Scientist,Married,199990,2.0,23,1,17.0,6,5,1,3,3,4,3.0,4.0,2.0,9.614905857740586,0.31153798472037025,239,9.957461645746163,0.0761287304322007
31,0,Travel_Rarely,Research & Development,16,3,Life Sciences,387,Female,3,Sales Executive,Married,22790,3.0,12,1,8.0,3,6,0,2,3,3,4.0,4.0,3.0,10.09835300925926,0.28985818182829753,240,10.007777777777779,0.07698248876491554
29,1,Travel_Rarely,Sales,3,3,Marketing,388,Male,3,Laboratory Technician,Divorced,59160,6.0,12,0,5.0,2,3,0,2,3,3,2.0,3.0,3.0,9.394445592286502,0.32181563422150977,242,9.990151515151515,0.08269536652835408
53,0,Travel_Rarely,Research & Development,9,3,Life Sciences,389,Male,1,Sales Representative,Married,20890,5.0,16,0,28.0,2,2,2,2,2,3,1.0,4.0,3.0,6.366061039580353,0.278973404128164,233,9.99442060085837,0.07385762501438826
35,0,Travel_Rarely,Research & Development,1,3,Life Sciences,390,Male,3,Healthcare Representative,Married,167920,3.0,12,1,16.0,3,13,4,8,4,3,4.0,2.0,3.0,7.104999999999999,0.30985417420521055,236,9.996822033898304,0.0663669261129142
37,0,Travel_Frequently,Research & Development,13,4,Life Sciences,391,Female,3,Human Resources,Married,35640,5.0,11,0,10.0,1,5,0,0,1,3,3.0,4.0,3.0,7.408802600472813,0.31957705158939087,235,9.999716312056737,0.07953220787617947
53,0,Travel_Rarely,Research & Development,1,1,Medical,392,Male,1,Sales Executive,Single,44250,6.0,22,1,33.0,2,12,3,8,4,4,4.0,4.0,3.0,6.669338570127504,0.32370708573724494,244,9.99665300546448,0.06982985806591861
43,0,Travel_Frequently,Research & Development,1,3,Medical,393,Male,1,Laboratory Technician,Married,52650,4.0,11,1,12.0,4,5,2,2,3,3,4.0,4.0,2.0,7.585617283950618,0.30331486951914016,234,9.991168091168092,0.08543668407044658
47,0,Travel_Rarely,Sales,15,4,Marketing,394,Female,3,Research Director,Married,65530,0.0,15,0,8.0,2,7,7,7,3,3,3.0,4.0,3.0,10.68291325136612,0.2917221869790336,244,10.033060109289618,0.07487646825129127
37,0,Non-Travel,Research & Development,1,5,Medical,395,Female,2,Research Scientist,Single,62610,1.0,12,0,10.0,1,10,0,9,3,3,1.0,2.0,3.0,8.30906938584154,0.29184097558650973,237,9.947890295358649,0.08094185797039265
50,0,Non-Travel,Research & Development,17,3,Medical,396,Female,1,Laboratory Technician,Divorced,42980,1.0,20,1,31.0,6,31,14,7,3,4,1.0,1.0,3.0,6.612721734892788,0.28914690339862925,228,9.983845029239767,0.07735289413573086
39,0,Travel_Rarely,Research & Development,1,3,Other,397,Female,3,Human Resources,Married,68040,8.0,14,1,13.0,3,5,0,4,2,3,4.0,4.0,3.0,6.882712018140589,0.31426883239925535,245,9.991156462585035,0.08039050592914766
33,0,Travel_Rarely,Sales,7,3,Life Sciences,398,Male,2,Manufacturing Director,Divorced,38150,3.0,11,1,7.0,3,4,0,3,3,3,4.0,2.0,4.0,9.416354609929078,0.27416002481902335,235,9.97709219858156,0.08603875452102404
32,1,Travel_Rarely,Research & Development,9,1,Medical,399,Female,1,Laboratory Technician,Single,27410,1.0,15,1,1.0,5,1,0,1,2,3,1.0,4.0,1.0,10.025033738191633,0.3195336764910076,247,9.960188933873146,0.087898247808389
29,0,Travel_Rarely,Research & Development,5,4,Life Sciences,400,Female,4,Healthcare Representative,Divorced,66730,6.0,12,1,8.0,2,4,0,3,4,3,1.0,4.0,3.0,6.452346460384435,0.27619377617518215,237,10.017580872011251,0.07234967857795574
44,0,Travel_Rarely,Research & Development,26,2,Life Sciences,401,Male,2,Manufacturing Director,Married,76390,1.0,14,0,8.0,6,8,7,1,3,3,2.0,1.0,3.0,9.774024872152488,0.2878092862491999,239,9.97071129707113,0.07854332946567748
28,0,Travel_Rarely,Sales,24,5,Life Sciences,402,Female,1,Research Scientist,Single,23280,1.0,11,2,4.0,3,4,0,2,3,3,1.0,4.0,3.0,6.417041116005874,0.3108830688513483,227,10.013950073421439,0.08170718923672027
58,1,Travel_Frequently,Sales,9,2,Technical Degree,403,Male,1,Sales Executive,Divorced,21530,9.0,11,0,3.0,3,1,0,0,3,3,4.0,4.0,2.0,10.50040755919854,0.3044333618022465,244,9.973224043715845,0.07482650835413424
43,0,Travel_Rarely,Sales,7,4,Marketing,404,Male,2,Sales Executive,Divorced,48760,4.0,16,2,4.0,4,1,0,0,3,3,1.0,2.0,4.0,6.578010603964961,0.28886047908784074,241,10.004702627939142,0.07149168203473187
20,1,Travel_Rarely,Research & Development,11,3,Medical,405,Male,2,Sales Executive,Single,93960,1.0,12,0,2.0,6,2,0,2,1,3,3.0,3.0,2.0,7.105422602089269,0.26584369487196285,234,9.997792022792021,0.07159858507676811
21,1,Travel_Rarely,Research & Development,1,3,Medical,406,Male,2,Sales Executive,Single,104000,1.0,13,1,1.0,2,1,0,0,3,3,3.0,4.0,2.0,7.8779353741496605,0.3170619767077703,245,9.967210884353742,0.06876336381547152
36,0,Travel_Rarely,Research & Development,26,4,Medical,407,Male,1,Laboratory Technician,Married,84740,0.0,14,0,17.0,3,16,4,11,3,3,3.0,4.0,2.0,10.29772654826958,0.29085109299782574,244,9.984357923497267,0.07669419052223635
47,0,Travel_Rarely,Research & Development,2,3,Life Sciences,408,Male,2,Manufacturing Director,Single,99810,1.0,21,1,3.0,3,3,1,2,3,4,4.0,4.0,2.0,8.485591889357712,0.30086091712377977,237,9.963853727144867,0.07229195968120007
22,1,Travel_Rarely,Research & Development,15,4,Life Sciences,409,Female,1,Laboratory Technician,Married,124900,0.0,13,0,4.0,3,3,0,2,3,3,2.0,3.0,4.0,9.802309820193639,0.29726912815301443,241,10.003665283540801,0.07120525972030123
41,1,Travel_Rarely,Research & Development,23,3,Life Sciences,410,Female,2,Sales Executive,Divorced,26570,4.0,11,0,10.0,3,7,1,0,4,3,2.0,4.0,2.0,10.410460557960558,0.29851837453521396,231,9.9991341991342,0.061772193989585285
28,0,Travel_Rarely,Research & Development,10,3,Life Sciences,411,Female,3,Manager,Divorced,135910,5.0,20,1,6.0,2,2,2,2,3,4,3.0,3.0,3.0,7.677303436911487,0.28835080754969694,236,9.989689265536724,0.08518401650839444
39,1,Travel_Rarely,Research & Development,10,4,Life Sciences,412,Female,4,Human Resources,Married,66960,7.0,11,0,8.0,3,2,2,2,3,3,4.0,1.0,1.0,10.666269177126917,0.3269943767965777,239,9.988005578800557,0.08305814375959587
27,0,Travel_Rarely,Research & Development,1,3,Medical,413,Male,1,Research Scientist,Single,20580,1.0,14,1,1.0,5,1,0,0,3,3,2.0,3.0,3.0,7.680679916317991,0.30902395878641614,239,9.979009762900976,0.07574453351773065
34,0,Travel_Rarely,Research & Development,12,2,Technical Degree,414,Male,2,Human Resources,Divorced,88650,1.0,11,1,1.0,0,1,1,0,3,3,2.0,2.0,3.0,7.72257226738934,0.3148337440479982,246,9.978861788617888,0.07942890326862458
42,0,Travel_Rarely,Sales,11,1,Technical Degree,415,Male,2,Human Resources,Single,59400,7.0,16,0,10.0,2,5,0,3,2,3,3.0,3.0,3.0,6.878238304093568,0.3160589479695148,228,9.980409356725145,0.08411280280976552
33,0,Travel_Rarely,Sales,2,3,Marketing,416,Female,1,Sales Executive,Single,59140,3.0,16,1,6.0,4,3,0,2,3,3,3.0,1.0,3.0,10.548225957049487,0.2932271232168404,238,9.956512605042015,0.08790747733692626
58,0,Travel_Rarely,Research & Development,2,4,Life Sciences,417,Male,1,Research Scientist,Divorced,26220,2.0,23,0,24.0,3,6,0,4,3,4,3.0,2.0,3.0,8.320311483031148,0.30468895522909845,239,10.002998605299858,0.07025590989533889
31,0,Travel_Rarely,Sales,1,3,Life Sciences,418,Female,1,Sales Representative,Married,121850,3.0,14,0,13.0,2,7,5,2,3,3,2.0,3.0,4.0,6.081554641060814,0.306685694094001,243,9.96707818930041,0.08486897595483467
35,0,Travel_Rarely,Research & Development,2,1,Life Sciences,419,Male,3,Healthcare Representative,Married,106090,1.0,22,0,10.0,3,10,0,7,3,4,4.0,4.0,1.0,10.380476190476191,0.2827576451616296,238,10.024509803921568,0.0735669176249966
49,0,Travel_Rarely,Research & Development,25,2,Life Sciences,420,Female,2,Sales Executive,Married,43450,4.0,15,0,29.0,3,26,1,7,2,3,1.0,2.0,2.0,6.991830699233716,0.31240208454740837,232,9.995977011494253,0.07685964737688877
48,0,Travel_Rarely,Research & Development,1,4,Medical,421,Male,1,Research Scientist,Married,21770,4.0,18,0,13.0,4,0,0,0,3,3,4.0,3.0,2.0,6.698963272896327,0.2808959514710169,239,10.032705718270572,0.06808433833784562
31,0,Non-Travel,Research & Development,1,2,Technical Degree,422,Female,2,Sales Executive,Married,27930,1.0,16,0,9.0,4,9,0,0,3,3,4.0,3.0,2.0,7.083433515482695,0.3167473105537669,244,9.996994535519125,0.06959769727225708
36,0,Travel_Rarely,Human Resources,2,4,Technical Degree,423,Male,1,Sales Executive,Single,79180,2.0,12,2,8.0,3,6,0,1,2,3,2.0,4.0,3.0,6.503389121338912,0.2957628730150232,239,9.993723849372385,0.08906875441948058
38,0,Travel_Rarely,Sales,6,3,Other,424,Male,2,Sales Executive,Married,87890,1.0,11,3,15.0,4,15,5,11,3,3,4.0,1.0,3.0,7.0820662568306005,0.31649806600198127,244,9.994330601092896,0.08667211521884154
32,0,Non-Travel,Sales,18,3,Marketing,425,Male,1,Laboratory Technician,Married,23890,6.0,12,1,5.0,4,3,0,2,2,3,3.0,2.0,3.0,7.082806473829201,0.3124695950668173,242,9.98780991735537,0.07400131549367675
25,1,Travel_Rarely,Research & Development,1,2,Life Sciences,426,Male,1,Sales Executive,Married,32120,1.0,15,1,1.0,3,1,0,0,2,3,3.0,2.0,3.0,8.902678826895563,0.30402281859463337,233,10.006723891273246,0.08409252544686169
40,0,Travel_Rarely,Research & Development,1,4,Medical,427,Male,2,Research Scientist,Divorced,192320,2.0,14,1,11.0,3,1,0,0,3,3,1.0,2.0,2.0,6.066140609636186,0.3158606373049227,226,9.991666666666667,0.08683518518518521
26,0,Travel_Frequently,Sales,11,3,Marketing,428,Male,2,Healthcare Representative,Single,22670,1.0,19,3,7.0,2,7,0,7,2,3,3.0,1.0,3.0,7.643866989396035,0.30562396409209236,241,9.971438450899033,0.0737352370524051
41,0,Travel_Rarely,Research & Development,1,4,Medical,429,Male,1,Research Scientist,Single,195170,2.0,13,0,20.0,5,18,2,17,3,3,4.0,1.0,3.0,10.713868621840724,0.3197525426600411,233,10.001859799713877,0.07145007029746937
36,0,Travel_Rarely,Research & Development,9,3,Life Sciences,430,Female,2,Healthcare Representative,Single,24360,4.0,13,0,16.0,3,11,3,9,1,3,3.0,3.0,3.0,7.096325863678805,0.2948059537976804,238,9.973599439775908,0.0742004445941526
19,1,Travel_Rarely,Research & Development,15,3,Life Sciences,431,Male,2,Research Scientist,Single,160640,1.0,15,1,1.0,3,1,0,0,3,3,4.0,2.0,4.0,10.615016136468418,0.2888225480198912,241,9.993153526970952,0.07112538420162898
20,1,Travel_Rarely,Research & Development,29,3,Life Sciences,432,Female,3,Laboratory Technician,Single,27070,1.0,11,0,1.0,2,1,0,0,3,3,1.0,1.0,3.0,6.0836524334251605,0.3238365847961311,242,9.989118457300275,0.07903047830245104
31,0,Travel_Rarely,Research & Development,1,4,Life Sciences,433,Male,4,Research Director,Married,190680,0.0,12,0,10.0,1,9,8,5,3,3,4.0,4.0,1.0,8.329586339586339,0.305163570331479,231,9.984920634920634,0.07851920864964344
40,0,Travel_Frequently,Sales,1,3,Marketing,434,Male,1,Research Scientist,Divorced,39310,8.0,19,0,3.0,2,1,0,0,2,3,4.0,2.0,3.0,8.140834467120182,0.31913646107823695,245,9.983061224489797,0.060068231664250356
32,0,Travel_Rarely,Research & Development,24,3,Life Sciences,435,Male,4,Laboratory Technician,Married,37300,1.0,25,1,8.0,4,8,6,3,3,4,3.0,1.0,4.0,7.8935768321513,0.2900646999305032,235,10.010992907801418,0.0734505768725627
36,1,Travel_Rarely,Research & Development,10,3,Medical,436,Male,3,Sales Executive,Married,22320,1.0,12,1,16.0,2,16,3,7,3,3,3.0,4.0,3.0,9.80588959212377,0.31952802593127927,237,9.971518987341772,0.07745634580085337
33,0,Travel_Rarely,Research & Development,1,4,Medical,437,Female,4,Manufacturing Director,Single,44650,0.0,13,0,6.0,3,5,1,4,3,3,2.0,4.0,3.0,6.017259790528233,0.2961527872502721,244,10.010860655737703,0.07443231520834734
37,1,Travel_Rarely,Sales,10,4,Marketing,438,Female,3,Human Resources,Married,30720,5.0,14,0,17.0,3,14,11,7,2,3,1.0,3.0,1.0,6.274626352015732,0.3077223392819525,226,9.997861356932152,0.07730034414945915
45,0,Non-Travel,Research & Development,8,1,Life Sciences,439,Male,2,Sales Executive,Married,33190,1.0,12,1,9.0,3,9,0,8,3,3,3.0,2.0,2.0,6.3090928270042195,0.3033674221498399,237,9.99606188466948,0.08945711856460614
29,0,Travel_Frequently,Research & Development,29,1,Life Sciences,440,Male,1,Sales Representative,Married,192020,1.0,12,0,3.0,5,3,0,2,3,3,3.0,4.0,3.0,7.619650655021834,0.2958761087273617,229,9.979839883551673,0.07491707951343671
35,0,Travel_Rarely,Human Resources,1,3,Human Resources,441,Male,3,Laboratory Technician,Married,136750,1.0,15,3,5.0,5,5,1,0,2,3,3.0,3.0,3.0,6.370707923112986,0.3025903994237768,237,10.00675105485232,0.07430686667143444
52,0,Travel_Rarely,Research & Development,5,4,Other,442,Male,1,Laboratory Technician,Married,29110,2.0,17,2,26.0,3,9,7,8,3,3,4.0,4.0,2.0,6.990128384687209,0.30764822283289117,238,10.002450980392158,0.07942083092027241
58,1,Travel_Rarely,Sales,9,2,Medical,443,Female,4,Sales Executive,Single,59570,4.0,14,1,7.0,2,1,0,0,1,3,4.0,3.0,3.0,7.4758405797101455,0.3107999803697206,230,9.994927536231884,0.07872961626901243
53,0,Travel_Rarely,Research & Development,9,3,Technical Degree,444,Male,1,Manager,Divorced,39200,6.0,16,1,22.0,3,17,15,2,3,3,3.0,3.0,4.0,6.523184113865931,0.3064146177352493,242,10.005922865013774,0.07591221532564423
30,0,Travel_Rarely,Sales,3,4,Marketing,445,Male,1,Sales Executive,Divorced,64340,5.0,14,1,10.0,3,8,7,7,2,3,3.0,3.0,4.0,8.003096797671034,0.33268757042837055,229,9.968340611353712,0.06777618172067716
38,0,Non-Travel,Sales,4,3,Life Sciences,446,Male,2,Research Director,Single,100480,1.0,23,1,6.0,2,5,1,3,3,4,3.0,4.0,3.0,8.100102339181285,0.2755384215358688,228,10.034722222222221,0.08406193914178502
35,0,Travel_Rarely,Sales,1,2,Life Sciences,447,Female,2,Healthcare Representative,Divorced,109380,6.0,14,2,12.0,2,10,0,8,1,3,4.0,4.0,3.0,7.318681434599156,0.27975457088138456,237,10.030450070323486,0.08380167981755622
39,0,Travel_Rarely,Sales,1,1,Marketing,448,Male,2,Research Scientist,Single,23400,0.0,11,1,9.0,2,8,0,7,2,3,1.0,3.0,3.0,6.510007246376811,0.2924979407918951,230,9.981666666666667,0.06369323144104802
40,1,Non-Travel,Research & Development,2,4,Life Sciences,449,Male,1,Human Resources,Single,65450,4.0,15,0,22.0,2,1,0,0,3,3,2.0,2.0,2.0,9.47278715424285,0.3133907527436358,237,9.98143459915612,0.07643117237598031
47,0,Travel_Frequently,Research & Development,7,4,Life Sciences,450,Male,3,Sales Executive,Divorced,69310,1.0,11,0,20.0,3,19,2,7,3,3,3.0,3.0,4.0,10.091632387706856,0.31559128071307313,235,9.9977304964539,0.07051002202420635
36,0,Non-Travel,Sales,28,1,Life Sciences,451,Male,2,Research Scientist,Divorced,48980,4.0,13,1,12.0,3,7,0,7,3,3,1.0,4.0,3.0,6.805802341597796,0.2971650949199362,242,9.998691460055097,0.07462598923981421
31,1,Non-Travel,Research & Development,28,4,Medical,452,Male,2,Research Scientist,Single,25930,0.0,21,0,4.0,2,3,1,2,3,4,3.0,1.0,3.0,8.187664565826331,0.3093669365842519,238,9.997268907563027,0.07575786362364921
33,0,Non-Travel,Sales,15,3,Other,453,Male,4,Research Director,Single,194360,1.0,19,2,10.0,4,10,6,0,3,3,4.0,3.0,3.0,7.934158285440613,0.2939105290157573,232,10.00955459770115,0.07943573149392108
29,1,Travel_Rarely,Human Resources,3,5,Life Sciences,454,Male,1,Sales Executive,Single,27230,6.0,11,1,3.0,2,0,0,0,2,3,4.0,1.0,3.0,10.280916902071564,0.2774855292657168,236,10.008262711864406,0.08026831650438764
33,0,Travel_Rarely,Research & Development,2,2,Technical Degree,455,Male,2,Laboratory Technician,Single,34790,3.0,12,0,5.0,3,3,0,2,3,3,2.0,4.0,3.0,7.51569330601093,0.2809739017174795,244,10.019467213114755,0.07651361529005232
45,0,Travel_Rarely,Research & Development,26,1,Medical,456,Female,3,Healthcare Representative,Divorced,27940,3.0,19,1,8.0,2,5,0,2,3,3,4.0,4.0,3.0,7.010381512217611,0.32094190302157666,241,9.957952973720609,0.08501866259412937
50,0,Travel_Rarely,Sales,10,1,Life Sciences,457,Female,1,Manufacturing Director,Divorced,52490,9.0,21,2,32.0,2,5,1,3,2,4,4.0,4.0,2.0,7.387595410628021,0.30119202673719325,230,9.993260869565217,0.07622682636120069
33,0,Travel_Frequently,Sales,1,3,Marketing,458,Male,2,Human Resources,Married,21760,1.0,14,1,6.0,2,6,1,2,2,3,3.0,2.0,3.0,8.981857999077915,0.28784563209348957,241,10.0304979253112,0.07364586214845552
41,0,Travel_Frequently,Sales,11,3,Other,459,Male,1,Laboratory Technician,Divorced,168720,2.0,15,1,21.0,2,18,0,11,3,3,1.0,3.0,4.0,7.90585137085137,0.3140672391145601,231,9.971861471861471,0.07902845222410448
27,0,Travel_Rarely,Research & Development,20,4,Other,460,Male,2,Manufacturing Director,Married,34850,9.0,17,2,4.0,2,2,2,2,3,3,3.0,2.0,3.0,7.078493085360038,0.3017442601682223,233,9.985336194563661,0.07850171838258262
45,0,Non-Travel,Sales,2,3,Medical,461,Female,1,Sales Executive,Married,66440,1.0,12,0,9.0,3,9,0,8,4,3,4.0,1.0,3.0,8.703335629017447,0.3152172927072274,242,9.998829201101927,0.0728374893788888
47,0,Travel_Rarely,Sales,18,4,Medical,462,Female,2,Research Scientist,Single,55820,1.0,16,0,9.0,3,9,0,7,3,3,4.0,4.0,3.0,7.972122359963269,0.32879553008354795,242,9.99228650137741,0.08212559392491495
30,1,Travel_Rarely,Sales,2,3,Life Sciences,463,Male,2,Healthcare Representative,Married,40000,4.0,12,0,7.0,5,5,0,1,2,3,1.0,3.0,3.0,10.505095744680853,0.3017915651047104,235,9.983617021276599,0.06471501889232387
50,0,Travel_Rarely,Research & Development,1,3,Technical Degree,464,Female,2,Sales Executive,Married,134960,3.0,18,1,22.0,3,12,1,5,3,3,4.0,3.0,3.0,9.480353223593962,0.2992202054968242,243,9.976406035665295,0.07869033583118878
38,0,Travel_Frequently,Research & Development,13,3,Technical Degree,465,Male,1,Manufacturing Director,Married,32100,0.0,17,2,3.0,5,2,0,2,2,3,3.0,3.0,2.0,7.704971539162114,0.27704529650151005,244,9.99521857923497,0.08605157525467194
46,0,Travel_Rarely,Research & Development,28,3,Medical,466,Female,3,Human Resources,Divorced,190450,6.0,11,3,13.0,2,8,0,7,3,3,4.0,3.0,3.0,6.886907713498623,0.30676648843377347,242,9.991942148760332,0.08029787215801917
24,0,Travel_Rarely,Sales,28,3,Life Sciences,467,Female,1,Healthcare Representative,Divorced,118490,1.0,16,1,5.0,3,4,3,2,3,3,4.0,3.0,3.0,6.593336748633879,0.29604067600292433,244,9.962704918032788,0.06685666794096251
35,1,Travel_Rarely,Sales,24,3,Medical,468,Male,3,Healthcare Representative,Divorced,20700,1.0,13,3,5.0,1,4,0,2,2,3,3.0,2.0,1.0,9.320771072796935,0.29034155013881285,232,9.998132183908046,0.07319995936375237
31,0,Travel_Frequently,Research & Development,5,2,Technical Degree,469,Male,2,Sales Executive,Married,65020,1.0,12,0,4.0,3,4,0,3,3,3,3.0,1.0,3.0,6.301517447199265,0.29026310191485555,242,9.990358126721764,0.07536999569440156
18,0,Non-Travel,Sales,5,4,Other,470,Male,2,Manager,Single,32300,1.0,12,1,0.0,3,0,0,0,3,3,2.0,4.0,3.0,6.313124113475177,0.29294543513104815,235,9.973120567375886,0.07278699157422565
54,0,Travel_Rarely,Sales,23,3,Medical,471,Female,1,Laboratory Technician,Married,136030,8.0,13,1,22.0,2,10,0,8,3,3,3.0,3.0,3.0,6.600198067632849,0.3015866453333112,230,9.975434782608698,0.07091138219100054
35,0,Travel_Rarely,Research & Development,6,4,Medical,472,Female,1,Manufacturing Director,Divorced,119960,1.0,19,2,16.0,3,16,10,1,3,3,3.0,3.0,2.0,9.58983449074074,0.32055187228714904,240,10.004305555555558,0.08822173795134043
30,0,Travel_Rarely,Research & Development,4,3,Life Sciences,473,Female,5,Healthcare Representative,Married,56050,0.0,12,1,9.0,0,8,1,7,2,3,2.0,1.0,2.0,10.11788268955651,0.2734362095626963,233,9.958512160228898,0.07728714460723861
20,1,Travel_Rarely,Research & Development,2,2,Life Sciences,474,Female,2,Research Scientist,Single,63970,1.0,17,1,1.0,3,1,0,0,3,3,4.0,1.0,3.0,8.31476602120793,0.3005711256023738,241,9.990041493775932,0.07093050753035192
30,1,Travel_Frequently,Research & Development,8,4,Medical,475,Male,1,Sales Executive,Single,191440,0.0,11,0,4.0,3,3,1,2,3,3,2.0,2.0,3.0,7.605639619883041,0.28020195152796307,228,10.019663742690058,0.06813219186610674
26,0,Travel_Rarely,Sales,1,3,Marketing,476,Female,2,Research Scientist,Married,175840,1.0,20,0,8.0,2,8,1,3,3,4,4.0,4.0,3.0,7.928281400966183,0.3077347081958081,230,9.987971014492755,0.08126175558508955
48,0,Travel_Rarely,Human Resources,2,4,Medical,478,Male,2,Sales Executive,Single,45540,2.0,11,2,19.0,3,2,2,2,3,3,1.0,3.0,3.0,7.9805807041609516,0.3023696249044582,243,9.979218106995884,0.09351146141550189
48,0,Travel_Rarely,Sales,3,3,Medical,479,Male,1,Research Director,Single,54150,7.0,11,1,27.0,1,15,4,8,3,3,3.0,3.0,3.0,6.542558922558922,0.2857494293634349,231,9.980447330447332,0.07735878453269758
41,0,Travel_Rarely,Research & Development,2,3,Life Sciences,480,Male,2,Research Scientist,Single,47410,6.0,16,0,8.0,3,2,2,1,3,3,4.0,3.0,3.0,6.894249533146591,0.31130613896392817,238,10.009453781512605,0.0874454106537131
39,0,Travel_Rarely,Sales,2,3,Life Sciences,481,Male,3,Human Resources,Married,21150,1.0,18,0,21.0,3,21,11,8,4,3,4.0,4.0,3.0,7.099682372245663,0.3012054130981339,237,9.995288326300987,0.07935741416164069
27,0,Travel_Rarely,Research & Development,3,3,Life Sciences,482,Male,2,Human Resources,Married,31610,0.0,13,2,4.0,0,3,2,2,3,3,1.0,4.0,3.0,7.294853680841335,0.3140175044365895,243,9.989917695473252,0.06902212359283065
35,0,Travel_Rarely,Sales,24,3,Medical,483,Male,5,Sales Executive,Divorced,57450,1.0,17,3,3.0,4,3,1,2,3,3,2.0,4.0,2.0,6.933727824463118,0.2711845829459231,238,9.982212885154063,0.07320783446993417
42,0,Travel_Rarely,Research & Development,23,4,Other,484,Male,1,Research Scientist,Married,23730,6.0,14,1,21.0,3,1,0,0,4,3,4.0,3.0,3.0,8.030177875243666,0.3302886454481964,228,10.016301169590646,0.07223310126147488
50,0,Travel_Rarely,Sales,27,3,Medical,485,Male,2,Sales Executive,Married,33100,4.0,22,1,8.0,3,1,0,0,4,4,1.0,4.0,3.0,6.191245291902071,0.30152357349042735,236,10.001059322033898,0.07691731277797817
59,0,Travel_Rarely,Research & Development,16,4,Medical,486,Female,5,Laboratory Technician,Single,186650,3.0,12,0,30.0,3,5,4,3,2,3,3.0,4.0,3.0,10.105665532879817,0.31030150693911723,245,10.004965986394557,0.08842355302776843
37,1,Travel_Rarely,Sales,15,3,Marketing,487,Male,2,Laboratory Technician,Married,44850,5.0,11,1,15.0,2,1,0,0,4,3,1.0,2.0,1.0,6.590548433048434,0.294008375416863,234,9.981267806267807,0.06244802811505248
55,0,Travel_Frequently,Research & Development,26,2,Life Sciences,488,Female,2,Sales Executive,Married,27890,3.0,13,1,17.0,2,8,6,7,2,3,3.0,2.0,3.0,8.626039312617701,0.29765132368518954,236,9.971045197740112,0.08004457667187564
41,0,Non-Travel,Research & Development,19,1,Life Sciences,489,Male,2,Research Scientist,Divorced,58280,1.0,13,0,21.0,0,21,5,10,3,3,2.0,3.0,3.0,6.273640479686735,0.3072294808932111,227,10.009397944199705,0.0723916221589802
38,0,Travel_Rarely,Research & Development,24,2,Other,490,Female,1,Laboratory Technician,Single,23260,8.0,14,0,19.0,3,1,0,0,4,3,3.0,4.0,3.0,8.381559454191034,0.3094757766080171,228,9.984941520467835,0.06314718207658153
26,1,Non-Travel,Research & Development,21,1,Life Sciences,491,Female,1,Manufacturing Director,Single,135250,8.0,17,1,7.0,4,2,2,2,2,3,2.0,1.0,3.0,7.659834287076777,0.28320414383270626,233,9.979542203147354,0.07721856346504867
52,1,Travel_Rarely,Research & Development,5,4,Medical,492,Female,4,Human Resources,Married,14200,1.0,13,1,33.0,2,32,6,9,4,3,1.0,4.0,3.0,6.014918785310734,0.31632303782477106,236,9.993361581920905,0.0718966422246263
44,0,Travel_Rarely,Research & Development,16,3,Life Sciences,493,Female,1,Healthcare Representative,Married,80200,3.0,11,1,23.0,2,12,11,11,3,3,4.0,4.0,3.0,10.897943989071038,0.2995114761926106,244,9.99924863387978,0.06665581172652109
50,0,Non-Travel,Human Resources,2,2,Life Sciences,494,Male,1,Laboratory Technician,Married,36880,0.0,11,0,19.0,3,18,0,13,2,3,4.0,3.0,3.0,6.443813352826512,0.2747593202735525,228,10.004678362573099,0.07424135473289194
36,1,Travel_Rarely,Sales,2,4,Technical Degree,495,Male,4,Sales Executive,Single,54820,1.0,18,0,18.0,3,17,15,14,3,3,3.0,1.0,3.0,7.827982941447671,0.2871861268260226,241,9.992392807745507,0.08169188950361153
39,0,Travel_Frequently,Sales,11,3,Marketing,496,Male,1,Sales Executive,Single,160150,1.0,11,0,21.0,3,21,2,8,4,3,4.0,1.0,3.0,10.81973726851852,0.29701697417997586,240,10.011944444444445,0.06444994576166115
33,0,Non-Travel,Sales,9,2,Technical Degree,497,Male,5,Sales Representative,Single,12000,0.0,11,1,3.0,3,2,2,2,3,3,2.0,4.0,2.0,7.626725768321513,0.3108334327140933,235,10.00141843971631,0.06652457012386088
45,0,Travel_Rarely,Research & Development,7,2,Other,498,Male,1,Human Resources,Married,56610,3.0,12,0,26.0,2,9,1,1,2,3,4.0,4.0,4.0,7.3994878829446735,0.3105263037421923,243,9.997050754458161,0.08178304745925401
32,0,Non-Travel,Research & Development,15,3,Medical,499,Male,2,Manager,Single,69290,9.0,20,0,10.0,6,8,7,7,1,4,4.0,3.0,3.0,7.197954014939309,0.28830335689500547,238,10.003011204481792,0.08021241337603963
34,0,Travel_Rarely,Sales,6,4,Marketing,500,Male,2,Research Director,Divorced,96130,0.0,12,1,16.0,5,15,0,9,2,3,2.0,4.0,2.0,7.064413580246915,0.3029149801604259,243,9.958847736625515,0.0850005951773629
59,0,Travel_Rarely,Research & Development,5,3,Life Sciences,501,Male,2,Research Scientist,Married,56740,3.0,12,0,14.0,6,6,0,4,3,3,2.0,4.0,1.0,8.10601775011526,0.29117240626428137,241,9.98609958506224,0.08080018633779006
45,0,Travel_Rarely,Research & Development,16,1,Medical,502,Male,2,Sales Executive,Single,54840,1.0,20,3,6.0,6,6,0,4,3,4,2.0,2.0,3.0,6.67149931693989,0.3001182536956557,244,9.984631147540984,0.07547041665729688
53,0,Travel_Frequently,Sales,8,2,Medical,503,Male,2,Research Scientist,Married,120610,2.0,20,1,30.0,2,15,6,12,4,4,3.0,2.0,3.0,7.780307621671259,0.30024934313318546,242,10.00151515151515,0.08096588289534351
36,1,Travel_Rarely,Research & Development,7,2,Life Sciences,504,Female,1,Research Scientist,Divorced,56600,7.0,12,0,9.0,3,1,0,0,3,3,1.0,3.0,2.0,6.082619895536562,0.29338791753880966,234,9.970584045584044,0.07940638131804083
26,1,Travel_Frequently,Sales,2,3,Life Sciences,505,Male,2,Research Scientist,Married,48210,6.0,14,2,6.0,2,3,1,2,3,3,1.0,1.0,3.0,8.209500962000963,0.29495415812223336,231,9.9998556998557,0.07501447184055875
34,0,Travel_Rarely,Research & Development,2,2,Life Sciences,506,Male,1,Sales Representative,Married,64100,1.0,13,1,1.0,5,1,0,0,2,3,3.0,3.0,3.0,9.218184198542804,0.31885294767220274,244,10.010997267759564,0.07641148421746993
28,0,Travel_Rarely,Research & Development,10,3,Other,507,Male,2,Sales Representative,Married,52100,1.0,15,0,1.0,1,1,0,0,4,3,4.0,2.0,3.0,7.768436639118458,0.29635983551804496,242,9.962741046831956,0.07575561823439976
38,0,Travel_Frequently,Sales,9,4,Medical,508,Male,2,Research Scientist,Married,26950,3.0,14,1,8.0,4,2,2,2,1,3,3.0,3.0,3.0,7.59047735760971,0.29750438787459255,238,9.990126050420168,0.08212783214551644
50,0,Travel_Rarely,Research & Development,5,4,Life Sciences,509,Male,1,Sales Executive,Married,118780,2.0,13,1,29.0,2,8,7,7,3,3,2.0,3.0,2.0,9.595219610636278,0.2935048140695247,234,9.998361823361822,0.07680107214620807
37,0,Travel_Rarely,Research & Development,1,3,Life Sciences,510,Male,1,Laboratory Technician,Single,170680,3.0,23,0,8.0,6,4,0,1,3,4,4.0,2.0,2.0,7.26327536231884,0.3026734170079535,230,9.985289855072464,0.09293768854291919
40,0,Travel_Rarely,Human Resources,2,3,Medical,511,Male,5,Sales Executive,Married,24550,1.0,15,1,8.0,2,7,7,5,3,3,3.0,1.0,2.0,6.117728613569322,0.30837735472666394,226,10.012536873156341,0.07432114060963618
26,0,Travel_Frequently,Research & Development,3,3,Medical,512,Male,2,Laboratory Technician,Divorced,139640,1.0,11,2,5.0,1,5,1,3,2,3,1.0,3.0,3.0,7.708791383219954,0.3090126072350494,245,10.014149659863946,0.07845106129883646
46,0,Travel_Rarely,Research & Development,2,1,Medical,513,Female,3,Research Scientist,Divorced,49410,9.0,13,2,23.0,2,2,2,2,2,3,4.0,4.0,3.0,7.396068376068375,0.3153087579294842,234,9.987250712250713,0.07187896119405421
54,0,Travel_Rarely,Research & Development,5,3,Medical,514,Female,2,Manufacturing Director,Married,24780,6.0,11,0,13.0,0,9,7,0,3,3,3.0,3.0,3.0,7.5718037974683545,0.3065410187454986,237,9.989381153305203,0.07635686587681871
56,0,Travel_Frequently,Research & Development,1,2,Life Sciences,515,Female,2,Manufacturing Director,Married,52280,2.0,11,0,18.0,4,5,0,3,3,3,1.0,3.0,3.0,6.912598950882213,0.27116623944474244,233,9.972031473533619,0.08688081701280978
36,0,Travel_Rarely,Research & Development,4,2,Life Sciences,516,Female,2,Human Resources,Single,44780,0.0,18,1,15.0,3,14,7,8,3,3,4.0,4.0,2.0,6.6080651340996175,0.30909339763775207,232,9.998132183908046,0.07024180640559938
55,0,Non-Travel,Research & Development,2,3,Medical,517,Female,2,Manager,Single,75470,7.0,16,0,31.0,2,9,6,2,2,3,3.0,1.0,4.0,6.108080029368576,0.2994048221284256,227,9.991116005873716,0.08368055826283577
43,0,Travel_Rarely,Sales,25,2,Life Sciences,518,Male,3,Research Scientist,Divorced,50550,5.0,22,0,18.0,2,1,0,0,2,4,3.0,4.0,3.0,7.925064545873675,0.27386904261656503,241,9.993499308437068,0.0728950649300753
20,1,Travel_Frequently,Sales,8,3,Marketing,519,Male,3,Sales Executive,Single,34640,1.0,20,0,2.0,3,2,0,2,2,4,4.0,4.0,3.0,9.111901005944217,0.2820407743773778,243,10.004526748971191,0.06870991055334491
21,1,Travel_Rarely,Research & Development,1,4,Life Sciences,520,Male,1,Manager,Single,57750,1.0,18,0,1.0,2,1,1,0,3,3,3.0,1.0,2.0,6.621757641921398,0.2813228128960252,229,9.954803493449782,0.07818588957838563
46,0,Travel_Rarely,Sales,12,3,Marketing,521,Female,3,Healthcare Representative,Divorced,89430,8.0,12,1,19.0,6,16,1,7,3,3,4.0,1.0,3.0,10.988871455137144,0.30718406749210364,239,10.016945606694561,0.06531037938187832
51,1,Travel_Rarely,Sales,23,3,Medical,522,Female,2,Research Scientist,Married,192720,9.0,20,0,18.0,2,10,2,7,3,4,1.0,3.0,4.0,8.716918044077135,0.2601545317001243,242,10.027341597796143,0.08032932588807738
28,1,Non-Travel,Research & Development,19,4,Life Sciences,523,Female,4,Laboratory Technician,Single,52380,1.0,17,1,10.0,4,10,1,9,2,3,2.0,1.0,2.0,7.419935622317596,0.2992199695202541,233,10.001859799713877,0.07501568332428915
26,0,Travel_Rarely,Research & Development,5,4,Medical,524,Female,2,Sales Executive,Married,46820,1.0,11,1,6.0,3,5,1,3,1,3,1.0,1.0,3.0,7.517420634920635,0.3105020560628582,231,10.012481962481964,0.06001381307903053
30,0,Travel_Rarely,Research & Development,8,3,Medical,525,Female,1,Sales Executive,Married,183000,0.0,14,0,7.0,6,6,0,2,3,3,3.0,1.0,2.0,6.251273433927755,0.30456348937157246,243,9.981344307270234,0.0782203157652091
41,0,Travel_Rarely,Sales,1,4,Life Sciences,526,Female,1,Research Director,Married,52570,1.0,14,0,10.0,2,10,0,8,4,3,2.0,3.0,3.0,7.878476324425691,0.3309902402322055,237,9.993319268635725,0.07501991505558332
38,0,Travel_Rarely,Research & Development,5,3,Technical Degree,527,Male,1,Sales Executive,Married,63490,0.0,11,0,20.0,3,19,1,9,3,3,3.0,3.0,2.0,7.293590579710146,0.29823661493725184,230,9.99586956521739,0.06476088538700077
40,0,Travel_Rarely,Sales,1,4,Marketing,528,Male,1,Sales Executive,Married,48690,4.0,12,0,14.0,2,11,11,1,3,3,1.0,4.0,3.0,7.923936741363212,0.30181943583885623,238,9.971358543417367,0.06388905140115113
27,0,Non-Travel,Sales,11,3,Technical Degree,529,Female,2,Laboratory Technician,Married,99850,1.0,14,1,3.0,3,3,1,2,2,3,1.0,3.0,3.0,8.007610882487427,0.29124062322189986,243,10.017969821673526,0.0753483865969837
55,0,Travel_Frequently,Research & Development,23,5,Life Sciences,530,Male,3,Laboratory Technician,Married,36970,3.0,13,1,23.0,1,3,1,2,3,3,4.0,2.0,3.0,6.733892496392495,0.3097527307611388,231,9.960894660894661,0.07554624924190147
28,0,Travel_Rarely,Research & Development,1,3,Life Sciences,531,Male,2,Healthcare Representative,Single,74570,3.0,11,2,10.0,1,8,1,7,4,3,3.0,3.0,4.0,6.612759487882944,0.29634581798662396,243,9.98923182441701,0.06492144603536298
44,1,Travel_Rarely,Research & Development,18,4,Life Sciences,532,Female,2,Sales Executive,Married,21190,9.0,15,0,24.0,3,20,3,6,3,3,2.0,1.0,3.0,6.190119870908253,0.3274699929709637,241,9.97005532503458,0.09083221914860923
33,0,Travel_Rarely,Sales,23,4,Marketing,533,Female,4,Sales Executive,Divorced,39830,4.0,12,0,9.0,3,3,1,2,3,3,4.0,4.0,3.0,6.412309251311397,0.2838948052000575,233,9.974821173104434,0.07814921357275578
35,1,Travel_Rarely,Sales,7,4,Life Sciences,534,Male,3,Sales Representative,Single,61180,0.0,21,1,9.0,3,8,4,7,2,4,4.0,1.0,3.0,9.812394349477682,0.30495502999930885,234,9.952777777777778,0.07859859322842153
33,1,Travel_Frequently,Research & Development,1,2,Life Sciences,535,Female,1,Sales Executive,Single,62140,1.0,19,2,14.0,3,13,3,8,3,3,1.0,3.0,3.0,7.795180737506065,0.29718108333534815,229,9.988136826783116,0.06992321901308338
28,0,Travel_Rarely,Human Resources,1,1,Human Resources,536,Male,2,Research Scientist,Divorced,63470,1.0,15,1,4.0,2,4,2,2,3,3,1.0,3.0,2.0,6.665248419150859,0.29980376405669945,246,9.994715447154471,0.07570665339306454
34,0,Travel_Frequently,Sales,29,4,Marketing,537,Male,1,Research Scientist,Single,115100,0.0,14,1,7.0,5,6,0,4,3,3,1.0,4.0,2.0,6.688168328584995,0.2622114282508871,234,9.988176638176638,0.07667410505035675
37,0,Travel_Rarely,Research & Development,7,4,Life Sciences,538,Male,4,Sales Executive,Divorced,71430,2.0,21,0,8.0,6,1,0,0,2,4,4.0,4.0,3.0,10.582439909297051,0.313864517171398,245,9.990952380952379,0.07794034608378873
25,1,Travel_Rarely,Human Resources,25,4,Human Resources,539,Female,2,Research Scientist,Married,82680,1.0,12,0,7.0,3,7,5,6,2,3,4.0,4.0,4.0,10.899974537037036,0.29194645320789586,240,9.993958333333333,0.0738952376801488
26,1,Travel_Rarely,Sales,8,2,Marketing,540,Male,2,Sales Executive,Divorced,80950,1.0,15,0,1.0,3,1,0,0,4,3,1.0,3.0,2.0,7.810643776824034,0.3037715698448388,233,9.97474964234621,0.08226795668689268
33,1,Travel_Rarely,Research & Development,8,2,Life Sciences,541,Male,4,Manufacturing Director,Single,29040,4.0,13,0,5.0,2,2,2,2,3,3,1.0,2.0,3.0,10.211385327635327,0.2982078344838282,234,9.953133903133903,0.07665918752470977
42,0,Travel_Rarely,Research & Development,11,1,Life Sciences,542,Male,4,Research Scientist,Married,60320,0.0,14,0,23.0,2,22,13,7,2,3,4.0,1.0,3.0,6.781549408014572,0.27894473073643605,244,9.990232240437159,0.07599587634082172
28,1,Travel_Frequently,Research & Development,7,3,Life Sciences,543,Male,2,Manager,Divorced,29760,1.0,14,0,1.0,3,1,0,0,3,3,1.0,2.0,3.0,6.296936170212766,0.3092688056126614,235,10.009007092198582,0.07140119415651328
50,1,Travel_Frequently,Research & Development,1,4,Medical,544,Male,2,Research Scientist,Single,159920,3.0,14,0,5.0,3,0,0,0,3,3,4.0,3.0,3.0,10.463207994579944,0.3179016143684445,246,9.98590785907859,0.07814980734841365
33,0,Travel_Frequently,Sales,9,3,Medical,545,Female,2,Research Scientist,Married,46490,0.0,12,0,4.0,2,3,0,2,2,3,4.0,2.0,3.0,8.041233424782808,0.27742440555926223,243,9.988271604938271,0.09801040710131614
34,0,Non-Travel,Sales,1,1,Marketing,546,Female,2,Research Director,Married,26960,3.0,23,0,6.0,3,0,0,0,3,4,3.0,4.0,3.0,7.120342066957788,0.3061922773690474,229,9.987772925764192,0.07819779616435557
48,0,Non-Travel,Sales,2,1,Life Sciences,547,Male,2,Sales Executive,Single,23700,2.0,11,0,27.0,3,5,2,1,3,3,1.0,4.0,2.0,6.210528752436647,0.2722569153107847,228,10.015862573099415,0.07926635988527375
45,0,Non-Travel,Research & Development,1,3,Medical,548,Female,2,Human Resources,Married,125040,1.0,12,1,15.0,2,15,4,12,3,3,2.0,3.0,3.0,6.015613026819923,0.30863085545669305,232,10.024640804597698,0.08767182809208666
52,0,Travel_Rarely,Sales,1,3,Life Sciences,549,Male,1,Sales Executive,Single,59740,7.0,18,1,18.0,6,8,4,0,3,3,2.0,2.0,3.0,7.982319788797062,0.2992411829480516,242,9.963980716253445,0.06517601991244008
38,0,Travel_Rarely,Research & Development,6,2,Medical,550,Male,1,Research Scientist,Divorced,47360,0.0,11,1,9.0,3,8,2,7,2,3,3.0,3.0,3.0,10.697828385065227,0.3012432411520019,247,10.002564102564104,0.07128517823639777
29,0,Travel_Rarely,Research & Development,8,3,Medical,551,Female,4,Research Scientist,Divorced,52960,4.0,14,0,11.0,3,7,1,7,4,3,3.0,4.0,3.0,6.323727053140097,0.30770490132650036,230,10.017463768115942,0.08620872624095535
28,0,Travel_Rarely,Human Resources,1,3,Human Resources,552,Female,4,Laboratory Technician,Divorced,67810,0.0,15,1,10.0,2,9,1,7,3,3,4.0,2.0,2.0,6.89652719174871,0.2823654545753328,237,10.043881856540084,0.07378420820520151
46,0,Travel_Rarely,Research & Development,6,4,Medical,553,Male,3,Sales Executive,Married,21740,3.0,11,1,23.0,3,12,4,9,3,3,1.0,3.0,3.0,6.399091970121382,0.2894141092647439,238,10.025280112044818,0.08066975242980454
38,0,Travel_Rarely,Research & Development,7,4,Medical,554,Male,1,Sales Executive,Single,66530,7.0,20,1,10.0,2,1,0,0,3,4,4.0,2.0,3.0,7.389816810344827,0.3227975770974772,232,9.970689655172412,0.0833266988439402
43,0,Travel_Frequently,Research & Development,5,3,Medical,555,Female,2,Laboratory Technician,Married,96990,8.0,19,1,18.0,3,8,0,1,3,3,3.0,1.0,3.0,7.119895264116576,0.3028006986954518,244,10.00204918032787,0.0704118786870254
39,1,Travel_Frequently,Sales,1,3,Marketing,556,Male,2,Healthcare Representative,Divorced,67550,7.0,14,1,21.0,2,18,11,5,3,3,1.0,4.0,3.0,7.199784215546018,0.27620118821084605,233,9.988984263233188,0.07952611900416018
40,0,Travel_Rarely,Research & Development,1,1,Life Sciences,557,Male,1,Healthcare Representative,Single,22130,1.0,17,0,21.0,4,20,4,9,3,3,3.0,3.0,4.0,5.983684270690444,0.3085140929502801,243,10.003772290809328,0.07337987998201245
21,0,Travel_Rarely,Research & Development,1,4,Life Sciences,558,Female,1,Research Scientist,Single,26100,1.0,11,1,2.0,3,2,2,2,2,3,4.0,2.0,4.0,10.518713512241055,0.28991193474579996,236,9.989971751412428,0.08494155948230954
39,0,Non-Travel,Research & Development,6,3,Life Sciences,559,Male,1,Laboratory Technician,Single,28510,9.0,15,0,9.0,2,5,0,3,3,3,3.0,2.0,2.0,6.195073915116834,0.30602645461850775,233,10.010729613733906,0.0713067929554536
36,0,Non-Travel,Research & Development,1,3,Medical,560,Male,3,Sales Representative,Single,34520,2.0,13,3,18.0,4,11,0,9,4,3,1.0,4.0,3.0,7.195747584541063,0.2903693805320916,230,10.001666666666667,0.07971458030082489
31,0,Travel_Frequently,Research & Development,7,3,Life Sciences,561,Male,1,Sales Executive,Married,52580,0.0,14,3,3.0,5,2,2,2,3,3,3.0,4.0,3.0,6.606262183235867,0.2837036443997394,228,10.001023391812867,0.08119816489338864
28,0,Travel_Rarely,Sales,2,4,Marketing,562,Male,1,Sales Executive,Married,93550,0.0,11,0,6.0,4,5,0,4,3,3,1.0,2.0,1.0,7.4839790448343075,0.3018330843733655,228,9.980555555555556,0.0662869146679719
35,0,Travel_Frequently,Research & Development,9,2,Other,563,Female,1,Manufacturing Director,Divorced,104960,1.0,13,1,5.0,2,5,0,2,3,3,4.0,4.0,3.0,6.596385249878699,0.3133303096300718,229,9.995196506550219,0.07822243928598786
49,0,Travel_Rarely,Sales,2,2,Medical,564,Female,1,Sales Executive,Married,63800,6.0,23,1,22.0,1,9,2,3,2,4,4.0,2.0,3.0,7.172206521739131,0.2994718034343449,230,10.005869565217392,0.0750927631162584
34,0,Travel_Frequently,Sales,9,1,Technical Degree,565,Male,2,Sales Executive,Single,26570,2.0,13,1,5.0,3,3,0,2,2,3,4.0,3.0,2.0,8.026111111111112,0.30737553348178503,230,9.984202898550723,0.08105940552285718
29,0,Travel_Frequently,Research & Development,1,4,Medical,566,Male,3,Research Scientist,Divorced,27160,0.0,18,0,8.0,2,7,1,1,1,3,4.0,2.0,2.0,7.10237188697318,0.3010831925149967,232,9.980675287356322,0.07458525629861838
42,0,Travel_Rarely,Sales,21,2,Life Sciences,567,Female,1,Healthcare Representative,Single,22010,4.0,12,1,16.0,3,1,0,0,4,3,2.0,4.0,3.0,7.202196251129179,0.31956907105050325,246,9.976964769647697,0.06900235975148865
29,0,Travel_Rarely,Sales,4,2,Other,568,Female,2,Healthcare Representative,Married,65400,1.0,22,0,10.0,2,10,1,2,1,4,2.0,4.0,2.0,10.8985589569161,0.31722130477669735,245,9.968163265306123,0.0724317218690755
38,0,Travel_Rarely,Research & Development,1,3,Medical,569,Female,1,Human Resources,Married,38160,1.0,13,2,7.0,2,7,5,0,2,3,3.0,3.0,4.0,6.523463618485743,0.29248883901372125,226,10.006489675516226,0.08130831421391894
28,0,Travel_Frequently,Sales,6,4,Life Sciences,570,Male,1,Manager,Divorced,52530,1.0,15,0,3.0,2,3,0,2,3,3,3.0,3.0,3.0,10.684742231638419,0.2912314921813251,236,9.964830508474577,0.08571292623312099
18,1,Non-Travel,Research & Development,2,4,Medical,571,Male,3,Laboratory Technician,Single,109650,1.0,18,0,0.0,5,0,0,0,4,3,3.0,3.0,3.0,6.993391500474834,0.29223473232329467,234,9.966239316239315,0.08512380323539114
33,1,Travel_Rarely,Research & Development,3,2,Life Sciences,572,Male,1,Sales Executive,Single,49360,0.0,14,0,6.0,2,5,0,3,2,3,1.0,1.0,3.0,8.983830721747388,0.28946310038489226,234,9.957407407407407,0.07647565304932985
41,0,Travel_Rarely,Research & Development,4,2,Medical,573,Male,2,Research Scientist,Married,25430,3.0,12,0,6.0,3,1,0,0,3,3,2.0,4.0,3.0,8.124268207282913,0.3021326408651671,238,9.9406162464986,0.07574607902232619
31,1,Travel_Frequently,Sales,10,3,Technical Degree,574,Female,1,Research Director,Married,53040,1.0,17,0,2.0,3,2,2,2,4,3,3.0,3.0,2.0,7.1295670995671,0.29973107073089117,231,10.00851370851371,0.08001898906246739
27,0,Travel_Rarely,Research & Development,6,2,Medical,576,Female,1,Healthcare Representative,Married,42600,1.0,11,2,4.0,2,4,2,2,3,3,4.0,3.0,3.0,7.4150274201239865,0.2982611180282523,233,9.981330472103005,0.07835804022166308
34,0,Travel_Rarely,Sales,1,1,Marketing,577,Female,2,Laboratory Technician,Married,24760,1.0,19,0,6.0,2,6,1,3,3,3,2.0,3.0,2.0,7.086783816425121,0.30412861424825466,230,9.955144927536232,0.07322790224247407
35,0,Travel_Rarely,Research & Development,6,3,Life Sciences,578,Female,3,Laboratory Technician,Single,31020,1.0,13,1,6.0,3,5,1,4,2,3,3.0,3.0,1.0,6.8021223599632705,0.2969591242801686,242,9.985055096418733,0.08392394808134146
29,1,Travel_Rarely,Research & Development,6,3,Life Sciences,579,Male,1,Sales Executive,Married,22440,1.0,12,3,11.0,5,11,3,10,1,3,4.0,1.0,1.0,6.79266620176662,0.3112896508171656,239,9.998256624825661,0.07136132695756123
40,0,Travel_Frequently,Research & Development,2,4,Medical,580,Male,4,Human Resources,Single,75960,9.0,11,0,20.0,0,18,2,13,1,3,2.0,3.0,2.0,6.714373219373219,0.299780370190614,234,10.0008547008547,0.0670450460364625
42,1,Travel_Frequently,Sales,2,4,Life Sciences,581,Male,1,Laboratory Technician,Single,22850,0.0,16,0,22.0,3,21,13,14,1,3,3.0,1.0,2.0,8.01858706108706,0.32358328147861504,231,9.976479076479077,0.08919073760378092
42,0,Travel_Rarely,Research & Development,1,2,Life Sciences,582,Male,4,Laboratory Technician,Single,30340,7.0,21,1,9.0,3,6,1,5,2,4,2.0,1.0,4.0,7.694989177489178,0.3136241255698869,231,10.005194805194806,0.06757434594391105
35,0,Travel_Rarely,Research & Development,5,3,Medical,583,Male,1,Healthcare Representative,Married,57150,6.0,24,2,10.0,0,8,1,7,3,4,4.0,3.0,3.0,7.065130934899657,0.3055881086640986,227,9.994933920704847,0.07825470308716587
24,0,Travel_Rarely,Sales,7,4,Life Sciences,584,Female,1,Laboratory Technician,Single,25760,8.0,17,3,6.0,3,4,1,2,3,3,4.0,2.0,3.0,7.908282163742689,0.3100673330984854,228,9.997222222222224,0.08305147658671896
28,1,Travel_Rarely,Research & Development,15,4,Life Sciences,585,Male,2,Sales Executive,Married,41970,1.0,13,0,1.0,3,1,0,0,1,3,3.0,4.0,2.0,10.291057422969187,0.28953527656958195,238,10.003081232492999,0.07620002994165317
26,0,Travel_Rarely,Research & Development,1,4,Life Sciences,586,Male,2,Sales Representative,Married,143360,1.0,21,1,8.0,3,8,0,7,3,4,1.0,4.0,3.0,7.521268861454047,0.2916814601333992,243,9.982098765432097,0.07551270278543
30,0,Travel_Rarely,Research & Development,7,2,Life Sciences,587,Female,1,Manufacturing Director,Married,34480,1.0,11,0,10.0,3,10,1,4,3,3,3.0,3.0,3.0,7.68925080682342,0.30665089495388426,241,10.001867219917013,0.0796249711848778
40,0,Travel_Frequently,Research & Development,26,4,Life Sciences,588,Male,2,Research Scientist,Married,194060,3.0,20,3,16.0,2,1,0,0,3,4,3.0,4.0,1.0,10.515668510834486,0.28744217086439333,241,9.988105117565699,0.07713338520055328
35,0,Travel_Rarely,Research & Development,18,5,Medical,589,Female,2,Research Scientist,Divorced,65380,2.0,16,1,15.0,3,7,6,4,3,3,3.0,2.0,4.0,6.898151664322551,0.2868876702583633,237,9.993881856540083,0.08364531931631262
34,0,Travel_Frequently,Research & Development,6,2,Life Sciences,590,Male,1,Research Director,Single,43060,0.0,11,0,14.0,2,13,4,9,3,3,4.0,1.0,3.0,7.492503429355281,0.3021614400690997,243,10.067078189300412,0.06787861782811278
35,0,Travel_Frequently,Research & Development,3,3,Medical,591,Female,2,Laboratory Technician,Married,22580,1.0,11,1,2.0,2,2,2,2,3,3,4.0,4.0,4.0,7.986484953703704,0.2839691116461027,240,10.018194444444445,0.07735934836510154
43,1,Travel_Rarely,Sales,5,3,Marketing,592,Female,3,Research Scientist,Single,45220,8.0,15,1,7.0,3,4,1,3,3,3,1.0,3.0,2.0,7.510137741046832,0.2794186852280749,242,10.008884297520659,0.07757749600874836
32,0,Non-Travel,Research & Development,11,2,Other,593,Female,2,Research Scientist,Divorced,44870,1.0,11,0,1.0,5,1,0,0,2,3,3.0,1.0,3.0,6.5948269980506815,0.30265537025109424,228,9.985014619883039,0.07898516865462717
56,0,Travel_Rarely,Research & Development,3,2,Other,594,Male,2,Healthcare Representative,Divorced,44490,4.0,15,0,28.0,3,5,4,2,1,3,4.0,1.0,3.0,6.282283677482793,0.2710339351662039,226,9.966592920353982,0.07162098219163111
29,0,Travel_Rarely,Research & Development,26,1,Life Sciences,595,Male,1,Laboratory Technician,Married,22180,1.0,24,1,10.0,1,10,0,8,3,4,2.0,4.0,3.0,7.468521241830065,0.30018551096523804,238,9.99173669467787,0.07549636169517032
19,0,Travel_Rarely,Research & Development,23,4,Life Sciences,596,Male,2,Laboratory Technician,Single,191970,1.0,12,0,1.0,2,1,0,0,3,3,3.0,1.0,3.0,7.2852440725244065,0.3238908955721551,239,10.015620641562066,0.07804628685504886
45,0,Travel_Rarely,Research & Development,22,3,Life Sciences,597,Female,2,Sales Representative,Married,132120,4.0,13,0,7.0,4,3,0,2,3,3,1.0,3.0,2.0,8.797695810564662,0.3185136240502753,244,9.986475409836064,0.077932473558359
37,0,Travel_Rarely,Research & Development,14,4,Life Sciences,598,Male,3,Research Scientist,Married,65770,1.0,13,0,14.0,1,14,3,11,1,3,4.0,4.0,2.0,6.775005715592137,0.3071062282673832,243,10.02119341563786,0.06952258272965352
20,0,Travel_Rarely,Research & Development,6,3,Medical,599,Male,5,Research Director,Single,83920,1.0,17,0,2.0,5,2,1,2,3,3,1.0,3.0,2.0,6.699550094966762,0.26828801752959786,234,9.996367521367521,0.08717916620813618
44,1,Travel_Rarely,Human Resources,6,2,Human Resources,600,Male,3,Sales Executive,Single,45580,1.0,13,1,6.0,2,6,0,2,1,3,3.0,3.0,3.0,10.402478354978355,0.3013641091559733,231,10.01082251082251,0.06804178430265387
53,0,Travel_Rarely,Research & Development,6,4,Life Sciences,601,Male,1,Research Director,Divorced,40310,3.0,12,1,26.0,3,7,4,7,2,3,4.0,3.0,3.0,5.996221993598536,0.27295088585797367,243,9.98429355281207,0.06705600713457054
29,0,Travel_Rarely,Research & Development,23,3,Medical,602,Male,1,Sales Executive,Married,79690,0.0,14,0,6.0,3,5,1,3,3,3,2.0,4.0,2.0,8.894559306141584,0.29544390822984556,237,9.976300984528832,0.06814948906211503
22,1,Travel_Frequently,Research & Development,22,4,Medical,603,Male,1,Sales Representative,Married,26540,0.0,24,0,1.0,5,0,0,0,2,4,3.0,4.0,3.0,9.878622831692452,0.28470812260002953,237,9.975457102672292,0.07237414280833078
46,0,Travel_Rarely,Research & Development,2,3,Life Sciences,604,Male,2,Research Scientist,Married,165550,8.0,14,2,28.0,4,26,15,9,3,3,3.0,1.0,3.0,5.993167372881356,0.28790196529408735,236,10.027895480225988,0.0741275143246384
44,0,Non-Travel,Research & Development,20,3,Life Sciences,605,Male,1,Sales Representative,Single,45560,2.0,13,0,6.0,4,0,0,0,3,3,4.0,3.0,3.0,6.1708656609195405,0.30414610861413405,232,9.983836206896552,0.07566953919324605
33,0,Travel_Rarely,Research & Development,28,4,Life Sciences,606,Female,1,Manager,Married,60910,1.0,15,0,5.0,6,5,1,4,1,3,2.0,3.0,3.0,7.820513361462728,0.273738173085915,237,10.000492264416316,0.0754599732214514
41,1,Non-Travel,Research & Development,12,3,Life Sciences,607,Male,2,Sales Representative,Divorced,195660,6.0,16,0,5.0,2,1,0,0,4,3,1.0,1.0,1.0,7.181788194444445,0.3091087513534093,240,9.972152777777778,0.06930148283743982
30,0,Travel_Rarely,Sales,20,3,Marketing,608,Male,3,Sales Executive,Divorced,48100,8.0,18,0,8.0,3,4,0,3,2,3,3.0,1.0,3.0,7.494121557454891,0.2746598908312081,234,10.010897435897437,0.0680078225303547
40,0,Travel_Frequently,Sales,9,3,Medical,609,Male,1,Manufacturing Director,Married,45230,5.0,16,1,5.0,5,0,0,0,4,3,2.0,2.0,3.0,6.791671583087512,0.308359092422616,226,9.985914454277285,0.08575750573582432
50,0,Travel_Frequently,Research & Development,25,4,Life Sciences,610,Female,2,Healthcare Representative,Married,32020,2.0,24,1,32.0,2,2,2,2,3,4,4.0,1.0,3.0,7.228327522082752,0.29865182278193414,239,9.97412831241283,0.09372676964788694
28,0,Travel_Rarely,Research & Development,6,3,Technical Degree,611,Male,2,Research Scientist,Married,23510,1.0,16,0,6.0,4,6,3,3,3,3,4.0,1.0,3.0,7.196454031465092,0.2866690033465373,226,10.007005899705016,0.06998156342182885
46,0,Travel_Rarely,Research & Development,8,4,Other,612,Male,3,Manager,Married,17020,5.0,21,0,25.0,2,4,0,3,3,4,4.0,2.0,3.0,7.2899132676980765,0.3208693110154889,237,9.985935302390997,0.08230370012793312
35,0,Travel_Rarely,Sales,4,4,Marketing,613,Male,1,Laboratory Technician,Married,180410,3.0,20,1,15.0,3,7,1,7,2,4,3.0,1.0,3.0,8.498400423728814,0.32151092888830196,236,9.989336158192092,0.07325104680049678
24,1,Travel_Rarely,Human Resources,28,4,Human Resources,614,Male,3,Manufacturing Director,Married,28860,1.0,19,1,1.0,5,1,0,0,3,3,4.0,2.0,1.0,6.56247552618698,0.2901466974780189,227,9.982525697503672,0.08084374011842728
33,0,Travel_Frequently,Research & Development,9,2,Medical,615,Female,1,Sales Executive,Married,20970,1.0,14,2,10.0,5,10,0,1,2,3,2.0,3.0,2.0,6.017825712881023,0.29065313156908545,226,9.97617994100295,0.06718193488473727
36,0,Travel_Rarely,Research & Development,9,2,Medical,616,Male,2,Sales Executive,Divorced,119350,1.0,11,3,7.0,6,7,1,7,4,3,3.0,3.0,3.0,6.583521348859777,0.300375275221091,229,10.012663755458513,0.07510452045932403
30,0,Travel_Rarely,Sales,29,3,Marketing,617,Male,1,Sales Executive,Divorced,25460,1.0,14,1,10.0,2,10,8,9,3,3,3.0,3.0,2.0,6.008942837465564,0.2988957979425828,242,9.95358126721763,0.07130339608838296
44,0,Travel_Rarely,Research & Development,3,4,Medical,618,Male,2,Research Scientist,Single,25640,1.0,12,3,20.0,3,20,13,17,1,3,4.0,4.0,3.0,7.590850914205345,0.318448507889499,237,9.976582278481011,0.06306628286729114
20,0,Travel_Rarely,Research & Development,18,4,Medical,619,Male,1,Human Resources,Single,84120,1.0,13,0,2.0,2,2,2,2,2,3,3.0,4.0,3.0,6.2810387488328665,0.3094373993104678,238,9.993767507002802,0.07857679147608401
46,0,Travel_Rarely,Sales,9,1,Medical,620,Female,1,Sales Executive,Divorced,141180,2.0,22,0,12.0,3,6,1,4,3,4,4.0,4.0,2.0,6.215752415458937,0.2857722914566062,230,9.97695652173913,0.0677806046030841
42,0,Non-Travel,Research & Development,5,4,Medical,621,Male,5,Sales Executive,Married,170460,7.0,11,0,10.0,3,4,0,3,2,3,4.0,1.0,4.0,7.501866898148148,0.3064960233470342,240,10.015625,0.06780806892143182
60,0,Travel_Rarely,Sales,2,2,Life Sciences,622,Male,2,Sales Executive,Divorced,25640,0.0,14,1,12.0,3,11,1,9,3,3,2.0,4.0,3.0,8.617627847512784,0.28992563230548546,239,9.994560669456067,0.08560287573885908
32,0,Travel_Frequently,Sales,10,3,Life Sciences,623,Female,1,Sales Executive,Married,102660,1.0,11,0,2.0,3,2,2,2,3,3,3.0,2.0,3.0,7.2657635933806155,0.2955658632564652,235,10.008014184397162,0.07046137681598677
32,0,Travel_Frequently,Research & Development,9,3,Life Sciences,624,Female,2,Research Scientist,Single,50700,4.0,12,1,10.0,6,8,0,7,3,3,4.0,3.0,3.0,8.39286799620133,0.2918954261721012,234,9.988675213675215,0.0649272312094201
36,0,Travel_Rarely,Sales,3,2,Marketing,625,Male,4,Healthcare Representative,Divorced,178610,2.0,18,0,17.0,2,7,7,7,2,3,3.0,1.0,3.0,8.036303688141924,0.30377855215892446,238,10.027380952380952,0.07802700756814683
33,0,Travel_Rarely,Sales,26,2,Marketing,626,Male,1,Research Scientist,Married,42300,0.0,12,0,15.0,0,14,4,10,3,3,1.0,4.0,3.0,6.05553656220323,0.2840472044802421,234,10.007549857549856,0.08484976502859194
40,0,Travel_Rarely,Research & Development,1,3,Medical,627,Female,2,Research Scientist,Divorced,37800,7.0,12,0,7.0,2,5,1,3,1,3,2.0,2.0,4.0,7.291101449275362,0.3115874101269124,230,10.022463768115943,0.07754509208277953
25,0,Travel_Rarely,Research & Development,6,2,Medical,628,Female,1,Laboratory Technician,Single,27680,0.0,22,1,5.0,0,4,1,1,3,4,3.0,4.0,3.0,8.014339708561021,0.30939969094954994,244,9.999726775956285,0.07426604301123632
30,0,Travel_Rarely,Sales,9,3,Marketing,629,Female,1,Research Scientist,Married,90710,0.0,19,1,12.0,2,11,5,7,2,3,4.0,2.0,3.0,9.183357843137255,0.3093066680862186,238,9.986344537815127,0.07487486063342357
42,0,Travel_Frequently,Human Resources,8,2,Medical,630,Male,1,Sales Executive,Married,106480,3.0,13,1,20.0,1,1,0,0,3,3,1.0,1.0,3.0,9.52881179138322,0.30171713987688453,245,9.962448979591837,0.08445618192632234
35,0,Non-Travel,Research & Development,1,1,Life Sciences,631,Male,2,Sales Executive,Married,136100,4.0,22,2,16.0,4,13,4,12,2,4,3.0,4.0,2.0,9.807640027322403,0.3064883955410883,244,9.996584699453551,0.08239340889158743
27,0,Travel_Rarely,Research & Development,7,3,Life Sciences,632,Male,3,Manufacturing Director,Married,34080,1.0,24,0,9.0,2,9,6,8,3,4,1.0,1.0,2.0,9.17621483071054,0.3027371939494863,233,9.982403433476396,0.0685515740877773
54,0,Travel_Frequently,Research & Development,9,2,Medical,633,Male,2,Sales Representative,Divorced,29830,7.0,14,1,33.0,2,5,1,4,2,3,4.0,3.0,1.0,6.318405392840538,0.3224642481035043,239,9.995885634588562,0.06879135754720292
44,0,Travel_Rarely,Human Resources,4,4,Life Sciences,634,Male,5,Laboratory Technician,Married,76320,1.0,21,0,10.0,3,10,7,7,3,4,1.0,4.0,3.0,6.005806030389364,0.29330447617307787,234,10.01666666666667,0.08062231759656657
19,1,Non-Travel,Sales,2,2,Other,635,Male,3,Healthcare Representative,Single,98240,1.0,18,0,1.0,2,1,0,0,3,3,1.0,2.0,4.0,8.388885357815443,0.3100608088771584,236,9.987005649717515,0.08520631486156191
29,0,Travel_Rarely,Research & Development,19,4,Life Sciences,636,Male,1,Manufacturing Director,Divorced,99500,1.0,20,0,3.0,3,3,1,2,3,4,1.0,4.0,3.0,7.376378019323671,0.28707945275127816,230,9.981014492753623,0.08284515747948444
54,0,Travel_Rarely,Research & Development,9,4,Life Sciences,637,Male,2,Sales Executive,Married,20930,3.0,19,0,36.0,2,10,0,9,3,3,4.0,4.0,3.0,7.671983151183971,0.28588784692004654,244,10.005532786885245,0.07650218410578147
31,0,Travel_Rarely,Research & Development,21,3,Life Sciences,638,Male,2,Laboratory Technician,Married,99800,1.0,12,0,6.0,1,6,0,1,3,3,3.0,1.0,2.0,8.591818287037036,0.29542823088134595,240,9.980069444444444,0.08484634569192606
31,0,Travel_Rarely,Sales,24,1,Marketing,639,Female,1,Sales Executive,Single,38940,1.0,12,0,10.0,3,10,1,8,4,3,3.0,1.0,3.0,7.271392419962335,0.30825463234398653,236,10.007274011299435,0.07428374303802529
59,0,Travel_Rarely,Research & Development,3,4,Technical Degree,640,Male,1,Research Scientist,Single,40510,5.0,16,3,13.0,3,6,0,5,3,3,3.0,4.0,3.0,7.370457175925925,0.280479935180566,240,10.012152777777777,0.08281426758871846
43,0,Travel_Rarely,Research & Development,11,2,Life Sciences,641,Male,3,Laboratory Technician,Married,168350,3.0,17,1,25.0,3,8,0,7,3,3,3.0,4.0,3.0,6.5930100373482725,0.32300922500259216,238,9.98844537815126,0.0812946662490593
49,0,Travel_Rarely,Sales,14,4,Life Sciences,642,Male,2,Research Scientist,Married,62300,2.0,14,0,23.0,2,1,0,0,2,3,1.0,3.0,4.0,6.701772197962154,0.3240266064239043,229,9.978311499272198,0.08753193178239148
36,0,Travel_Frequently,Sales,5,2,Marketing,643,Female,1,Laboratory Technician,Married,47170,1.0,19,1,12.0,3,11,0,7,3,3,3.0,2.0,2.0,6.086726108824874,0.28009496262988637,243,10.009807956104254,0.06585955892633787
48,0,Travel_Rarely,Research & Development,1,4,Life Sciences,644,Female,2,Laboratory Technician,Single,132370,5.0,13,1,7.0,2,1,0,0,4,3,4.0,2.0,2.0,6.085262855831037,0.29481907579697886,242,9.988636363636363,0.09133298755186714
27,0,Travel_Rarely,Research & Development,6,4,Life Sciences,645,Male,2,Laboratory Technician,Divorced,37550,1.0,19,0,5.0,2,5,0,3,3,3,1.0,3.0,3.0,7.984060846560848,0.2996556265510157,231,9.9501443001443,0.06640336072944764
29,0,Travel_Rarely,Sales,17,4,Medical,646,Male,1,Laboratory Technician,Divorced,65820,1.0,19,1,6.0,3,6,1,0,3,3,3.0,4.0,3.0,8.795437641723357,0.2993021243094546,245,9.989455782312923,0.06704114159324935
48,0,Travel_Rarely,Sales,1,1,Marketing,647,Male,2,Manufacturing Director,Single,74060,6.0,14,2,25.0,2,1,0,0,3,3,4.0,4.0,4.0,6.1804967727063165,0.284747099301343,241,9.972683264177041,0.07931202935300445
34,0,Travel_Rarely,Sales,9,4,Medical,649,Female,2,Laboratory Technician,Married,27410,0.0,15,1,2.0,3,1,0,0,3,3,3.0,3.0,2.0,5.984335901027077,0.2961373199966198,238,10.013585434173669,0.08294874067770573
44,0,Travel_Rarely,Research & Development,4,3,Life Sciences,650,Female,1,Laboratory Technician,Married,42620,7.0,18,0,26.0,2,22,3,10,3,3,2.0,2.0,3.0,7.022967334287077,0.280212478069171,233,10.006366237482116,0.07695762008123254
33,0,Travel_Rarely,Research & Development,8,2,Life Sciences,651,Female,2,Research Scientist,Divorced,161840,0.0,13,1,10.0,2,9,0,8,4,3,4.0,3.0,3.0,11.030960351377018,0.3150812490898278,234,10.000498575498574,0.07231138602562066
19,0,Travel_Rarely,Sales,2,4,Marketing,652,Male,3,Laboratory Technician,Single,115570,1.0,22,0,1.0,0,1,0,1,3,4,2.0,4.0,3.0,10.783780400572244,0.2837746716834826,233,10.009656652360515,0.07672267853912815
23,0,Travel_Rarely,Sales,2,3,Medical,653,Male,3,Laboratory Technician,Married,18780,1.0,13,1,1.0,2,1,0,1,3,3,4.0,3.0,3.0,7.485170093000489,0.30620251628301104,227,9.959618208516886,0.07310889980464268
25,1,Travel_Frequently,Research & Development,1,1,Life Sciences,654,Male,1,Manufacturing Director,Single,109320,1.0,11,1,1.0,3,1,1,0,3,3,3.0,4.0,3.0,9.204768897996358,0.30582139790095336,244,10.010928961748634,0.07849460672978188
26,0,Travel_Rarely,Human Resources,9,3,Life Sciences,655,Male,2,Research Scientist,Single,68110,1.0,11,1,8.0,4,8,2,2,3,3,3.0,4.0,2.0,8.687972789115646,0.30315861230891583,245,10.021224489795918,0.0778491320025278
45,1,Travel_Rarely,Human Resources,12,3,Human Resources,656,Male,2,Laboratory Technician,Single,43060,2.0,11,2,26.0,3,24,1,11,3,3,1.0,2.0,3.0,9.878690476190476,0.31501982847413956,231,9.986796536796538,0.07314495890582849
55,0,Non-Travel,Research & Development,27,3,Life Sciences,657,Female,2,Manager,Divorced,48590,1.0,24,1,34.0,3,33,15,0,4,4,4.0,2.0,3.0,9.622883101851851,0.3255076828486853,240,9.978472222222223,0.08056901828606855
21,1,Travel_Frequently,Research & Development,20,2,Medical,658,Female,4,Research Scientist,Single,53370,1.0,14,1,2.0,2,2,2,2,3,3,1.0,3.0,1.0,7.5946807284462885,0.27427221001164687,241,10.002973720608576,0.07440199976947899
46,0,Travel_Rarely,Research & Development,1,4,Life Sciences,659,Male,1,Manufacturing Director,Married,23400,2.0,13,1,26.0,2,11,0,8,1,3,4.0,2.0,3.0,6.90110177404295,0.28493876751043473,238,10.020308123249299,0.06554458351554404
34,0,Travel_Rarely,Sales,13,4,Medical,660,Male,3,Sales Representative,Single,74910,0.0,14,1,4.0,3,3,0,2,2,3,3.0,1.0,3.0,8.918751157407407,0.2799421501707471,240,10.026250000000001,0.07700215016271499
51,0,Travel_Frequently,Research & Development,14,3,Life Sciences,661,Male,2,Research Director,Divorced,105270,4.0,14,0,31.0,3,29,11,10,3,3,4.0,2.0,2.0,10.986178861788618,0.3128783108763047,246,10.006029810298102,0.0762390031893516
59,0,Travel_Rarely,Research & Development,4,2,Life Sciences,662,Male,2,Research Scientist,Single,165950,6.0,21,1,25.0,2,9,5,4,3,4,4.0,4.0,2.0,6.592285137701804,0.307489851767387,234,9.985113960113958,0.08282824160685393
34,0,Travel_Frequently,Sales,14,4,Medical,663,Female,3,Research Scientist,Divorced,88340,4.0,13,1,15.0,1,11,5,10,3,3,3.0,2.0,4.0,6.795719907407408,0.3192208139179259,240,9.996736111111112,0.07752416995970869
28,0,Travel_Frequently,Research & Development,2,3,Other,664,Female,1,Manager,Single,55770,0.0,19,0,5.0,3,4,0,2,3,3,4.0,3.0,2.0,10.374410628019323,0.26561519195155886,230,9.975942028985505,0.0675821994388541
44,0,Travel_Rarely,Research & Development,3,4,Life Sciences,665,Male,2,Research Scientist,Divorced,47070,1.0,17,0,26.0,4,25,14,13,1,3,3.0,1.0,2.0,7.808195035460993,0.3102481187745837,235,10.014822695035463,0.07069459093572575
34,0,Travel_Frequently,Sales,1,3,Life Sciences,666,Male,2,Sales Executive,Married,24000,4.0,18,1,14.0,3,10,1,8,3,3,3.0,2.0,4.0,7.497001182033097,0.29099151620827657,235,10.00836879432624,0.0811238710068497
35,0,Travel_Rarely,Research & Development,9,3,Life Sciences,667,Male,4,Healthcare Representative,Married,98240,0.0,19,0,4.0,2,3,2,2,3,3,3.0,3.0,3.0,10.482086720867208,0.3115732847558695,246,9.967140921409216,0.09175600999207281
42,0,Travel_Rarely,Research & Development,23,4,Life Sciences,668,Female,1,Manager,Married,64470,6.0,13,0,18.0,3,1,0,0,3,3,2.0,2.0,3.0,9.421422127255463,0.30513134198017894,234,10.001424501424502,0.08726548712242571
43,0,Travel_Rarely,Research & Development,7,2,Medical,669,Female,1,Laboratory Technician,Single,195020,3.0,18,2,23.0,3,21,15,17,4,3,4.0,4.0,4.0,6.4132996632996635,0.310226926040903,231,9.982611832611834,0.06932797958884918
36,0,Travel_Rarely,Research & Development,2,4,Medical,670,Male,1,Healthcare Representative,Single,27250,9.0,21,1,18.0,4,16,5,12,2,4,3.0,2.0,3.0,10.608310841205578,0.3203780661710099,247,9.997975708502024,0.0721729406902706
44,1,Travel_Rarely,Research & Development,21,4,Life Sciences,671,Female,2,Laboratory Technician,Married,62720,1.0,19,1,10.0,3,10,0,5,3,3,1.0,4.0,3.0,5.981031411157994,0.3000747015053508,237,9.997960618846694,0.07051018299999202
28,0,Travel_Frequently,Research & Development,2,3,Life Sciences,672,Female,2,Sales Representative,Married,21270,1.0,14,0,2.0,3,2,2,2,3,3,4.0,4.0,3.0,9.709561781609196,0.3095699673455992,232,9.992816091954024,0.08373364183709009
51,0,Travel_Frequently,Sales,21,4,Medical,673,Male,2,Research Scientist,Single,182000,0.0,17,0,8.0,3,7,7,7,3,3,2.0,3.0,2.0,6.988324842309558,0.30263081160660515,229,10.009679767103346,0.08978284047090061
30,0,Non-Travel,Research & Development,2,4,Other,674,Male,1,Research Scientist,Single,20960,7.0,11,3,10.0,2,8,1,7,3,3,3.0,3.0,3.0,9.513817167577413,0.3101105998885548,244,10.000956284153007,0.0712267909480012
29,1,Travel_Rarely,Research & Development,29,4,Technical Degree,675,Female,1,Sales Representative,Divorced,28860,3.0,13,0,10.0,4,7,7,7,3,3,2.0,3.0,3.0,8.406775878442545,0.2880670579759779,234,9.999074074074072,0.0836603216234834
28,0,Travel_Rarely,Sales,1,4,Life Sciences,676,Female,2,Sales Representative,Single,20330,2.0,15,1,5.0,5,3,1,2,3,3,4.0,1.0,2.0,6.7996697663328565,0.3004150268906124,233,9.951359084406294,0.06981256063670596
25,0,Travel_Rarely,Research & Development,18,2,Life Sciences,677,Male,1,Research Scientist,Single,36220,1.0,25,0,2.0,0,2,2,1,3,4,4.0,2.0,2.0,7.983291427203065,0.3093235757934656,232,9.97126436781609,0.07782388747905986
32,0,Travel_Rarely,Research & Development,10,4,Other,678,Female,1,Sales Executive,Married,42330,1.0,11,0,10.0,5,10,0,8,3,3,3.0,4.0,4.0,6.8052459618208525,0.30595668283682786,227,10.002129221732748,0.08698290948154498
45,0,Travel_Frequently,Research & Development,19,3,Medical,679,Male,3,Laboratory Technician,Single,36810,3.0,17,1,22.0,2,0,0,0,3,3,3.0,2.0,3.0,6.02348317196865,0.3146819892087994,241,9.994260027662518,0.0673615913631474
39,0,Travel_Rarely,Sales,29,1,Marketing,680,Female,1,Laboratory Technician,Divorced,54600,6.0,13,2,21.0,3,19,15,2,3,3,3.0,2.0,3.0,8.390134335154826,0.29799564178353627,244,9.949453551912569,0.07360052321092599
58,0,Travel_Rarely,Research & Development,27,3,Other,681,Male,2,Laboratory Technician,Divorced,21870,1.0,18,1,2.0,1,2,2,2,1,3,1.0,3.0,3.0,6.035505604288499,0.2942624990981356,228,9.99327485380117,0.07080381447991003
32,1,Travel_Rarely,Research & Development,5,3,Technical Degree,682,Female,1,Sales Executive,Married,96020,1.0,13,1,10.0,3,10,1,1,3,3,4.0,3.0,3.0,6.4912324929972,0.2964033758954061,238,9.976050420168068,0.08192985773775054
39,1,Travel_Rarely,Research & Development,18,2,Life Sciences,683,Male,2,Laboratory Technician,Single,28360,0.0,20,0,6.0,3,5,0,3,2,4,3.0,1.0,3.0,7.722481634527089,0.32355105726906036,242,9.968112947658403,0.07412537769242787
30,0,Travel_Rarely,Sales,9,1,Marketing,684,Male,4,Research Director,Married,40890,0.0,18,0,10.0,2,9,6,7,4,3,1.0,4.0,3.0,6.226381856540084,0.2877465337210482,237,9.969479606188466,0.08063000111246202
36,0,Travel_Rarely,Sales,1,3,Marketing,685,Male,2,Sales Executive,Married,166270,3.0,12,0,10.0,5,7,1,7,2,3,4.0,3.0,3.0,6.7228310185185185,0.29145222972323054,240,9.973819444444445,0.07041933499922515
46,0,Travel_Rarely,Sales,4,3,Medical,686,Male,1,Research Scientist,Single,26190,6.0,12,1,10.0,3,7,5,7,2,3,4.0,1.0,4.0,7.708216807909605,0.31376441990747617,236,10.019491525423728,0.07038678527066548
28,0,Non-Travel,Research & Development,1,3,Medical,687,Male,5,Sales Executive,Married,56790,0.0,13,0,10.0,2,9,7,5,2,3,3.0,4.0,3.0,8.013723628691983,0.30461865710874875,237,10.017580872011253,0.06836898177946245
50,0,Travel_Rarely,Research & Development,20,2,Medical,688,Female,5,Laboratory Technician,Married,154020,4.0,21,0,25.0,3,3,1,2,2,4,4.0,1.0,3.0,10.404741297091082,0.2976595554006268,233,10.002575107296137,0.0784440107378357
40,1,Travel_Rarely,Sales,8,1,Other,689,Male,1,Laboratory Technician,Single,59850,2.0,13,3,9.0,1,5,1,0,2,3,4.0,2.0,3.0,9.801315667131567,0.31801688000213296,239,9.996373779637377,0.07933320050474862
52,1,Travel_Rarely,Research & Development,3,2,Technical Degree,690,Male,3,Laboratory Technician,Single,25790,9.0,19,1,10.0,1,8,7,7,3,3,2.0,2.0,2.0,9.974500466853408,0.3085045637741009,238,9.99733893557423,0.08185177305802774
30,0,Travel_Rarely,Research & Development,6,4,Medical,691,Female,1,Sales Executive,Married,30410,1.0,11,1,9.0,2,9,0,8,2,3,2.0,1.0,3.0,10.40651183970856,0.31698114493523105,244,10.006898907103825,0.08335755901114639
39,0,Travel_Rarely,Research & Development,26,1,Medical,692,Male,2,Healthcare Representative,Single,34470,0.0,14,0,9.0,5,8,1,7,3,3,1.0,3.0,3.0,6.005927823315118,0.2755860993044754,244,9.963524590163933,0.0775529582405721
31,0,Non-Travel,Research & Development,1,2,Medical,693,Male,1,Sales Executive,Divorced,195130,1.0,12,1,10.0,1,10,9,6,2,3,4.0,3.0,2.0,10.098737922705313,0.29924489350556843,230,10.018623188405797,0.07829916355504926
41,0,Non-Travel,Sales,6,3,Life Sciences,694,Female,1,Research Director,Single,27730,1.0,11,0,19.0,3,19,11,9,3,3,3.0,2.0,3.0,7.8250969827586205,0.2853751940214445,232,10.006250000000001,0.08227317821067813
31,1,Travel_Frequently,Research & Development,3,1,Life Sciences,695,Male,1,Sales Executive,Single,71040,1.0,14,1,3.0,3,3,2,2,3,3,4.0,2.0,4.0,9.078821513002364,0.2882827103557025,235,9.997517730496453,0.07074048816956609
44,1,Travel_Rarely,Sales,5,3,Life Sciences,696,Male,1,Laboratory Technician,Married,63220,4.0,11,1,10.0,2,3,1,2,3,3,1.0,1.0,4.0,5.984569383794275,0.29124705304362863,229,10.03027656477438,0.06401351966767974
42,0,Non-Travel,Research & Development,4,3,Life Sciences,697,Male,2,Laboratory Technician,Married,20830,0.0,12,2,21.0,3,20,2,10,2,3,3.0,3.0,2.0,9.682367503486752,0.3159016271900738,239,9.97573221757322,0.07485444526485628
55,0,Travel_Rarely,Sales,11,3,Technical Degree,698,Male,2,Manufacturing Director,Married,83810,4.0,15,1,23.0,3,19,9,11,3,3,4.0,3.0,3.0,6.600917397660819,0.2873017346104663,228,10.008479532163744,0.06913727662278543
56,0,Travel_Rarely,Sales,3,2,Medical,699,Female,3,Manufacturing Director,Single,26910,6.0,16,1,36.0,6,7,7,7,3,3,4.0,2.0,3.0,8.004705459770115,0.29693328997055607,232,9.997629310344829,0.07587819388465931
40,0,Non-Travel,Research & Development,1,1,Life Sciences,700,Male,1,Laboratory Technician,Divorced,42860,9.0,15,0,6.0,6,4,0,0,3,3,3.0,3.0,3.0,7.306210648148149,0.3057374195601433,240,9.983333333333333,0.07917480241748023
34,0,Travel_Rarely,Research & Development,3,2,Technical Degree,701,Male,2,Research Director,Divorced,26590,0.0,24,3,10.0,2,9,1,6,3,4,4.0,4.0,2.0,7.3776290097629,0.3057380966540199,239,10.00676429567643,0.058855779410788046
40,0,Travel_Rarely,Sales,4,3,Medical,702,Male,2,Sales Executive,Single,94340,1.0,13,1,9.0,3,9,8,8,2,3,3.0,4.0,3.0,5.978105646630238,0.30862154050951346,244,9.993852459016393,0.08103658353759556
41,0,Travel_Frequently,Sales,1,4,Other,703,Female,2,Healthcare Representative,Divorced,55610,0.0,11,0,10.0,2,9,1,7,2,3,3.0,1.0,3.0,7.670687943262411,0.2897745690708252,235,9.950283687943262,0.07958443959507785
35,0,Travel_Frequently,Sales,1,2,Technical Degree,704,Male,2,Manager,Single,66460,1.0,13,1,9.0,2,9,1,1,2,3,3.0,3.0,3.0,9.504919278252613,0.27735862524751365,234,9.994444444444444,0.08082737243681451
51,0,Travel_Rarely,Sales,18,2,Life Sciences,705,Male,4,Manufacturing Director,Divorced,77250,1.0,13,1,33.0,2,33,0,10,3,3,3.0,2.0,3.0,9.523341503267973,0.32339956031829503,238,10.007212885154061,0.06937930657495062
38,0,Travel_Rarely,Sales,2,4,Life Sciences,706,Female,1,Research Scientist,Divorced,107250,3.0,18,0,11.0,5,7,1,7,2,3,2.0,1.0,3.0,6.590448898265354,0.29605830374757397,237,10.003164556962025,0.07297370020739466
34,0,Travel_Rarely,Sales,4,3,Life Sciences,707,Male,2,Research Scientist,Single,88470,1.0,16,0,10.0,3,10,9,6,4,3,3.0,1.0,4.0,7.251989325570111,0.3048559891257341,229,9.994905385735079,0.08306359968334233
25,0,Travel_Rarely,Research & Development,6,2,Medical,708,Female,4,Research Scientist,Married,20450,3.0,19,0,7.0,3,3,1,2,3,3,4.0,4.0,2.0,6.313608663729808,0.3216479174801029,227,9.973274596182085,0.08397039968119059
58,1,Travel_Rarely,Sales,1,4,Technical Degree,709,Male,2,Sales Executive,Married,10090,7.0,13,2,31.0,3,10,5,9,4,3,3.0,1.0,2.0,8.509759825327512,0.28725569400905443,229,10.008515283842794,0.0840243941367247
40,0,Travel_Rarely,Research & Development,14,4,Medical,710,Female,1,Research Scientist,Married,33480,3.0,22,0,7.0,2,4,0,3,1,4,2.0,2.0,3.0,6.106740984405459,0.33764209127355765,228,9.988157894736842,0.07460461911018378
36,0,Travel_Frequently,Sales,16,2,Life Sciences,711,Male,1,Research Scientist,Married,12810,2.0,11,0,17.0,2,15,6,13,3,3,1.0,1.0,2.0,6.106379392212726,0.29947871693392764,234,9.981552706552707,0.0686174643059479
48,0,Travel_Rarely,Research & Development,2,1,Life Sciences,712,Male,2,Research Scientist,Single,28190,1.0,20,0,11.0,2,10,0,8,2,4,4.0,4.0,3.0,7.624390495867768,0.2933159825539795,242,9.978512396694216,0.08115462432701212
27,0,Travel_Rarely,Research & Development,2,3,Life Sciences,713,Female,2,Laboratory Technician,Married,48510,8.0,18,0,5.0,2,1,0,0,3,3,3.0,4.0,3.0,7.117143189214319,0.2957947697435341,239,9.988981868898188,0.08119228304990057
51,0,Travel_Rarely,Research & Development,4,1,Medical,714,Female,3,Manufacturing Director,Single,40280,3.0,14,0,29.0,3,5,0,3,3,3,4.0,2.0,2.0,7.469346549192364,0.2827998548126143,227,9.984067547723935,0.07009287054002657
18,0,Non-Travel,Research & Development,1,4,Medical,715,Male,2,Sales Executive,Single,27200,1.0,22,1,0.0,2,0,0,0,3,4,4.0,4.0,4.0,7.89032786885246,0.3076180113366848,244,10.007103825136612,0.08167086434744808
35,0,Travel_Rarely,Research & Development,1,4,Other,716,Female,2,Research Director,Married,81200,0.0,13,0,10.0,2,9,0,0,2,3,4.0,4.0,3.0,7.175936438622027,0.2864194265620361,229,10.018995633187773,0.07281375290482385
27,0,Travel_Frequently,Research & Development,26,4,Medical,717,Female,1,Research Director,Single,46470,3.0,17,0,8.0,3,6,0,0,4,3,4.0,4.0,3.0,7.3589580403188,0.26899250563355875,237,10.018917018284109,0.07300809713382123
55,1,Travel_Rarely,Research & Development,19,3,Technical Degree,718,Male,1,Human Resources,Single,46800,6.0,14,3,24.0,0,19,3,8,4,3,1.0,3.0,2.0,8.709841106538637,0.2974237211480893,243,9.98511659807956,0.07099313373162978
56,0,Travel_Rarely,Research & Development,24,4,Life Sciences,719,Male,2,Laboratory Technician,Married,32210,4.0,15,2,33.0,2,19,15,9,3,3,4.0,2.0,3.0,10.396509456264775,0.3172428737685714,235,10.004609929078015,0.07517927501970055
34,0,Non-Travel,Sales,1,2,Life Sciences,720,Male,2,Research Scientist,Divorced,86210,1.0,17,1,5.0,1,5,0,0,3,3,1.0,3.0,3.0,6.400724121557455,0.3094957605275717,234,9.999857549857552,0.07581066154742826
40,0,Travel_Rarely,Research & Development,3,3,Life Sciences,721,Male,2,Sales Executive,Divorced,45770,5.0,11,1,15.0,3,12,11,8,2,3,2.0,3.0,3.0,6.503203860640302,0.2955045663863628,236,9.984180790960453,0.0716068437712866
34,0,Travel_Rarely,Research & Development,5,3,Life Sciences,722,Male,1,Research Scientist,Married,45530,4.0,18,1,10.0,2,8,7,7,4,3,2.0,3.0,3.0,7.227850189933522,0.29165820837151396,234,9.982834757834759,0.08172960252538225
31,1,Travel_Frequently,Research & Development,2,2,Medical,723,Female,2,Manufacturing Director,Single,53960,7.0,17,1,3.0,2,1,0,0,1,3,3.0,4.0,4.0,7.686837068160597,0.29939252061425103,238,9.960574229691877,0.06971776544654433
35,1,Travel_Frequently,Research & Development,1,2,Medical,724,Male,1,Manufacturing Director,Married,67960,0.0,13,0,5.0,2,4,3,2,3,3,4.0,3.0,2.0,9.13640848317197,0.2889806054333488,241,9.990594744121717,0.07805932073151986
38,0,Travel_Frequently,Research & Development,7,3,Medical,725,Female,2,Sales Representative,Divorced,76250,1.0,15,0,4.0,2,4,0,3,2,3,4.0,3.0,3.0,6.3929461651917405,0.2986539406272248,226,10.0108407079646,0.07209306784660768
34,0,Travel_Rarely,Research & Development,10,4,Other,726,Female,2,Laboratory Technician,Single,74120,1.0,24,0,14.0,4,14,4,11,3,4,3.0,4.0,4.0,7.911889604196471,0.2749801715286896,233,9.978040057224606,0.07961266505516912
28,0,Travel_Rarely,Research & Development,2,3,Life Sciences,727,Female,2,Healthcare Representative,Married,111590,1.0,12,0,5.0,2,5,0,4,3,3,3.0,1.0,3.0,6.722281576448243,0.31970019997319216,234,9.99188034188034,0.07016983969773671
31,1,Travel_Rarely,Research & Development,15,2,Life Sciences,728,Male,2,Sales Executive,Married,49600,1.0,15,0,10.0,3,10,6,7,2,3,4.0,3.0,2.0,10.895542770804276,0.30648410737041276,239,9.979637377963737,0.08356121249057506
39,0,Travel_Rarely,Research & Development,17,4,Technical Degree,729,Female,2,Healthcare Representative,Married,104750,3.0,11,1,8.0,3,5,1,4,3,3,1.0,4.0,4.0,10.252200854700854,0.3165487999248846,247,9.964844804318489,0.08433383986336483
51,0,Travel_Frequently,Research & Development,20,3,Medical,730,Male,2,Sales Executive,Married,148140,2.0,11,1,14.0,2,4,3,2,2,3,2.0,2.0,3.0,7.1118498301795245,0.28524970360654567,229,9.994250363901019,0.06828185517165063
41,0,Travel_Frequently,Research & Development,1,3,Life Sciences,731,Male,4,Sales Executive,Divorced,191410,3.0,12,1,12.0,2,6,3,3,3,3,4.0,4.0,2.0,10.680777310924368,0.302622617912146,238,9.97878151260504,0.06946231586868216
37,0,Travel_Rarely,Research & Development,2,2,Medical,732,Female,1,Healthcare Representative,Married,54050,7.0,15,0,8.0,3,6,1,3,4,3,3.0,3.0,3.0,10.397079831932773,0.3200746273201878,238,9.969397759103643,0.0812712250863777
33,0,Travel_Frequently,Research & Development,2,3,Medical,733,Female,1,Sales Executive,Married,87930,6.0,17,0,8.0,2,5,1,2,3,3,2.0,4.0,4.0,7.779559027777778,0.3006947055681114,240,10.005486111111113,0.0705985539671471
32,0,Travel_Rarely,Research & Development,1,4,Medical,734,Male,5,Research Director,Married,191890,0.0,12,1,4.0,3,3,1,2,3,3,3.0,2.0,2.0,10.40615181992337,0.29944496148451166,232,9.964224137931033,0.0658742391069977
39,0,Non-Travel,Research & Development,29,2,Life Sciences,735,Male,2,Sales Executive,Married,38750,3.0,15,0,13.0,3,6,0,5,3,3,3.0,3.0,3.0,6.613607624360762,0.2846079665097622,239,9.983542538354254,0.08924248639483687
25,0,Travel_Rarely,Research & Development,7,4,Life Sciences,736,Male,1,Sales Executive,Married,22160,2.0,13,3,6.0,2,3,1,2,2,3,1.0,3.0,3.0,7.2260580912863075,0.3006591316724797,241,9.954771784232365,0.08018431112647914
52,0,Travel_Frequently,Research & Development,2,1,Life Sciences,737,Male,2,Sales Executive,Married,117130,2.0,14,0,24.0,2,5,0,2,3,3,4.0,3.0,2.0,9.105581340834505,0.28863636106613144,237,9.974894514767934,0.07604430379746828
43,0,Travel_Rarely,Research & Development,2,2,Medical,738,Male,1,Laboratory Technician,Single,78610,1.0,14,2,20.0,1,20,1,8,3,3,1.0,3.0,1.0,9.720646591970123,0.27892606449031376,238,9.95518207282913,0.0761263380176262
27,0,Travel_Rarely,Research & Development,2,4,Life Sciences,739,Male,1,Human Resources,Married,37080,1.0,16,2,6.0,2,6,4,4,3,3,4.0,4.0,3.0,10.324486531986532,0.29636985419919054,231,10.026623376623377,0.07770961164439423
27,1,Travel_Rarely,Research & Development,2,5,Life Sciences,740,Female,1,Research Scientist,Single,137700,1.0,18,1,8.0,3,8,7,7,4,3,4.0,3.0,3.0,9.997716689718764,0.29707746958894554,241,9.968948824343016,0.07641722375902872
26,0,Travel_Rarely,Research & Development,2,2,Other,741,Male,3,Laboratory Technician,Single,53040,0.0,20,1,5.0,2,4,1,1,3,4,1.0,4.0,3.0,6.296890123456791,0.31783559847813597,225,9.986888888888888,0.07486577380952378
42,0,Travel_Rarely,Sales,23,3,Marketing,742,Female,3,Research Scientist,Married,26420,0.0,13,1,21.0,3,20,0,9,3,3,3.0,1.0,3.0,6.075256680731364,0.28911855087366023,237,9.98537271448664,0.07907421313181888
52,0,Travel_Rarely,Research & Development,5,2,Life Sciences,743,Female,1,Healthcare Representative,Married,27590,9.0,18,1,12.0,6,5,0,4,3,3,3.0,1.0,1.0,6.478247044917258,0.31012378114181594,235,9.993758865248227,0.06584169849063458
37,0,Travel_Rarely,Research & Development,20,5,Life Sciences,744,Male,2,Manager,Single,68040,4.0,13,1,8.0,1,3,0,2,3,3,1.0,3.0,3.0,7.522206521739131,0.31590892057242514,230,10.008333333333335,0.08326722464822904
35,0,Travel_Frequently,Research & Development,6,4,Medical,745,Female,2,Research Director,Single,61420,2.0,15,1,10.0,2,2,2,2,3,3,3.0,4.0,3.0,7.686039855072464,0.28787842650072115,230,9.988405797101448,0.07681792291627118
25,0,Travel_Rarely,Research & Development,1,4,Medical,746,Male,2,Sales Executive,Married,25000,4.0,14,2,7.0,2,3,0,2,1,3,1.0,4.0,2.0,7.972668128654971,0.265166391799969,228,9.936476608187133,0.07276173562270832
26,0,Travel_Rarely,Research & Development,29,4,Life Sciences,747,Male,1,Research Scientist,Single,63890,0.0,22,0,8.0,2,7,0,7,2,4,3.0,1.0,3.0,6.805875788452208,0.31500852473901686,229,9.982459970887918,0.0729402670309934
29,0,Travel_Rarely,Sales,9,3,Life Sciences,748,Male,1,Laboratory Technician,Single,111030,1.0,12,0,10.0,5,10,0,9,2,3,2.0,1.0,2.0,6.217927616413093,0.29804890436660786,241,9.99923928077455,0.08082465037651757
49,1,Travel_Frequently,Sales,6,5,Medical,749,Female,2,Healthcare Representative,Single,23420,3.0,18,0,20.0,2,4,1,3,3,3,1.0,1.0,3.0,7.083067226890757,0.29476075323002804,238,10.023319327731091,0.08143820889818655
29,1,Travel_Frequently,Sales,3,2,Marketing,750,Female,2,Laboratory Technician,Single,68110,0.0,15,1,9.0,2,8,7,7,3,3,3.0,4.0,3.0,8.584576661814653,0.27629552205418784,229,10.00014556040757,0.08818711322216252
54,0,Travel_Rarely,Sales,1,3,Medical,751,Female,2,Manager,Single,22970,6.0,18,2,29.0,2,20,12,7,2,3,4.0,4.0,2.0,6.19813768115942,0.30795891078168414,230,10.000434782608698,0.0732627892749404
58,0,Travel_Rarely,Sales,22,3,Life Sciences,752,Female,2,Laboratory Technician,Married,24500,3.0,12,1,32.0,2,9,1,5,3,3,4.0,1.0,3.0,10.612399503161699,0.2814008419722476,246,10.018766937669378,0.074994437070221
55,0,Travel_Rarely,Research & Development,7,3,Life Sciences,753,Female,3,Research Scientist,Divorced,50930,2.0,16,1,31.0,3,7,0,0,3,3,2.0,4.0,4.0,7.483309489747258,0.28715409455427254,233,9.983047210300429,0.08678871088418594
36,0,Travel_Rarely,Research & Development,1,3,Medical,754,Male,2,Sales Executive,Single,53090,3.0,13,0,15.0,5,5,0,1,3,3,1.0,2.0,3.0,9.401894586894588,0.31284083223416737,234,9.990740740740742,0.0642367403168548
31,1,Travel_Frequently,Sales,4,3,Life Sciences,755,Male,2,Manager,Single,30570,1.0,19,0,1.0,3,1,0,0,3,3,2.0,3.0,3.0,7.30347337962963,0.2922622662844305,240,9.966944444444444,0.0734843483651016
30,0,Travel_Rarely,Sales,3,3,Life Sciences,756,Male,3,Sales Executive,Divorced,51210,7.0,13,0,8.0,4,3,0,2,3,3,4.0,1.0,3.0,7.53879931972789,0.2991430226386077,245,9.988095238095237,0.08051912568306013
31,0,Travel_Rarely,Research & Development,1,3,Medical,757,Male,1,Laboratory Technician,Single,168560,3.0,12,1,9.0,3,3,1,0,3,3,1.0,2.0,4.0,7.2914336158192095,0.28643915521093666,236,10.004590395480227,0.07745046980806998
34,0,Travel_Frequently,Sales,2,1,Marketing,758,Female,5,Manager,Divorced,26860,5.0,11,0,10.0,3,4,1,3,4,3,4.0,1.0,3.0,7.603156676413255,0.3019946970154305,228,9.993640350877193,0.07401101643609757
31,1,Travel_Rarely,Sales,20,3,Technical Degree,759,Male,1,Research Scientist,Single,61800,1.0,14,1,1.0,2,1,0,0,1,3,1.0,2.0,4.0,8.038707264957264,0.2955330987959747,234,10.001424501424502,0.061793384118133676
27,0,Travel_Rarely,Human Resources,11,4,Medical,760,Male,4,Sales Executive,Married,66320,0.0,16,0,6.0,3,5,1,4,3,3,2.0,1.0,4.0,7.189699359853681,0.28955149030844163,243,10.017283950617285,0.07632537496173868
36,0,Travel_Rarely,Sales,1,3,Marketing,761,Male,2,Research Scientist,Single,35050,1.0,12,2,10.0,2,10,1,8,2,3,1.0,4.0,2.0,6.329309056956116,0.3098222727394751,238,9.977450980392156,0.0815592509859077
36,0,Travel_Rarely,Research & Development,24,3,Other,762,Female,3,Research Director,Married,63970,4.0,14,1,11.0,3,3,0,2,3,3,3.0,1.0,2.0,7.316132653061226,0.29386086547804047,245,9.985714285714286,0.07685792349726778
47,0,Travel_Rarely,Research & Development,23,4,Life Sciences,763,Female,2,Sales Executive,Married,62740,7.0,14,2,17.0,0,6,1,2,3,3,1.0,4.0,2.0,7.789321378340365,0.2892297049359247,237,10.040646976090013,0.09207434424340667
25,1,Travel_Rarely,Sales,16,4,Life Sciences,764,Male,2,Research Scientist,Married,198590,3.0,19,0,6.0,3,3,2,2,2,3,1.0,1.0,3.0,7.221421706516644,0.2870052893001403,237,9.970604781997187,0.08604139351752524
37,0,Non-Travel,Sales,8,4,Medical,765,Male,1,Healthcare Representative,Single,75870,0.0,22,1,7.0,5,6,1,3,3,4,3.0,3.0,1.0,7.603537195994278,0.30295352463713016,233,9.992989985693848,0.07039605018663767
56,0,Travel_Rarely,Research & Development,10,4,Other,766,Male,2,Sales Representative,Married,42580,2.0,16,0,5.0,2,3,1,0,3,3,1.0,1.0,4.0,6.623406369731801,0.297485479786759,232,10.069683908045977,0.07000288185633015
47,0,Travel_Rarely,Research & Development,3,2,Medical,767,Male,2,Laboratory Technician,Married,43640,3.0,11,1,26.0,3,20,5,6,3,3,1.0,3.0,4.0,6.299673812816966,0.2898913588942932,241,9.989557399723376,0.07597498847395114
24,0,Travel_Rarely,Research & Development,5,1,Other,768,Male,1,Manufacturing Director,Married,43350,1.0,15,1,5.0,5,5,0,3,3,3,4.0,3.0,3.0,9.67537900188324,0.30407917373560756,236,10.021610169491526,0.08084307008053868
32,0,Travel_Rarely,Sales,4,3,Marketing,769,Male,1,Research Scientist,Married,53260,4.0,14,1,7.0,2,4,0,3,3,3,4.0,4.0,2.0,7.485165260196905,0.2713291860459487,237,9.960407876230661,0.08183801560625202
34,0,Travel_Rarely,Research & Development,9,2,Medical,770,Male,1,Sales Executive,Married,32800,5.0,13,0,7.0,3,5,0,2,3,3,4.0,2.0,2.0,6.101879588839941,0.3157119467449318,227,10.006167400881058,0.0803034861105696
41,0,Travel_Rarely,Research & Development,26,3,Medical,771,Female,3,Sales Executive,Married,54850,2.0,17,2,7.0,2,4,0,3,3,3,2.0,3.0,2.0,10.499181527206218,0.2751679442750186,243,9.978395061728396,0.0789654116926845
40,0,Non-Travel,Sales,3,2,Life Sciences,772,Male,1,Sales Executive,Divorced,43420,3.0,11,1,11.0,6,8,0,7,2,3,3.0,3.0,4.0,6.390747584541064,0.30250852993493516,230,10.008768115942027,0.07421560344282012
31,0,Travel_Rarely,Research & Development,16,3,Medical,773,Male,2,Human Resources,Divorced,27820,1.0,19,1,13.0,5,13,9,9,3,3,1.0,4.0,3.0,6.676340479483632,0.31541022297616816,241,9.994951590594745,0.080470935146765
46,1,Travel_Rarely,Research & Development,18,1,Medical,774,Male,1,Manufacturing Director,Divorced,59800,4.0,11,1,28.0,2,7,4,3,3,3,1.0,4.0,4.0,6.667140522875817,0.3154846295101908,238,9.994187675070028,0.07111117513109327
39,1,Non-Travel,Research & Development,2,4,Medical,775,Male,2,Manufacturing Director,Single,43810,2.0,15,2,11.0,1,1,0,0,2,3,1.0,1.0,4.0,9.4125971650663,0.27222198402585207,243,9.99567901234568,0.07786807468625663
31,1,Travel_Frequently,Sales,2,3,Medical,776,Male,2,Sales Executive,Single,25720,1.0,13,3,10.0,3,10,4,7,3,3,3.0,2.0,3.0,6.8077704997574,0.30390727000881695,229,10.00349344978166,0.07777770329511313
45,0,Travel_Rarely,Sales,10,2,Marketing,777,Male,1,Sales Executive,Divorced,38330,2.0,14,0,24.0,1,7,0,7,3,3,2.0,1.0,3.0,10.501073286052009,0.2986684520811374,235,9.99936170212766,0.0828236649087714
31,0,Travel_Rarely,Research & Development,16,4,Life Sciences,778,Male,3,Human Resources,Single,42440,9.0,13,0,8.0,3,3,0,2,3,3,4.0,2.0,3.0,6.649557522123895,0.3007804620209963,226,9.9915191740413,0.07473392876652467
31,1,Travel_Frequently,Research & Development,7,4,Life Sciences,779,Male,1,Laboratory Technician,Married,65000,6.0,23,1,7.0,5,2,2,2,3,4,2.0,4.0,1.0,10.308444215820762,0.28276719233345576,243,10.010356652949245,0.08103899073034863
45,0,Travel_Rarely,Research & Development,1,2,Life Sciences,780,Female,1,Research Scientist,Married,184300,4.0,12,1,10.0,5,3,1,2,3,3,2.0,4.0,4.0,10.611550332383665,0.30324807450323954,234,9.983475783475782,0.07732234490460524
48,0,Travel_Rarely,Research & Development,24,3,Technical Degree,781,Male,2,Research Scientist,Divorced,16010,4.0,12,0,15.0,3,2,2,2,3,3,3.0,1.0,3.0,7.119044917257683,0.28590856305095114,235,9.985106382978723,0.08603316764664275
34,1,Travel_Rarely,Research & Development,7,4,Medical,782,Male,2,Research Scientist,Married,26940,1.0,16,1,2.0,3,2,2,2,3,3,1.0,3.0,3.0,7.405662393162394,0.3103327659829944,234,9.993019943019942,0.07444081695869968
40,0,Non-Travel,Research & Development,25,4,Other,783,Female,1,Sales Executive,Divorced,31490,2.0,15,1,16.0,1,9,4,8,2,3,4.0,2.0,3.0,8.033875114784205,0.29687670603499494,242,9.991528925619834,0.09039705333226644
28,0,Travel_Rarely,Research & Development,1,2,Technical Degree,784,Female,1,Research Scientist,Single,176390,0.0,13,1,6.0,0,5,1,3,3,3,4.0,1.0,3.0,6.488941344778254,0.30216618721680416,233,9.987267525035765,0.07782329641688461
44,0,Non-Travel,Research & Development,5,3,Life Sciences,785,Male,1,Laboratory Technician,Single,23190,3.0,18,0,7.0,4,5,0,3,2,3,3.0,3.0,3.0,6.603619565217391,0.3262661655095315,230,9.969202898550725,0.08293022066113957
53,0,Travel_Rarely,Research & Development,2,4,Technical Degree,786,Male,2,Manager,Single,116910,4.0,20,0,35.0,2,9,8,8,3,4,4.0,2.0,2.0,6.909737654320987,0.31717092110287304,234,10.015384615384617,0.07727541176039035
49,0,Travel_Rarely,Research & Development,7,3,Life Sciences,787,Male,3,Laboratory Technician,Married,53240,2.0,19,0,20.0,2,3,1,2,1,3,1.0,3.0,2.0,6.783873905025358,0.3131961783944134,241,10.014591977869987,0.0821623443983403
40,0,Travel_Rarely,Research & Development,2,4,Life Sciences,788,Male,3,Laboratory Technician,Divorced,167520,2.0,18,1,8.0,3,3,1,2,3,3,3.0,3.0,4.0,6.513810185185185,0.2986460899438646,240,9.997430555555555,0.0817007157523632
44,0,Travel_Rarely,Research & Development,5,1,Other,789,Male,3,Research Scientist,Single,52280,1.0,13,0,6.0,2,5,1,3,4,3,4.0,2.0,2.0,6.923727231329691,0.29689113567316133,244,9.986202185792349,0.07773522004092749
33,0,Travel_Frequently,Human Resources,10,3,Medical,790,Female,2,Sales Executive,Married,27000,0.0,14,3,5.0,2,4,0,3,3,3,4.0,1.0,3.0,7.28843487394958,0.2998892250452429,238,9.959593837535015,0.07633865290138563
34,0,Travel_Rarely,Research & Development,10,4,Life Sciences,791,Female,1,Sales Representative,Single,192460,3.0,15,1,15.0,5,13,3,12,3,3,4.0,1.0,3.0,6.880241290018833,0.31280281725854886,236,9.982980225988701,0.07529183695957045
30,0,Travel_Rarely,Sales,1,2,Technical Degree,792,Male,1,Laboratory Technician,Married,25060,8.0,22,0,4.0,3,2,2,2,3,4,4.0,3.0,2.0,6.058786610878662,0.339452382004897,239,10.006903765690376,0.08773108267016717
42,0,Travel_Frequently,Research & Development,8,4,Medical,793,Female,1,Sales Executive,Single,60620,1.0,22,2,12.0,2,12,5,8,3,4,1.0,4.0,3.0,7.300039158100832,0.3005054417629159,227,9.987812041116007,0.0776261159408989
44,0,Travel_Frequently,Research & Development,5,3,Life Sciences,794,Female,5,Manufacturing Director,Married,43820,7.0,16,2,11.0,2,1,0,0,3,3,1.0,3.0,2.0,7.579750712250712,0.2749960329878063,234,9.973860398860399,0.079930145425496
30,0,Non-Travel,Research & Development,8,3,Life Sciences,795,Male,1,Manufacturing Director,Divorced,21430,1.0,17,1,1.0,2,1,0,0,3,3,3.0,3.0,2.0,6.094781400966184,0.3153976283541089,230,9.962391304347827,0.08917742020547223
57,0,Travel_Rarely,Sales,2,1,Life Sciences,796,Male,3,Research Scientist,Married,61620,0.0,14,0,13.0,5,12,2,8,2,3,2.0,3.0,2.0,7.580286231884057,0.3115790298704399,230,10.002898550724638,0.09296584604349933
49,0,Travel_Rarely,Research & Development,7,3,Technical Degree,797,Female,2,Sales Executive,Divorced,50940,3.0,15,0,29.0,5,8,0,7,3,3,3.0,2.0,3.0,6.893671139359699,0.3402947576111941,236,10.003601694915256,0.08474465580798977
34,0,Travel_Frequently,Research & Development,2,4,Medical,798,Female,2,Sales Representative,Divorced,68770,7.0,20,0,16.0,3,14,6,9,3,4,2.0,1.0,2.0,6.305397865114023,0.2960083016114346,229,9.981586608442505,0.07077422601871007
28,1,Travel_Frequently,Research & Development,2,3,Medical,799,Male,1,Research Scientist,Married,22740,3.0,20,1,5.0,5,3,1,2,3,4,1.0,3.0,4.0,6.538028233151183,0.3073321556831917,244,9.991871584699453,0.07572583803698466
34,1,Travel_Rarely,Research & Development,7,1,Medical,801,Male,1,Research Scientist,Single,62880,0.0,15,1,16.0,2,15,10,10,3,3,1.0,2.0,4.0,8.512823691460056,0.3029268487045792,242,9.96880165289256,0.07332068801938665
35,0,Travel_Rarely,Sales,7,4,Other,802,Female,4,Healthcare Representative,Married,25530,1.0,14,1,1.0,4,1,0,0,2,3,4.0,3.0,3.0,6.602291972589329,0.3087925740804498,227,10.015859030837007,0.08509398593946954
24,1,Travel_Frequently,Sales,3,3,Life Sciences,803,Male,2,Research Scientist,Single,76540,2.0,17,1,4.0,3,0,0,0,2,3,2.0,1.0,2.0,8.521810920362421,0.29274788996968076,233,9.9826895565093,0.07525461250061671
24,0,Non-Travel,Research & Development,10,3,Life Sciences,804,Female,2,Manager,Married,51600,1.0,17,1,1.0,3,1,0,0,1,3,4.0,2.0,3.0,7.350506741050674,0.28403783213791256,239,9.979218967921897,0.0864290793025717
44,0,Travel_Frequently,Research & Development,5,2,Medical,805,Female,2,Research Scientist,Single,171590,5.0,22,1,16.0,1,2,2,2,2,4,2.0,3.0,2.0,10.292641746684955,0.31650189473173157,243,9.984979423868312,0.07858543345917093
29,0,Travel_Rarely,Sales,10,2,Life Sciences,806,Female,1,Sales Executive,Divorced,128080,1.0,13,0,10.0,6,10,0,4,3,3,3.0,3.0,3.0,7.03019090077732,0.311679134227823,243,10.0278463648834,0.08011210118393078
30,0,Travel_Rarely,Research & Development,1,2,Life Sciences,807,Male,3,Sales Executive,Divorced,102210,0.0,19,1,6.0,2,5,1,3,3,3,3.0,3.0,4.0,6.101496786042241,0.316249952031792,242,9.992011019283746,0.08799261951845884
55,0,Travel_Rarely,Sales,20,3,Marketing,808,Male,2,Research Scientist,Married,47790,0.0,14,1,4.0,6,3,1,2,3,3,4.0,3.0,3.0,10.69115721040189,0.2749870871715696,235,9.999858156028367,0.07833093895859858
33,0,Travel_Rarely,Research & Development,7,2,Life Sciences,809,Male,2,Research Scientist,Married,37370,8.0,22,2,8.0,2,5,0,2,3,4,1.0,2.0,3.0,7.8985393897996365,0.30264058545423594,244,9.990300546448086,0.07979122160006583
47,0,Travel_Rarely,Research & Development,8,4,Medical,810,Female,2,Sales Representative,Married,23660,3.0,17,0,11.0,5,5,1,2,2,3,3.0,3.0,2.0,10.849712962962963,0.2820996913338988,240,9.992847222222222,0.06513807047109876
28,1,Travel_Frequently,Sales,1,3,Marketing,811,Male,2,Laboratory Technician,Single,17060,7.0,12,0,8.0,3,0,0,0,3,3,3.0,1.0,2.0,7.588862704918032,0.30101455423364226,244,9.996926229508198,0.07329298218984007
28,0,Travel_Rarely,Sales,8,4,Marketing,812,Male,1,Laboratory Technician,Divorced,163070,1.0,16,0,1.0,3,1,0,0,2,3,1.0,3.0,1.0,6.122644675925926,0.302943915781012,240,10.012986111111111,0.0720563642879281
28,0,Travel_Frequently,Research & Development,9,3,Life Sciences,813,Female,2,Sales Executive,Single,59330,0.0,11,0,5.0,3,4,1,3,3,3,3.0,1.0,3.0,6.962416789035732,0.30192955665641497,227,9.980029368575623,0.08162989097241173
49,0,Travel_Rarely,Research & Development,5,4,Life Sciences,814,Female,1,Research Scientist,Married,34240,4.0,11,0,10.0,3,3,1,2,3,3,3.0,1.0,3.0,6.400011921793037,0.2950776584956827,233,10.01444921316166,0.07723284906187816
29,0,Travel_Frequently,Research & Development,8,1,Medical,815,Male,1,Research Scientist,Married,40370,0.0,14,0,4.0,2,3,0,2,1,3,4.0,2.0,3.0,7.121506147540984,0.2870363000126007,244,9.991188524590164,0.08134064835428424
28,0,Travel_Rarely,Research & Development,5,1,Technical Degree,816,Male,2,Laboratory Technician,Married,25590,1.0,11,0,8.0,3,8,1,7,2,3,3.0,2.0,2.0,5.973506038647343,0.3047698889145616,230,10.006376811594201,0.06256468999852335
33,0,Travel_Rarely,Research & Development,15,4,Life Sciences,817,Female,1,Sales Executive,Single,62010,2.0,15,3,14.0,2,0,0,0,2,3,4.0,3.0,3.0,8.459304954304955,0.30166470257016104,231,10.0007215007215,0.07980624045841432
32,0,Travel_Rarely,Research & Development,7,3,Life Sciences,818,Female,3,Laboratory Technician,Single,44030,2.0,20,0,10.0,3,5,0,0,2,4,3.0,4.0,4.0,7.424210832171083,0.288677761431214,239,9.964644351464436,0.08618987064839885
54,0,Travel_Frequently,Sales,10,3,Life Sciences,819,Female,4,Research Scientist,Divorced,37610,3.0,12,0,26.0,3,14,1,12,2,3,2.0,4.0,3.0,7.000416666666667,0.2752388391876745,228,9.978654970760234,0.08934903951018028
29,1,Travel_Rarely,Research & Development,5,3,Life Sciences,820,Female,2,Research Scientist,Single,109340,6.0,17,2,11.0,2,9,0,7,3,3,1.0,1.0,1.0,6.5232007837713235,0.30779044220986,241,9.998478561549101,0.0805879533579223
44,0,Travel_Rarely,Sales,26,1,Marketing,821,Male,1,Sales Representative,Married,107610,3.0,11,1,24.0,5,20,14,17,2,3,4.0,1.0,4.0,7.881761280931587,0.29113112640557925,229,10.017176128093158,0.07385329681554688
39,0,Travel_Rarely,Sales,6,1,Technical Degree,822,Female,2,Laboratory Technician,Single,51750,4.0,17,1,9.0,2,2,2,2,4,3,2.0,2.0,3.0,7.125110867446394,0.3260943504336178,228,9.985087719298246,0.08655833784166725
46,0,Travel_Rarely,Research & Development,4,2,Life Sciences,823,Male,3,Manufacturing Director,Married,138260,8.0,11,0,23.0,1,13,5,1,2,3,3.0,2.0,4.0,7.023544260027663,0.3043403973038017,241,9.966182572614107,0.06939212578761335
35,0,Travel_Rarely,Research & Development,23,4,Life Sciences,824,Male,2,Research Scientist,Single,63340,1.0,14,0,11.0,2,11,3,3,4,3,4.0,2.0,1.0,6.203768801552644,0.2941745196299936,229,9.995269286754004,0.07280525124066847
23,0,Travel_Rarely,Research & Development,2,4,Medical,825,Female,2,Manager,Single,49360,0.0,19,1,5.0,2,4,1,2,2,3,1.0,3.0,3.0,7.709598765432099,0.3176145833105887,234,9.97656695156695,0.07388463474479211
40,1,Travel_Rarely,Research & Development,2,3,Medical,826,Male,2,Research Director,Single,47750,3.0,15,1,15.0,3,5,1,0,4,3,4.0,1.0,1.0,7.620850241545893,0.29633443068993903,230,9.99072463768116,0.07597618294200792
34,0,Travel_Rarely,Human Resources,2,3,Human Resources,827,Male,2,Manufacturing Director,Married,28180,1.0,13,1,10.0,2,10,8,6,3,3,4.0,3.0,3.0,10.289966761633428,0.32097258147479396,234,9.975284900284901,0.08545592706715742
31,1,Travel_Frequently,Research & Development,29,3,Life Sciences,828,Female,2,Healthcare Representative,Single,25150,1.0,14,0,7.0,3,7,7,7,2,3,4.0,3.0,1.0,6.3646038647343,0.3016138295109017,230,9.977753623188407,0.07694228740797
50,0,Travel_Frequently,Research & Development,6,3,Medical,829,Male,1,Manager,Single,23420,1.0,12,1,32.0,2,32,13,9,2,3,3.0,4.0,3.0,9.983714689265538,0.3165345278131371,236,9.983898305084745,0.06801149977962094
34,0,Travel_Rarely,Sales,25,5,Marketing,830,Female,1,Research Scientist,Married,41940,0.0,17,2,12.0,3,11,5,7,3,3,2.0,3.0,3.0,10.494251676245211,0.3437541917340551,232,10.005028735632184,0.06919057156126127
42,0,Travel_Rarely,Research & Development,1,3,Life Sciences,831,Female,1,Manufacturing Director,Married,106850,4.0,11,3,4.0,2,1,0,0,3,3,3.0,2.0,3.0,6.595753472222223,0.3303009086592877,240,9.98625,0.07266928172942815
37,0,Travel_Rarely,Research & Development,2,2,Medical,832,Male,1,Research Scientist,Married,20220,1.0,12,0,10.0,1,10,3,7,3,3,1.0,4.0,3.0,8.006495911495911,0.3181586940708067,231,9.992496392496394,0.07811494865842693
29,0,Travel_Rarely,Research & Development,1,3,Medical,833,Female,1,Manager,Married,23140,3.0,13,0,9.0,5,7,0,7,4,3,3.0,1.0,3.0,6.202246732026144,0.30413036716988096,238,10.028081232492998,0.08427961268895742
33,0,Travel_Rarely,Research & Development,1,1,Life Sciences,834,Male,1,Research Scientist,Single,42560,1.0,13,3,5.0,1,5,0,2,3,3,4.0,2.0,3.0,7.208550309966619,0.29139963478360115,233,9.996709585121604,0.07309975868646512
45,0,Travel_Rarely,Sales,3,3,Life Sciences,835,Male,3,Laboratory Technician,Married,35800,4.0,20,1,8.0,1,5,0,3,2,4,4.0,4.0,3.0,6.04475360297536,0.29208912756921157,239,10.012343096234309,0.06759794154760929
42,0,Travel_Frequently,Human Resources,1,4,Technical Degree,836,Male,2,Manufacturing Director,Married,31620,2.0,17,2,24.0,1,20,13,9,3,3,4.0,4.0,1.0,8.067896174863389,0.30685029429150557,244,9.997472677595628,0.08897049536381156
40,0,Travel_Rarely,Sales,10,1,Life Sciences,837,Female,1,Manufacturing Director,Married,65240,0.0,13,1,9.0,2,8,7,1,4,3,1.0,1.0,4.0,6.323114997713763,0.3098892663679958,243,9.987037037037037,0.08337006427915526
33,0,Travel_Rarely,Research & Development,9,3,Medical,838,Female,2,Manufacturing Director,Married,28990,1.0,17,0,15.0,3,15,5,7,2,3,2.0,3.0,3.0,10.617287649219467,0.28321640884131194,242,9.97926997245179,0.06790296876726533
40,0,Travel_Rarely,Sales,5,5,Life Sciences,839,Male,1,Manufacturing Director,Single,52310,1.0,12,2,21.0,4,21,7,7,3,3,3.0,4.0,3.0,8.432153916211293,0.31182420972074404,244,9.98155737704918,0.08203387003680475
24,0,Travel_Rarely,Sales,10,2,Marketing,840,Male,1,Manufacturing Director,Divorced,23560,0.0,13,0,2.0,5,1,0,0,3,3,3.0,1.0,3.0,6.096182277318642,0.2833687941200083,242,9.963636363636363,0.07541032733978792
40,0,Non-Travel,Research & Development,7,3,Medical,841,Male,1,Research Scientist,Divorced,28000,3.0,12,2,8.0,0,2,2,2,2,3,4.0,4.0,3.0,8.382793847566575,0.3037008229222575,242,9.999035812672176,0.08258090143227823
45,0,Travel_Rarely,Research & Development,4,3,Medical,842,Female,3,Laboratory Technician,Divorced,118360,1.0,22,0,10.0,2,10,7,7,4,4,1.0,2.0,3.0,6.594626113455227,0.3094185116429166,237,9.969338959212378,0.08202201880060718
35,0,Travel_Rarely,Research & Development,10,1,Life Sciences,843,Male,1,Healthcare Representative,Married,109030,0.0,11,0,6.0,3,5,4,2,4,3,2.0,3.0,3.0,7.77234075670498,0.31574562092948594,232,9.94037356321839,0.08022439087094248
32,0,Travel_Rarely,Research & Development,22,4,Medical,844,Male,1,Sales Executive,Married,29730,3.0,22,0,12.0,0,7,2,5,4,4,4.0,2.0,3.0,7.27428999538958,0.32696915789224273,241,10.00954356846473,0.08247567043184258
36,0,Travel_Rarely,Sales,9,3,Marketing,845,Female,4,Research Scientist,Single,142750,3.0,18,1,7.0,5,3,1,2,2,3,3.0,4.0,2.0,9.089532103825135,0.30466294816395345,244,9.980122950819673,0.0810767566544485
48,0,Travel_Rarely,Research & Development,12,4,Medical,846,Male,1,Laboratory Technician,Divorced,55620,8.0,13,1,18.0,2,8,7,7,3,3,3.0,3.0,3.0,7.859650726676042,0.2984643550049745,237,10.00661040787623,0.08482429060684799
29,0,Travel_Rarely,Research & Development,23,4,Life Sciences,847,Female,2,Healthcare Representative,Married,45370,6.0,18,1,5.0,5,1,0,0,4,3,3.0,3.0,2.0,7.7590975103734445,0.3034917492352275,241,10.000207468879667,0.07337379936990931
33,0,Travel_Rarely,Research & Development,9,1,Medical,848,Male,1,Healthcare Representative,Married,76420,2.0,20,1,8.0,2,2,2,2,2,4,1.0,1.0,1.0,7.108776115859449,0.28965929245656946,234,9.981837606837606,0.06356594585671825
30,1,Travel_Rarely,Research & Development,1,3,Other,849,Male,3,Sales Executive,Married,179240,1.0,13,2,10.0,2,10,6,7,3,3,2.0,1.0,3.0,7.376322173702087,0.2948922675544303,229,10.02292576419214,0.08629593452335349
38,0,Travel_Frequently,Sales,9,3,Marketing,850,Male,1,Manufacturing Director,Married,52040,3.0,13,1,10.0,2,6,1,2,3,3,3.0,3.0,3.0,6.928822640632263,0.28560091087548095,239,10.009972105997212,0.07158197867710543
35,0,Travel_Rarely,Sales,7,2,Life Sciences,851,Male,1,Sales Executive,Single,22770,1.0,12,1,3.0,2,3,1,2,3,3,4.0,1.0,3.0,6.808158014571949,0.2857420969237852,244,10.022472677595628,0.07850638928242136
30,0,Travel_Rarely,Research & Development,14,3,Technical Degree,852,Male,5,Research Director,Married,27950,3.0,13,0,9.0,4,4,1,3,3,3,3.0,2.0,3.0,6.500898903195041,0.28879637896807353,233,10.01194563662375,0.07506861197441346
35,1,Travel_Rarely,Research & Development,2,3,Medical,853,Female,1,Research Scientist,Divorced,25320,1.0,13,0,1.0,2,1,0,0,1,3,1.0,1.0,3.0,9.684859913793103,0.30348368139968435,232,9.99712643678161,0.07267087956743132
53,1,Travel_Rarely,Research & Development,19,3,Life Sciences,854,Male,2,Manager,Married,25590,0.0,25,0,34.0,2,33,1,9,3,4,3.0,4.0,3.0,6.5080817395264114,0.29847174991125525,244,9.977595628415301,0.07903187239050435
38,1,Travel_Rarely,Research & Development,2,3,Medical,855,Female,3,Sales Executive,Married,49080,4.0,19,1,7.0,3,5,1,4,2,3,3.0,2.0,3.0,7.600153177869228,0.2952998084544132,243,10.01063100137174,0.0808564413306276
32,0,Non-Travel,Research & Development,10,4,Life Sciences,856,Female,5,Research Scientist,Married,23800,4.0,13,0,9.0,5,6,1,2,3,3,4.0,1.0,2.0,7.381282051282051,0.29306089623547366,234,9.975783475783478,0.07182878267284568
48,0,Travel_Rarely,Research & Development,2,5,Life Sciences,857,Male,1,Sales Executive,Married,47650,8.0,12,1,10.0,4,8,7,6,3,3,3.0,1.0,2.0,7.112005507662834,0.3195008356174283,232,9.986206896551725,0.07867617057272233
34,0,Travel_Rarely,Research & Development,3,3,Life Sciences,858,Male,2,Sales Executive,Single,20440,1.0,11,0,1.0,2,1,0,0,3,3,1.0,4.0,1.0,7.4221641097164115,0.27638237253539705,239,9.985564853556486,0.06761404701350551
55,0,Travel_Rarely,Research & Development,11,1,Medical,859,Female,1,Laboratory Technician,Married,26930,1.0,18,0,36.0,6,36,2,13,2,3,3.0,4.0,3.0,6.372202041785375,0.3111491147023997,234,10.00548433048433,0.06319940676342672
34,0,Travel_Rarely,Research & Development,2,2,Life Sciences,860,Male,2,Research Scientist,Married,65860,9.0,18,1,9.0,3,2,2,1,3,3,2.0,3.0,2.0,6.133991228070175,0.3176035268636431,228,9.972807017543861,0.07213295720947004
26,0,Travel_Rarely,Research & Development,4,3,Life Sciences,861,Male,1,Research Director,Married,32940,1.0,11,0,1.0,6,1,0,0,3,3,1.0,4.0,3.0,7.30157019990702,0.2978149877282343,239,9.99979079497908,0.07199225296813282
38,0,Travel_Rarely,Sales,14,2,Marketing,862,Female,1,Sales Executive,Married,41710,0.0,23,0,10.0,4,9,7,7,4,4,3.0,2.0,3.0,7.00611581920904,0.33568243374738954,236,10.01334745762712,0.0740657681211684
38,0,Travel_Rarely,Research & Development,2,3,Life Sciences,863,Female,1,Manufacturing Director,Single,27780,2.0,13,0,8.0,5,3,1,2,2,3,2.0,2.0,4.0,7.2450107758620685,0.3029717158752245,232,9.9691091954023,0.07615081438357293
36,0,Travel_Rarely,Human Resources,1,3,Human Resources,864,Male,1,Research Scientist,Single,23770,6.0,13,2,15.0,3,1,0,0,3,3,2.0,3.0,3.0,7.427548100048099,0.2800153999685304,231,10.019336219336218,0.08292641738293909
29,0,Travel_Rarely,Research & Development,10,3,Life Sciences,865,Male,1,Sales Representative,Single,24040,1.0,17,0,10.0,3,10,1,5,2,3,2.0,1.0,3.0,8.108851383028599,0.28698279469421356,237,10.00028129395218,0.09183607873052202
35,0,Travel_Rarely,Sales,12,2,Life Sciences,866,Female,2,Sales Executive,Single,23180,3.0,19,0,10.0,4,5,0,4,4,3,1.0,3.0,3.0,9.29944200779727,0.30977863360427316,228,10.013084795321639,0.0639995953233549
39,0,Travel_Rarely,Sales,2,2,Medical,867,Female,1,Sales Executive,Married,20080,2.0,12,0,11.0,3,7,7,6,3,3,4.0,3.0,3.0,7.768857142857143,0.3086264497638321,245,9.964829931972789,0.07907789673246346
29,0,Travel_Frequently,Research & Development,5,1,Medical,868,Female,1,Research Scientist,Divorced,62440,1.0,22,0,6.0,3,6,1,3,3,4,1.0,4.0,4.0,6.832889123300516,0.3013197494397519,237,10.01490857946554,0.07363743275564777
50,0,Travel_Rarely,Research & Development,4,2,Medical,869,Female,1,Laboratory Technician,Married,27990,4.0,12,1,27.0,0,1,0,0,1,3,3.0,3.0,3.0,9.387326388888887,0.3049914969580643,240,9.98201388888889,0.07761447679373942
23,0,Travel_Rarely,Research & Development,7,2,Life Sciences,870,Female,3,Manager,Married,105520,2.0,11,0,4.0,2,2,2,2,3,3,4.0,3.0,3.0,6.664042824074074,0.2805057362268149,240,9.98125,0.07430758949325901
36,0,Travel_Frequently,Sales,21,3,Life Sciences,871,Male,2,Human Resources,Married,23290,3.0,15,0,9.0,2,3,0,2,3,3,1.0,1.0,3.0,9.216660756501183,0.30183447816614556,235,10.006950354609929,0.07799991917722413
42,0,Travel_Rarely,Research & Development,8,2,Life Sciences,872,Female,5,Manager,Single,40140,8.0,13,1,24.0,3,1,0,1,3,3,4.0,4.0,3.0,5.996898719707361,0.30427998391070676,243,9.962620027434843,0.08497552215004502
35,0,Travel_Rarely,Sales,4,3,Medical,873,Female,2,Laboratory Technician,Married,74030,1.0,12,1,10.0,4,10,6,8,3,3,2.0,3.0,2.0,6.391757741347906,0.2855464770551951,244,9.990300546448086,0.0893111118606969
34,0,Travel_Frequently,Research & Development,25,1,Life Sciences,874,Female,1,Manager,Married,22590,1.0,14,0,8.0,2,8,7,7,3,3,4.0,3.0,2.0,5.9954394157088124,0.2817426087554127,232,10.035847701149425,0.0722435303362027
40,0,Travel_Rarely,Research & Development,1,4,Life Sciences,875,Male,2,Laboratory Technician,Married,69320,1.0,13,0,5.0,5,5,1,2,3,3,4.0,1.0,3.0,6.491637115839243,0.2950351769291281,235,9.966666666666669,0.07481481481481483
43,0,Travel_Rarely,Research & Development,1,1,Other,876,Male,1,Manager,Divorced,46780,5.0,25,1,8.0,0,6,0,2,4,4,4.0,2.0,3.0,7.030567738791423,0.28363520310738427,228,9.998976608187135,0.07989615804072096
35,0,Travel_Rarely,Sales,6,3,Marketing,877,Female,3,Sales Representative,Married,135820,1.0,17,1,1.0,3,1,0,1,2,3,3.0,4.0,2.0,7.3205448259418215,0.31325695076553195,233,9.978469241773961,0.07818265625770801
46,0,Travel_Rarely,Research & Development,12,4,Technical Degree,878,Male,1,Laboratory Technician,Single,23320,1.0,11,0,27.0,2,26,0,12,3,3,4.0,1.0,1.0,6.5991343937298295,0.31285679464272115,241,9.982434301521437,0.07591469763331794
28,1,Travel_Rarely,Human Resources,1,3,Medical,879,Female,2,Laboratory Technician,Married,24130,1.0,16,1,1.0,2,1,0,0,3,3,3.0,2.0,3.0,8.417341772151898,0.29974686678244705,237,10.018143459915613,0.08001311115878801
22,0,Non-Travel,Sales,17,2,Marketing,880,Male,3,Sales Executive,Married,97050,1.0,18,2,4.0,3,4,1,3,2,3,2.0,3.0,2.0,8.882230426629162,0.29591546320737216,237,9.977215189873418,0.07510482967412808
50,0,Travel_Frequently,Research & Development,3,3,Other,881,Male,2,Research Scientist,Married,42940,2.0,20,0,32.0,2,30,12,13,2,4,2.0,3.0,3.0,9.425232053040695,0.29951167904692544,243,10.019890260631,0.06661835338041844
32,0,Travel_Rarely,Research & Development,3,2,Life Sciences,882,Male,3,Research Scientist,Married,47210,3.0,14,1,6.0,3,3,0,2,3,3,2.0,4.0,3.0,6.344614463601533,0.2853261161547028,232,9.97449712643678,0.08405698508069202
44,0,Travel_Rarely,Research & Development,10,3,Technical Degree,883,Male,3,Manager,Divorced,25190,0.0,21,2,23.0,2,22,1,10,3,4,2.0,4.0,2.0,8.780374942844077,0.28957933472359493,243,9.981893004115225,0.08023322450090117
30,0,Travel_Rarely,Research & Development,4,3,Medical,884,Female,1,Research Director,Married,21210,1.0,13,1,6.0,2,6,1,1,3,3,2.0,2.0,2.0,6.562242489270386,0.30818136472738394,233,9.992703862660944,0.07702508098597347
45,0,Travel_Rarely,Sales,29,2,Technical Degree,885,Female,2,Research Scientist,Single,29730,1.0,12,0,10.0,2,10,1,4,3,3,3.0,1.0,3.0,8.87501467931346,0.30258875099312393,246,10.006571815718155,0.07572194107995495
45,0,Non-Travel,Sales,2,4,Life Sciences,886,Male,2,Manufacturing Director,Married,58550,1.0,14,1,10.0,3,10,4,5,2,3,1.0,1.0,3.0,7.908878159275155,0.28501288351127996,233,9.980543633762519,0.07898045031489978
31,0,Travel_Frequently,Research & Development,7,3,Medical,887,Male,2,Research Scientist,Single,36170,7.0,21,1,10.0,5,5,0,3,3,4,4.0,1.0,3.0,7.144681688125895,0.29176335917685736,233,9.964592274678111,0.07969994080213101
36,0,Travel_Rarely,Research & Development,18,1,Medical,888,Male,2,Manufacturing Director,Married,67250,9.0,17,1,7.0,3,3,1,1,3,3,3.0,3.0,3.0,10.91689342403628,0.2920181726621445,245,10.011224489795918,0.06369521579123441
34,0,Travel_Frequently,Sales,28,4,Marketing,889,Male,5,Manufacturing Director,Divorced,103250,1.0,11,1,9.0,3,9,7,2,2,3,3.0,4.0,3.0,6.102161785216179,0.29276152310217246,239,10.012343096234309,0.08312315163164298
49,0,Travel_Rarely,Research & Development,1,4,Life Sciences,890,Male,3,Healthcare Representative,Married,69490,1.0,14,1,10.0,2,9,1,4,3,3,3.0,1.0,2.0,7.295703161320317,0.3231751899368695,239,9.979846582984658,0.0775531509674999
39,0,Travel_Rarely,Research & Development,6,2,Life Sciences,891,Male,3,Research Scientist,Married,106090,2.0,17,1,10.0,2,7,7,7,3,3,2.0,1.0,3.0,6.567342995169082,0.31328338142139267,230,9.976014492753624,0.07512693816847031
27,0,Travel_Rarely,Research & Development,2,1,Life Sciences,892,Male,4,Research Scientist,Divorced,44470,1.0,13,0,7.0,4,7,0,7,3,3,4.0,1.0,3.0,6.090469821673525,0.29850892172266735,243,9.993141289437585,0.08878885185563076
35,0,Travel_Rarely,Research & Development,2,3,Medical,893,Female,2,Sales Executive,Married,21570,1.0,25,0,16.0,1,16,1,10,2,4,2.0,1.0,3.0,7.603104018912529,0.30186062914742456,235,10.001489361702125,0.06622165646279118
28,0,Travel_Rarely,Research & Development,23,3,Life Sciences,894,Male,3,Manufacturing Director,Divorced,46010,0.0,15,2,6.0,2,5,0,0,3,3,2.0,1.0,2.0,7.38428125,0.2985320931435799,240,9.997777777777777,0.06800759336742596
21,0,Travel_Rarely,Research & Development,3,1,Life Sciences,895,Female,1,Laboratory Technician,Single,170990,1.0,14,1,3.0,2,2,2,2,3,3,3.0,4.0,3.0,7.880823877068558,0.31207442358879994,235,9.988581560283688,0.08562523489119242
18,1,Travel_Frequently,Research & Development,3,5,Medical,896,Male,1,Research Director,Single,24790,1.0,12,1,0.0,2,0,0,0,2,3,2.0,4.0,4.0,8.39764060356653,0.31937757152311497,243,9.939506172839504,0.07982629323538414
47,0,Travel_Rarely,Research & Development,25,4,Medical,897,Male,2,Research Scientist,Married,148520,3.0,19,3,27.0,3,5,1,0,2,3,4.0,3.0,3.0,6.03974173553719,0.28435542769764643,242,9.99917355371901,0.08301222332719885
39,0,Travel_Rarely,Sales,2,4,Life Sciences,898,Male,1,Laboratory Technician,Divorced,72640,0.0,17,0,11.0,5,10,0,7,3,3,3.0,3.0,3.0,6.870003687315634,0.30043366401700633,226,10.008333333333333,0.07393641975308639
40,0,Travel_Rarely,Research & Development,22,1,Life Sciences,899,Male,1,Laboratory Technician,Married,56660,1.0,14,1,18.0,2,18,14,12,3,3,1.0,3.0,3.0,7.586946859903381,0.2989043621631559,230,9.995507246376812,0.08742271586186526
35,0,Non-Travel,Research & Development,29,3,Medical,900,Female,2,Sales Executive,Married,78230,1.0,13,1,15.0,3,14,2,9,3,3,3.0,3.0,3.0,6.191809178743962,0.2704655999242445,230,9.947391304347827,0.07731970550387117
37,0,Travel_Rarely,Research & Development,29,4,Technical Degree,901,Male,1,Laboratory Technician,Married,78800,3.0,12,1,9.0,2,4,0,2,4,3,3.0,3.0,2.0,7.993996978149697,0.29813023774729797,239,9.997768479776846,0.08906596111247846
39,0,Travel_Frequently,Research & Development,2,3,Technical Degree,902,Female,2,Manager,Single,131940,0.0,11,0,10.0,2,9,3,8,3,3,1.0,3.0,1.0,6.660409482758621,0.31663222254554657,232,9.989511494252874,0.07513723026654066
45,0,Travel_Rarely,Research & Development,28,3,Life Sciences,903,Female,2,Laboratory Technician,Divorced,50670,1.0,11,2,10.0,3,10,3,9,2,3,4.0,4.0,3.0,7.3171510560146915,0.29282561141056884,242,9.981404958677684,0.07036509950504662
38,0,Travel_Rarely,Research & Development,2,4,Life Sciences,904,Female,3,Sales Executive,Married,50790,3.0,11,0,10.0,3,5,0,2,3,3,4.0,3.0,4.0,9.588505007153074,0.2986235133998307,233,9.997997138769671,0.08483074137108838
35,1,Travel_Rarely,Research & Development,2,3,Life Sciences,905,Male,3,Healthcare Representative,Married,23210,9.0,12,1,15.0,0,13,6,0,3,3,4.0,1.0,3.0,5.966612268518518,0.32257296763609344,240,9.984097222222223,0.0769485074771424
37,0,Travel_Rarely,Research & Development,22,3,Life Sciences,906,Female,2,Healthcare Representative,Married,174440,1.0,14,0,8.0,4,8,7,7,3,3,2.0,2.0,1.0,7.942092352092352,0.2793130552725927,231,10.008874458874459,0.08013225421921076
40,0,Travel_Rarely,Research & Development,8,3,Technical Degree,907,Female,2,Healthcare Representative,Single,24040,6.0,17,0,18.0,2,4,3,3,2,3,3.0,4.0,2.0,9.179383101851851,0.2858845729558223,240,9.995069444444445,0.0712110597783975
44,0,Travel_Frequently,Sales,2,2,Marketing,908,Male,1,Laboratory Technician,Married,34520,4.0,11,1,14.0,2,10,0,2,2,3,1.0,4.0,3.0,8.593498563218391,0.3081268575301743,232,10.02816091954023,0.06927808462291224
48,0,Travel_Frequently,Sales,10,4,Marketing,909,Female,3,Manager,Married,22700,2.0,14,3,23.0,2,2,2,2,3,3,3.0,4.0,3.0,7.111725146198831,0.2738760012954945,228,9.960964912280701,0.07408628951232712
35,1,Travel_Rarely,Research & Development,9,3,Life Sciences,910,Male,2,Manager,Divorced,173990,6.0,12,0,7.0,3,2,2,2,1,3,3.0,4.0,2.0,10.69871586629002,0.2978596418537086,236,9.989053672316384,0.07798014084224872
24,0,Travel_Frequently,Research & Development,15,3,Life Sciences,911,Male,2,Research Scientist,Single,54880,1.0,22,1,6.0,6,6,1,3,3,4,1.0,4.0,3.0,8.687724314272431,0.30624471193778585,239,10.000697350069736,0.07677355461012866
27,0,Travel_Rarely,Sales,10,4,Life Sciences,912,Male,3,Sales Executive,Married,194190,7.0,14,1,5.0,2,3,0,2,1,3,2.0,3.0,3.0,7.170411835748793,0.296333737252748,230,9.99695652173913,0.06958070164335596
27,0,Travel_Frequently,Research & Development,7,3,Life Sciences,913,Male,1,Research Scientist,Single,28110,2.0,20,0,6.0,3,4,1,2,3,4,4.0,4.0,2.0,6.4101211705532695,0.31200127419268486,243,9.981687242798355,0.08775898717817913
40,1,Travel_Rarely,Sales,16,4,Marketing,914,Male,1,Research Director,Single,36330,3.0,16,2,10.0,0,4,0,3,3,3,1.0,1.0,1.0,10.486748633879783,0.32116092424666765,244,10.018852459016394,0.07839483685263887
29,0,Travel_Rarely,Research & Development,20,1,Medical,915,Female,2,Manager,Single,41630,9.0,15,1,8.0,4,5,1,4,2,3,3.0,3.0,3.0,7.294751773049646,0.2988073905707228,235,9.986170212765957,0.06796912569962214
36,0,Travel_Rarely,Research & Development,23,3,Life Sciences,916,Female,3,Sales Executive,Married,21320,4.0,20,0,9.0,1,3,0,2,2,4,2.0,1.0,3.0,7.88170243204578,0.3214791584069434,233,9.99527896995708,0.07078221350698047
25,0,Travel_Frequently,Sales,5,1,Marketing,917,Male,4,Manufacturing Director,Divorced,139730,1.0,14,0,7.0,3,7,0,7,2,3,4.0,3.0,3.0,6.098032904148784,0.3160738213202325,233,9.962374821173105,0.06726119415256604
39,0,Travel_Rarely,Sales,10,3,Marketing,918,Female,2,Research Director,Married,26840,4.0,12,0,7.0,2,5,1,0,3,3,4.0,2.0,3.0,6.773751788268957,0.3124325322233141,233,10.000214592274677,0.08179712808116682
49,0,Travel_Rarely,Sales,4,2,Life Sciences,919,Male,2,Research Director,Married,108450,3.0,24,0,27.0,4,4,1,2,2,4,1.0,2.0,3.0,7.800969316596932,0.2878773846932158,239,10.013807531380754,0.08134916728197544
50,0,Travel_Rarely,Research & Development,2,2,Medical,920,Male,3,Sales Executive,Divorced,43770,5.0,12,1,19.0,2,14,1,11,2,3,4.0,1.0,3.0,7.78853125,0.32795885614858583,240,10.004513888888887,0.08789562509685414
20,0,Travel_Rarely,Research & Development,18,4,Medical,921,Female,2,Sales Executive,Single,37430,1.0,13,1,2.0,2,2,2,2,3,3,3.0,3.0,3.0,6.625714115402956,0.26727823831398423,233,9.994921316165952,0.07708975671320278
34,0,Travel_Rarely,Research & Development,10,3,Medical,922,Male,3,Laboratory Technician,Divorced,41480,1.0,11,0,11.0,3,11,7,9,3,3,4.0,2.0,3.0,7.7068788745827375,0.3030814948817673,233,10.024606580829758,0.06370704043543321
36,0,Travel_Rarely,Research & Development,1,3,Life Sciences,923,Female,2,Healthcare Representative,Single,10510,2.0,14,0,15.0,2,4,1,3,3,3,1.0,2.0,3.0,5.986487573099415,0.30551224619850686,228,10.00263157894737,0.0821393976865807
49,0,Travel_Rarely,Human Resources,6,2,Life Sciences,924,Female,2,Research Scientist,Married,107390,2.0,11,3,30.0,3,15,2,12,3,3,3.0,3.0,3.0,8.499204545454544,0.2962144093624913,242,9.999655647382921,0.08160776474667458
36,0,Non-Travel,Research & Development,8,4,Life Sciences,925,Male,4,Laboratory Technician,Married,103880,0.0,14,0,4.0,2,3,1,2,3,3,4.0,3.0,3.0,7.954062932226832,0.2716005375128167,241,9.965283540802213,0.07139622714000303
36,0,Travel_Rarely,Research & Development,2,2,Medical,926,Female,2,Healthcare Representative,Divorced,114160,6.0,16,0,13.0,2,5,0,4,3,3,4.0,1.0,3.0,6.310086367880485,0.30162275499548485,238,10.020518207282914,0.07971435761365013
54,0,Travel_Rarely,Sales,24,3,Marketing,927,Male,1,Laboratory Technician,Married,26000,3.0,14,0,36.0,5,10,4,7,3,3,2.0,3.0,3.0,7.584176328502415,0.31364306697704525,230,9.988115942028985,0.0812822184249941
43,0,Travel_Rarely,Research & Development,2,4,Life Sciences,928,Female,1,Research Scientist,Married,24220,1.0,11,1,14.0,2,14,6,11,3,3,3.0,3.0,3.0,7.632412764003673,0.2981241245074983,242,10.007300275482093,0.09557119668964263
35,1,Travel_Frequently,Research & Development,17,4,Medical,929,Male,1,Research Director,Single,54720,3.0,11,1,13.0,3,11,6,7,2,3,4.0,4.0,4.0,8.41637077294686,0.2932410513130871,230,10.006594202898551,0.08389737463873596
38,0,Travel_Frequently,Research & Development,19,2,Life Sciences,930,Male,2,Research Scientist,Married,24510,7.0,12,1,19.0,3,13,2,9,3,3,4.0,4.0,4.0,7.198089990817263,0.31314762015611086,242,9.962603305785125,0.06991772210981945
29,0,Travel_Rarely,Research & Development,1,2,Medical,931,Male,2,Sales Representative,Divorced,42400,1.0,14,0,10.0,2,10,0,9,2,3,1.0,2.0,2.0,10.704748513946043,0.2961068442645077,243,10.006035665294924,0.09126736878700963
33,0,Travel_Rarely,Research & Development,7,3,Medical,932,Male,5,Sales Executive,Divorced,109990,1.0,18,3,6.0,3,6,0,4,2,3,4.0,4.0,3.0,6.412126774351445,0.2854054416340609,227,10.019309838472834,0.0707919011171321
31,0,Travel_Rarely,Research & Development,28,4,Technical Degree,934,Female,2,Sales Executive,Married,127420,1.0,11,0,10.0,4,10,0,2,2,3,1.0,4.0,3.0,7.390623278236915,0.2981979953083673,242,10.046143250688706,0.08235251420275932
49,0,Travel_Rarely,Research & Development,2,4,Medical,935,Male,1,Laboratory Technician,Divorced,42270,4.0,18,0,17.0,3,2,2,2,2,3,4.0,1.0,2.0,9.695243498817968,0.2807514392269306,235,9.968297872340427,0.08035701440665981
38,0,Travel_Frequently,Sales,29,2,Medical,936,Female,1,Sales Executive,Single,39170,1.0,15,3,4.0,2,4,3,3,3,3,4.0,2.0,3.0,7.8067266021207935,0.3072469907783672,241,10.01749654218534,0.0958326417704011
47,0,Travel_Rarely,Research & Development,1,4,Medical,937,Male,3,Laboratory Technician,Divorced,183030,6.0,22,1,29.0,2,3,1,2,2,4,2.0,2.0,3.0,6.711067188983855,0.2644922307065141,234,10.016381766381764,0.08940144447297535
49,0,Travel_Rarely,Research & Development,21,3,Medical,938,Male,2,Manufacturing Director,Single,23800,4.0,13,0,23.0,3,8,0,0,1,3,3.0,3.0,3.0,6.3870588235294115,0.30249736562754,238,9.968697478991597,0.08925628971701204
41,0,Travel_Rarely,Research & Development,24,4,Life Sciences,939,Female,4,Manager,Single,137260,3.0,12,0,21.0,6,2,0,2,4,3,4.0,3.0,3.0,10.959115952051638,0.3086255580337317,241,10.00096818810512,0.08091572537267556
20,0,Travel_Rarely,Research & Development,1,3,Life Sciences,940,Male,1,Sales Representative,Single,47770,1.0,18,1,2.0,3,2,0,2,3,3,4.0,1.0,3.0,7.703551175656985,0.3023585617098937,241,9.990041493775934,0.08089578530812976
33,0,Non-Travel,Research & Development,18,2,Medical,941,Female,2,Healthcare Representative,Divorced,63850,1.0,13,0,7.0,6,6,1,2,2,3,3.0,4.0,3.0,9.487822315986874,0.31508204261287137,237,9.95042194092827,0.07897110181410762
36,0,Travel_Rarely,Research & Development,2,2,Technical Degree,942,Male,3,Sales Executive,Married,199730,6.0,12,0,10.0,2,3,0,2,3,3,1.0,3.0,2.0,5.958735380116959,0.3056808660238366,228,10.001754385964913,0.07444380039673336
44,0,Travel_Rarely,Research & Development,9,3,Technical Degree,943,Female,3,Healthcare Representative,Divorced,68610,4.0,12,0,8.0,2,2,2,2,2,3,3.0,4.0,3.0,8.52645922746781,0.30267338444065767,233,9.993061516452073,0.07278091238715399
23,1,Travel_Rarely,Human Resources,6,3,Life Sciences,944,Female,3,Laboratory Technician,Single,49690,1.0,12,0,5.0,3,5,1,2,3,3,4.0,3.0,3.0,8.093856481481481,0.29011892631066627,240,9.979375000000001,0.060059812296606147
38,0,Travel_Rarely,Research & Development,11,2,Life Sciences,945,Male,1,Sales Executive,Married,198450,7.0,11,1,7.0,3,0,0,0,3,3,4.0,3.0,2.0,7.388344955834496,0.3132737425938902,239,9.999790794979079,0.07162810730986957
53,0,Travel_Rarely,Research & Development,24,3,Life Sciences,946,Male,4,Research Director,Married,133200,3.0,11,0,11.0,2,4,1,2,3,3,2.0,4.0,3.0,8.024024216524216,0.27722855244378525,234,9.989102564102563,0.07711368805252931
48,1,Travel_Frequently,Sales,10,2,Marketing,947,Male,1,Healthcare Representative,Married,63470,2.0,12,1,19.0,3,9,7,7,1,3,4.0,3.0,3.0,9.882666432255041,0.3186727285517658,237,9.991209563994374,0.06786378499288816
32,1,Travel_Rarely,Sales,1,3,Life Sciences,948,Male,2,Research Scientist,Single,27430,1.0,19,1,1.0,2,1,0,0,3,3,4.0,2.0,3.0,7.527459658828954,0.3079121403283587,241,10.007883817427386,0.08116906792684803
26,0,Non-Travel,Research & Development,18,2,Medical,949,Male,1,Human Resources,Single,108800,1.0,23,1,7.0,5,7,5,7,3,4,4.0,4.0,3.0,7.190238095238095,0.2842663261118013,245,9.978843537414965,0.07175799226794531
55,0,Travel_Rarely,Research & Development,23,1,Life Sciences,950,Male,5,Laboratory Technician,Divorced,23420,5.0,11,2,8.0,2,4,1,2,3,3,1.0,2.0,3.0,7.700374887082203,0.3116416728062103,246,9.979945799457994,0.0710927861659569
34,0,Travel_Rarely,Sales,28,3,Life Sciences,951,Female,2,Research Scientist,Married,176500,1.0,19,1,15.0,6,15,4,13,1,3,2.0,4.0,4.0,7.968867337164751,0.3051613906790208,232,9.955100574712644,0.08029012933107764
60,0,Travel_Rarely,Sales,17,4,Medical,952,Male,1,Manager,Divorced,40250,3.0,13,1,19.0,5,1,0,0,2,3,3.0,4.0,4.0,6.2356461611826415,0.2997099065771574,233,10.014020028612302,0.08996782143620609
33,0,Travel_Rarely,Sales,3,3,Life Sciences,953,Male,3,Manager,Married,97250,1.0,11,0,14.0,0,14,2,13,3,3,2.0,2.0,3.0,7.787044252044252,0.30679230560649795,231,10.002308802308804,0.07362266557918741
37,0,Travel_Frequently,Research & Development,13,3,Life Sciences,954,Male,1,Laboratory Technician,Divorced,119040,1.0,12,1,6.0,4,6,1,3,3,3,3.0,4.0,2.0,6.513645404663922,0.3282650851344806,243,9.983058984910837,0.08074831744304245
34,0,Travel_Rarely,Research & Development,7,2,Life Sciences,955,Male,1,Healthcare Representative,Married,21770,1.0,13,0,10.0,5,10,8,7,3,3,2.0,4.0,3.0,7.057042624521072,0.3218527373031444,232,9.960129310344827,0.0743666498731154
23,1,Travel_Rarely,Research & Development,12,2,Medical,956,Male,2,Research Scientist,Divorced,75250,1.0,14,2,3.0,2,3,0,2,3,3,3.0,4.0,3.0,9.22052267573696,0.3094821246917825,245,9.996598639455783,0.07849931229322327
44,0,Travel_Rarely,Human Resources,1,3,Life Sciences,957,Male,1,Research Scientist,Married,48340,1.0,14,0,9.0,1,8,6,7,4,3,3.0,4.0,3.0,8.505449790794978,0.29084755615813357,239,10.002719665271966,0.07293958448093328
35,0,Travel_Frequently,Research & Development,13,3,Life Sciences,958,Male,3,Sales Executive,Single,20420,0.0,16,0,6.0,2,5,1,4,3,3,1.0,4.0,4.0,8.161027658559846,0.31507188207100656,233,9.969599427753936,0.07556487716442205
43,0,Travel_Rarely,Research & Development,25,4,Life Sciences,959,Male,2,Sales Executive,Married,22200,1.0,11,0,10.0,2,10,8,8,1,3,4.0,4.0,3.0,8.093515046296297,0.29144324881309436,240,10.011597222222223,0.06487772644506443
24,0,Travel_Rarely,Research & Development,6,3,Life Sciences,960,Male,3,Sales Executive,Married,10520,1.0,13,0,5.0,3,5,0,4,3,3,3.0,3.0,3.0,6.711200604370061,0.3055175376317145,239,10.018898186889817,0.0896752048099575
41,0,Travel_Rarely,Sales,6,4,Marketing,961,Male,1,Research Scientist,Single,28210,1.0,17,0,10.0,3,10,8,7,3,3,4.0,3.0,3.0,7.034598364598365,0.29597491286439503,231,10.003246753246753,0.08097371227806012
29,0,Travel_Rarely,Research & Development,2,2,Life Sciences,962,Male,2,Research Scientist,Married,192370,9.0,11,1,9.0,2,5,1,2,3,3,4.0,3.0,3.0,7.925632515632516,0.30677540663632213,231,9.970634920634922,0.07234529560616502
36,0,Travel_Rarely,Human Resources,1,4,Life Sciences,963,Female,3,Research Scientist,Single,41070,3.0,11,1,17.0,2,13,6,7,1,3,3.0,4.0,2.0,6.286331168831168,0.29625543474746496,231,10.015873015873016,0.05763100989187944
45,0,Non-Travel,Sales,2,3,Life Sciences,964,Female,2,Manufacturing Director,Married,83960,3.0,15,2,25.0,3,23,14,4,2,3,3.0,3.0,2.0,6.297184716361931,0.29481430511015255,237,9.995710267229256,0.07147281023782845
24,1,Travel_Rarely,Sales,6,2,Medical,965,Female,2,Manager,Married,20070,1.0,12,0,1.0,2,1,0,0,2,3,4.0,3.0,3.0,6.382531645569619,0.30298609879541016,237,9.972714486638537,0.08456072651712
47,1,Travel_Frequently,Research & Development,1,3,Medical,966,Female,2,Sales Executive,Married,196270,7.0,11,2,25.0,1,23,14,10,3,3,3.0,3.0,1.0,6.786419362400375,0.30654365420969193,237,10.001195499296763,0.07475962875555242
26,0,Travel_Rarely,Research & Development,9,1,Medical,967,Male,1,Sales Executive,Married,106860,1.0,14,1,3.0,2,3,0,2,3,3,4.0,3.0,4.0,7.71978231292517,0.28971193331548417,245,9.986462585034012,0.07458488532024823
45,0,Travel_Rarely,Research & Development,1,4,Life Sciences,968,Male,1,Research Director,Single,29420,1.0,22,1,21.0,4,21,8,6,3,4,4.0,2.0,3.0,6.5784557023984345,0.3059171610801366,227,9.97848751835536,0.07202901987793425
32,0,Travel_Frequently,Sales,1,1,Marketing,969,Male,2,Laboratory Technician,Married,88580,6.0,16,1,10.0,2,5,1,3,3,3,1.0,3.0,2.0,6.908069075712881,0.27459644068118266,226,9.987905604719764,0.06577406314869447
31,0,Travel_Rarely,Research & Development,14,2,Life Sciences,970,Male,1,Sales Executive,Married,167560,1.0,11,2,6.0,5,5,0,3,3,3,2.0,3.0,4.0,7.19040082846004,0.31162149822526786,228,9.98172514619883,0.08464742681471184
41,0,Non-Travel,Sales,2,2,Medical,971,Male,2,Research Scientist,Married,107980,6.0,14,2,10.0,5,3,1,2,1,3,3.0,2.0,3.0,7.7227308802308805,0.2974013819682754,231,10.007215007215008,0.08454916661438412
40,0,Travel_Rarely,Research & Development,22,2,Technical Degree,972,Male,1,Healthcare Representative,Married,23230,2.0,16,1,18.0,2,1,0,0,3,3,2.0,1.0,3.0,9.783942803563058,0.2747692652980935,237,10.018635724331928,0.05851305553569021
24,0,Travel_Rarely,Research & Development,3,3,Life Sciences,973,Female,1,Research Scientist,Divorced,14160,1.0,15,1,6.0,3,6,1,2,2,3,2.0,1.0,4.0,5.991006944444444,0.29694986486037295,232,9.969755747126438,0.07369772748005506
46,0,Travel_Rarely,Research & Development,6,3,Medical,974,Male,4,Sales Executive,Single,46150,6.0,12,0,19.0,3,10,0,9,2,3,3.0,2.0,3.0,7.575745673952642,0.3209774564603642,244,9.977937158469944,0.08660885017277947
35,0,Travel_Rarely,Sales,8,4,Life Sciences,975,Male,1,Laboratory Technician,Married,24610,2.0,20,1,17.0,4,7,0,7,3,4,4.0,3.0,3.0,7.379968043264504,0.28477773503323905,226,9.99343657817109,0.07246660657707839
30,0,Travel_Rarely,Sales,9,4,Marketing,976,Male,1,Laboratory Technician,Married,87220,1.0,17,1,10.0,3,10,0,8,3,3,2.0,4.0,2.0,7.276453178068898,0.3074606505464676,229,9.980058224163027,0.08298021102002943
47,0,Non-Travel,Research & Development,3,2,Life Sciences,977,Female,2,Sales Executive,Married,39550,7.0,12,1,4.0,5,1,0,0,3,3,3.0,2.0,1.0,7.68843853427896,0.2711919164725339,235,10.026808510638299,0.06455126184558799
46,0,Travel_Rarely,Research & Development,1,4,Technical Degree,978,Female,3,Sales Executive,Divorced,99570,4.0,20,0,13.0,1,10,0,3,3,4,3.0,4.0,2.0,9.799356661856665,0.31585604671637163,231,10.006854256854256,0.07611827383566513
36,1,Travel_Rarely,Research & Development,1,3,Medical,979,Male,2,Manufacturing Director,Divorced,33760,5.0,20,0,16.0,3,2,2,2,3,4,2.0,1.0,3.0,10.377021152952114,0.31210098801341096,239,10.025941422594144,0.08470470056920952
32,1,Travel_Rarely,Research & Development,26,3,Medical,980,Female,2,Research Director,Single,88230,6.0,13,2,10.0,3,0,0,0,3,3,1.0,2.0,3.0,7.014081726354454,0.28632512427816953,242,10.001928374655646,0.07860161402786822
23,0,Travel_Rarely,Sales,6,4,Life Sciences,981,Male,3,Manufacturing Director,Single,103220,1.0,14,2,3.0,2,3,1,2,3,3,3.0,2.0,1.0,6.026296690307328,0.30550075487960493,235,9.982056737588652,0.07533074700450594
31,0,Travel_Frequently,Sales,3,3,Marketing,982,Male,2,Sales Executive,Single,46210,2.0,18,1,9.0,3,5,1,4,3,3,4.0,4.0,2.0,6.461306022408964,0.2844101859030968,238,10.01281512605042,0.06673732995307824
39,0,Non-Travel,Research & Development,3,3,Life Sciences,983,Female,2,Manufacturing Director,Married,109760,1.0,11,0,9.0,3,9,5,8,2,3,4.0,4.0,3.0,10.198464912280702,0.2876915819847657,247,9.983400809716597,0.07718721313393961
32,0,Travel_Rarely,Research & Development,6,3,Technical Degree,984,Male,1,Research Scientist,Married,36600,3.0,11,2,10.0,0,4,0,2,2,3,4.0,3.0,1.0,7.598678004535147,0.30280673583959955,245,9.996054421768708,0.08276897698970298
40,0,Travel_Rarely,Sales,6,3,Life Sciences,985,Male,3,Manufacturing Director,Single,104820,1.0,11,1,21.0,6,21,12,8,2,3,2.0,2.0,2.0,7.906652949245542,0.298858292108789,243,9.978875171467765,0.06364051098338429
45,0,Travel_Rarely,Research & Development,19,4,Medical,986,Male,1,Sales Representative,Married,71190,4.0,15,0,9.0,2,5,0,3,3,3,3.0,3.0,4.0,7.786297453703704,0.3265738577908278,240,10.000208333333335,0.07368777603440264
30,0,Travel_Frequently,Sales,9,3,Life Sciences,987,Male,1,Research Director,Single,95820,0.0,12,1,10.0,2,9,0,7,3,3,4.0,1.0,3.0,6.2239474917955935,0.30764402973362814,237,9.994374120956401,0.08818149220879327
24,0,Travel_Frequently,Sales,3,4,Marketing,988,Male,1,Sales Executive,Married,45080,0.0,11,1,3.0,5,2,2,1,3,3,1.0,4.0,3.0,5.950861702127659,0.3191850569321664,235,10.006950354609929,0.06840827625224793
30,1,Travel_Frequently,Research & Development,10,3,Life Sciences,989,Female,1,Human Resources,Divorced,22070,6.0,14,0,6.0,4,4,1,2,3,3,3.0,4.0,2.0,6.71769806763285,0.2983705540993118,230,9.978913043478261,0.0785332626627007
31,0,Travel_Rarely,Research & Development,3,2,Life Sciences,990,Male,3,Laboratory Technician,Married,77560,1.0,15,2,6.0,3,5,0,2,4,3,1.0,3.0,3.0,7.609416666666667,0.28895149798126407,230,10.002753623188406,0.0689613315612935
27,0,Travel_Rarely,Sales,3,3,Life Sciences,991,Male,1,Manager,Single,66940,1.0,13,1,6.0,2,6,1,4,2,3,3.0,4.0,2.0,6.303799126637554,0.3063487854623,229,10.00305676855895,0.09337511810822538
29,1,Travel_Rarely,Sales,4,3,Marketing,992,Male,5,Research Scientist,Single,36910,1.0,13,0,2.0,3,2,2,2,3,3,2.0,2.0,3.0,6.80571931101407,0.3184969078140857,229,9.986826783114992,0.06960762532240357
29,0,Travel_Frequently,Research & Development,8,4,Life Sciences,993,Female,1,Sales Executive,Single,23770,8.0,21,1,10.0,2,3,0,2,3,4,4.0,3.0,4.0,8.804921296296296,0.29547713845633683,240,10.005694444444446,0.07155042228420884
30,0,Travel_Rarely,Sales,7,3,Life Sciences,994,Male,3,Sales Executive,Divorced,23130,2.0,11,0,12.0,5,7,1,7,3,3,3.0,1.0,3.0,8.030652958152958,0.3029442106709641,231,9.97200577200577,0.07433851977330237
34,0,Travel_Rarely,Research & Development,1,2,Medical,995,Female,2,Healthcare Representative,Married,176650,0.0,11,0,6.0,5,5,1,2,2,3,4.0,4.0,3.0,9.935644631973746,0.29268739069574073,237,9.991209563994376,0.0974494723751859
33,0,Non-Travel,Research & Development,2,4,Medical,996,Male,1,Sales Representative,Single,25960,8.0,14,1,13.0,4,11,1,7,3,3,4.0,2.0,2.0,7.386259746588694,0.3107068003395049,228,10.015497076023392,0.07849593391211758
49,0,Travel_Rarely,Sales,3,4,Marketing,997,Male,1,Sales Executive,Single,47280,3.0,11,1,8.0,4,5,0,4,3,3,4.0,4.0,4.0,7.697562104787714,0.30738529084314264,246,9.96781842818428,0.07989549342772334
33,1,Travel_Rarely,Research & Development,10,3,Life Sciences,998,Male,1,Sales Executive,Single,43020,2.0,13,0,11.0,3,0,0,0,1,3,1.0,1.0,2.0,8.278268762183236,0.3029104555340389,228,9.988815789473684,0.06961861104670634
38,0,Travel_Frequently,Research & Development,28,3,Medical,999,Male,1,Healthcare Representative,Married,29790,4.0,12,1,9.0,3,6,0,5,3,3,3.0,2.0,2.0,7.878654195011338,0.30413947202026287,245,9.997619047619049,0.08504326047358834
31,1,Travel_Rarely,Human Resources,9,4,Human Resources,1000,Male,2,Laboratory Technician,Married,168850,2.0,14,2,10.0,2,1,0,0,3,3,1.0,3.0,3.0,6.192529843893482,0.291060436741657,242,9.957713498622589,0.07434551093736304
29,0,Travel_Rarely,Research & Development,3,4,Other,1001,Female,2,Sales Representative,Divorced,55930,1.0,13,1,1.0,3,1,0,0,3,3,4.0,1.0,3.0,6.292075958702065,0.2774616907408571,226,9.96585545722714,0.08302032666885181
30,0,Travel_Rarely,Research & Development,2,1,Medical,1002,Male,1,Sales Representative,Married,104450,3.0,18,1,10.0,3,7,1,7,3,3,3.0,3.0,3.0,6.8261390051139,0.32400599026439986,239,9.991562064156208,0.08053891291523597
32,0,Non-Travel,Research & Development,10,4,Life Sciences,1003,Female,1,Laboratory Technician,Single,87400,2.0,11,1,12.0,2,7,0,7,3,3,2.0,2.0,3.0,6.0161683723196875,0.29336045218835544,228,9.99780701754386,0.07105243836463403
38,0,Travel_Rarely,Research & Development,8,2,Technical Degree,1004,Female,1,Manufacturing Director,Married,25140,3.0,11,0,15.0,2,1,1,0,2,3,2.0,4.0,3.0,9.019432624113477,0.2839637173736443,235,10.003758865248226,0.0685886120708814
43,1,Travel_Frequently,Research & Development,1,4,Other,1005,Male,3,Sales Executive,Married,76550,9.0,12,1,6.0,3,1,0,0,3,3,3.0,3.0,3.0,8.407244212962961,0.28097176705749505,240,9.983055555555556,0.05884929490159613
42,0,Travel_Rarely,Human Resources,1,3,Other,1006,Female,1,Healthcare Representative,Divorced,174650,8.0,13,1,7.0,3,5,0,4,3,3,2.0,2.0,2.0,6.683682336182335,0.2841728277168997,234,9.991666666666667,0.07245886981402007
55,0,Travel_Rarely,Research & Development,3,2,Life Sciences,1007,Female,1,Sales Executive,Married,73510,8.0,20,1,34.0,3,1,0,0,3,4,3.0,1.0,3.0,7.606161398467433,0.2871269124894287,232,9.973060344827585,0.07105923251397395
33,0,Non-Travel,Research & Development,14,3,Other,1008,Male,1,Research Scientist,Divorced,108200,5.0,12,0,11.0,2,9,1,7,3,3,4.0,2.0,2.0,6.713771551724137,0.30327105709141955,232,9.970043103448276,0.07606238389643565
41,0,Travel_Rarely,Research & Development,5,3,Medical,1009,Male,1,Sales Representative,Divorced,121690,1.0,19,0,5.0,2,5,0,4,3,3,3.0,1.0,3.0,6.261173872617388,0.2956592092205611,239,9.962552301255231,0.07731143224374823
34,0,Non-Travel,Research & Development,7,4,Medical,1010,Female,1,Research Scientist,Divorced,196260,1.0,21,0,15.0,5,15,0,7,2,4,4.0,3.0,3.0,8.174600185960019,0.2722332745559599,239,9.992538354253835,0.0712571151194089
53,0,Non-Travel,Research & Development,10,4,Medical,1011,Male,2,Healthcare Representative,Married,20700,4.0,13,2,27.0,2,3,0,2,4,3,1.0,3.0,2.0,8.107574233716475,0.2886884372220088,232,9.991666666666667,0.07311447811447803
43,0,Travel_Rarely,Sales,16,2,Marketing,1012,Female,1,Laboratory Technician,Single,67820,0.0,16,1,10.0,2,9,1,8,3,3,2.0,4.0,3.0,6.08843779677113,0.27623065512317346,234,10.013034188034188,0.06911526539745418
34,0,Travel_Rarely,Sales,10,2,Life Sciences,1013,Female,5,Sales Executive,Single,77790,5.0,12,1,6.0,2,2,2,2,3,3,4.0,4.0,3.0,7.70343010018215,0.2885766748911564,244,10.016325136612023,0.08102526010629127
21,1,Travel_Rarely,Sales,1,2,Marketing,1014,Male,5,Healthcare Representative,Single,27910,1.0,14,0,1.0,3,1,1,0,4,3,2.0,2.0,3.0,7.487674940898344,0.3101086208986483,235,9.980567375886524,0.07763120567375888
38,0,Travel_Rarely,Research & Development,8,2,Life Sciences,1015,Female,2,Sales Executive,Married,32010,1.0,11,1,5.0,3,5,0,4,2,3,4.0,3.0,3.0,6.379568032015065,0.3166739704499139,236,10.003389830508475,0.07494117882758347
22,1,Travel_Rarely,Research & Development,1,3,Other,1016,Male,4,Research Scientist,Married,49680,1.0,14,0,1.0,3,1,0,0,3,3,3.0,1.0,3.0,8.877802926383174,0.29369676325875727,243,9.991358024691356,0.08265916743189472
31,0,Travel_Rarely,Research & Development,8,5,Life Sciences,1017,Male,5,Sales Executive,Married,131200,1.0,12,2,13.0,6,12,5,7,2,3,1.0,4.0,3.0,7.294315134099617,0.30041788304956324,232,9.987787356321839,0.07155535237431782
51,0,Travel_Rarely,Research & Development,1,4,Life Sciences,1018,Female,1,Manager,Married,40330,2.0,14,0,15.0,2,2,2,2,3,3,1.0,3.0,3.0,6.720105485232067,0.2819514217492589,237,9.99971870604782,0.0850540636646086
37,0,Travel_Rarely,Research & Development,24,1,Life Sciences,1019,Male,2,Sales Executive,Married,32910,1.0,16,3,5.0,2,5,0,3,2,3,2.0,2.0,3.0,7.974443296602388,0.3026907864359878,242,9.97568870523416,0.08079309218171915
46,0,Travel_Rarely,Sales,3,4,Marketing,1020,Female,1,Sales Representative,Divorced,42720,7.0,13,0,24.0,3,2,2,2,4,3,3.0,4.0,3.0,10.019207482993197,0.2879753417515648,245,9.999319727891155,0.08290937139883271
36,0,Travel_Rarely,Research & Development,27,3,Technical Degree,1021,Female,4,Research Scientist,Married,50560,7.0,12,0,15.0,2,12,5,7,2,3,4.0,1.0,3.0,9.546405092592591,0.31124103142472764,240,9.990625,0.0703917509298001
44,1,Travel_Frequently,Sales,10,4,Life Sciences,1022,Male,1,Research Scientist,Divorced,28440,1.0,12,0,6.0,2,5,2,3,4,3,3.0,2.0,2.0,9.284885265700483,0.2948930545714008,230,9.987753623188405,0.08145417484125482
37,0,Travel_Rarely,Research & Development,19,2,Technical Degree,1023,Male,2,Sales Executive,Divorced,27030,2.0,14,0,19.0,2,10,4,7,3,3,3.0,2.0,2.0,6.111245126705653,0.3035501644884804,228,9.963961988304092,0.08246817867600957
35,1,Travel_Rarely,Research & Development,15,4,Life Sciences,1024,Male,2,Research Scientist,Single,19040,1.0,22,1,10.0,4,10,7,7,3,4,3.0,4.0,3.0,8.59096918971373,0.2982687706376291,229,9.981659388646289,0.08897501213003399
33,0,Travel_Rarely,Research & Development,8,5,Medical,1025,Male,2,Laboratory Technician,Married,82240,6.0,19,0,14.0,3,10,7,6,3,3,4.0,1.0,3.0,8.001345804988663,0.2992675390268082,245,9.996122448979591,0.06380434742202892
28,0,Travel_Rarely,Sales,9,3,Medical,1026,Female,2,Sales Executive,Married,47660,1.0,12,0,5.0,3,5,0,3,3,3,3.0,4.0,4.0,7.398159873847647,0.2921421827478183,229,9.990829694323143,0.08582684270112453
39,0,Travel_Rarely,Sales,3,4,Marketing,1027,Female,2,Laboratory Technician,Single,26100,7.0,12,0,9.0,2,4,2,2,2,3,3.0,3.0,3.0,6.896431892143189,0.3155974438644964,239,10.011366806136683,0.06747646199344455
46,0,Non-Travel,Research & Development,9,2,Life Sciences,1028,Male,2,Manufacturing Director,Single,57310,8.0,17,0,6.0,2,2,2,2,3,3,2.0,2.0,3.0,6.693008687700045,0.2871413679495879,243,9.996639231824417,0.08833232247654248
40,0,Travel_Rarely,Research & Development,2,2,Medical,1029,Male,1,Research Director,Married,25390,4.0,12,1,7.0,3,4,0,2,3,3,3.0,1.0,2.0,6.599432367149759,0.2985650396994879,230,10.031376811594203,0.07509440858173547
42,0,Travel_Rarely,Research & Development,7,4,Other,1030,Female,2,Laboratory Technician,Married,57140,5.0,11,0,10.0,2,0,0,0,3,3,2.0,1.0,2.0,6.597798220298221,0.30477917050996733,231,10.02229437229437,0.07565659702616212
35,0,Non-Travel,Sales,10,1,Life Sciences,1031,Female,2,Research Director,Divorced,43230,2.0,18,3,15.0,3,7,1,7,3,3,2.0,4.0,3.0,6.677146038443507,0.2951201966901187,237,9.991842475386779,0.07306405794337566
38,0,Non-Travel,Sales,6,4,Marketing,1032,Male,3,Sales Executive,Divorced,73360,5.0,11,0,13.0,3,11,3,8,3,3,1.0,2.0,3.0,7.802694672131148,0.29251547465669187,244,9.98155737704918,0.07313354996364507
34,1,Travel_Frequently,Research & Development,2,1,Life Sciences,1033,Male,1,Manufacturing Director,Married,134990,4.0,23,2,11.0,2,7,0,7,4,4,4.0,1.0,2.0,7.893937198067632,0.3048252205624303,230,9.97963768115942,0.06512577790435198
37,1,Travel_Rarely,Research & Development,24,3,Life Sciences,1034,Male,1,Laboratory Technician,Single,137580,1.0,11,1,10.0,5,10,0,8,3,3,4.0,1.0,1.0,6.208432784636488,0.3019084462313528,243,9.975994513031551,0.07780060235728023
39,0,Travel_Frequently,Research & Development,2,1,Medical,1035,Male,2,Healthcare Representative,Divorced,51550,2.0,18,1,7.0,3,2,2,2,2,3,3.0,4.0,3.0,6.198692468619248,0.3004437981920717,239,9.985216178521616,0.08260498341596051
43,0,Non-Travel,Human Resources,8,5,Medical,1036,Female,3,Sales Executive,Single,22580,4.0,18,0,7.0,2,3,1,2,3,3,1.0,3.0,2.0,7.418051868239922,0.3169587265693804,226,9.99188790560472,0.07791167923085325
41,0,Travel_Rarely,Research & Development,3,3,Life Sciences,1037,Male,3,Research Scientist,Single,35970,3.0,13,1,11.0,2,3,1,2,1,3,2.0,2.0,1.0,7.800170212765957,0.3008533343091584,235,9.990141843971632,0.06157025519791478
41,0,Travel_Rarely,Research & Development,1,1,Technical Degree,1038,Male,3,Laboratory Technician,Divorced,25150,0.0,18,0,23.0,2,22,13,5,2,3,3.0,3.0,4.0,10.323418715846996,0.2949925082526067,244,9.996789617486337,0.08380195098458101
30,0,Travel_Rarely,Sales,26,3,Marketing,1039,Female,2,Manager,Single,44200,9.0,11,0,9.0,3,7,0,2,3,3,1.0,3.0,3.0,7.069740663900414,0.3000557352085322,241,10.001037344398341,0.07710887313662201
26,1,Travel_Rarely,Human Resources,2,1,Technical Degree,1040,Female,3,Sales Executive,Married,65780,0.0,15,2,6.0,3,5,1,4,2,3,4.0,2.0,3.0,8.69433695652174,0.26606555663053,230,9.998405797101448,0.08440307575469921
46,1,Travel_Rarely,Research & Development,10,3,Medical,1041,Male,1,Sales Executive,Married,44220,4.0,11,1,13.0,2,9,3,7,3,3,4.0,2.0,4.0,7.9677913832199545,0.3000942682565658,245,9.973197278911565,0.07997766811642684
40,0,Travel_Rarely,Sales,27,2,Medical,1042,Female,3,Sales Executive,Divorced,102740,4.0,18,0,12.0,3,5,0,3,3,3,3.0,4.0,3.0,6.591388888888889,0.2944132210275831,233,9.985765379113019,0.07668946195714726
34,0,Travel_Rarely,Research & Development,2,3,Life Sciences,1043,Male,2,Laboratory Technician,Married,53430,1.0,14,0,10.0,5,10,4,8,2,3,2.0,3.0,3.0,7.373935584291187,0.3049701585735433,232,9.975287356321838,0.07907399114295657
58,0,Non-Travel,Research & Development,2,4,Medical,1044,Male,1,Laboratory Technician,Divorced,23760,4.0,12,1,37.0,3,16,14,14,3,3,2.0,2.0,2.0,6.604357567443987,0.28839828206327395,243,9.974622770919066,0.07046444618274024
35,0,Travel_Rarely,Research & Development,8,1,Technical Degree,1045,Female,3,Manufacturing Director,Married,53460,0.0,14,0,6.0,3,5,0,3,2,3,2.0,3.0,4.0,7.404206871345028,0.2809173264845881,228,9.995394736842105,0.07887615284540285
47,0,Travel_Rarely,Research & Development,19,5,Medical,1046,Female,2,Research Scientist,Divorced,28270,8.0,14,1,28.0,3,22,14,10,3,3,3.0,2.0,3.0,10.70971158392435,0.2901283442473065,235,10.001560283687944,0.07979100240447762
40,0,Travel_Rarely,Research & Development,1,4,Life Sciences,1047,Male,2,Manager,Divorced,199430,2.0,13,1,15.0,3,7,7,7,3,3,2.0,1.0,3.0,7.2272386310361,0.297360288772279,237,9.961744022503517,0.07305240689090718
54,0,Travel_Rarely,Sales,27,4,Medical,1048,Male,1,Research Scientist,Married,31310,4.0,14,0,14.0,3,7,1,7,2,3,4.0,4.0,2.0,7.084196991751576,0.3061980774823634,229,9.976783114992722,0.07368984992807102
31,0,Travel_Frequently,Sales,8,4,Other,1049,Female,3,Manufacturing Director,Married,25520,2.0,18,0,9.0,2,3,2,2,3,3,1.0,1.0,3.0,7.490906619385343,0.2958759647881245,235,9.96290780141844,0.07377142308702599
28,0,Travel_Rarely,Sales,1,2,Life Sciences,1050,Male,3,Manager,Married,44770,1.0,15,0,3.0,6,3,1,2,3,3,3.0,1.0,3.0,7.5524420289855065,0.29288611092227285,230,9.986449275362318,0.0681743824230534
38,0,Travel_Rarely,Research & Development,19,3,Medical,1051,Female,2,Manufacturing Director,Married,64740,2.0,13,2,20.0,3,4,0,3,1,3,2.0,4.0,2.0,9.511932773109244,0.28033776155733986,238,9.985854341736694,0.07162512262288885
26,0,Travel_Rarely,Sales,8,3,Marketing,1052,Female,1,Healthcare Representative,Single,30330,1.0,12,0,5.0,2,5,1,2,2,3,3.0,4.0,3.0,6.1218944676894465,0.3120326005920176,239,9.998186889818689,0.0885611245893058
58,0,Travel_Frequently,Research & Development,10,4,Technical Degree,1053,Female,1,Sales Representative,Married,29360,2.0,13,1,23.0,3,2,2,2,3,3,1.0,3.0,3.0,9.588722222222223,0.31077657970627465,240,9.992569444444447,0.08354869343716109
18,0,Non-Travel,Research & Development,2,3,Life Sciences,1054,Male,3,Sales Representative,Single,186060,1.0,24,2,0.0,4,0,0,0,3,4,2.0,3.0,1.0,7.6525319148936175,0.30898187202272476,235,9.97709219858156,0.07901596249823199
31,1,Travel_Rarely,Research & Development,2,3,Life Sciences,1055,Male,3,Laboratory Technician,Married,21680,0.0,14,1,2.0,2,1,0,0,3,3,4.0,1.0,3.0,6.110721040189125,0.3023116607142876,235,9.992553191489362,0.0659450203067224
29,1,Travel_Rarely,Research & Development,8,2,Medical,1056,Male,1,Manager,Divorced,28530,4.0,14,1,4.0,5,2,2,0,2,3,1.0,1.0,3.0,8.695968221307728,0.3049736971311863,243,9.97119341563786,0.07857446519062676
45,0,Non-Travel,Sales,1,4,Technical Degree,1057,Male,1,Research Scientist,Married,170480,4.0,15,0,10.0,3,8,5,7,2,3,3.0,3.0,4.0,7.203180076628352,0.2664410417274983,232,9.991954022988505,0.08421107628004182
36,0,Travel_Rarely,Sales,2,3,Technical Degree,1058,Female,5,Laboratory Technician,Married,22900,4.0,11,0,15.0,5,1,0,0,3,3,4.0,2.0,3.0,10.658820330969265,0.31556888891081686,235,9.976453900709219,0.07691472186862255
43,0,Travel_Frequently,Sales,8,3,Medical,1059,Male,1,Research Director,Married,36000,1.0,23,0,7.0,2,7,7,7,3,4,1.0,4.0,3.0,6.996897342995168,0.2972595511272024,230,9.97355072463768,0.09229956437356276
27,0,Travel_Frequently,Sales,8,4,Life Sciences,1060,Male,5,Research Scientist,Single,21070,0.0,13,0,6.0,2,5,0,2,3,3,4.0,4.0,2.0,10.206041092745638,0.2938227785954413,242,9.969628099173553,0.07563088923943319
29,0,Travel_Frequently,Research & Development,6,2,Medical,1061,Male,1,Human Resources,Married,41150,1.0,11,0,11.0,1,11,3,10,3,3,4.0,4.0,4.0,7.69339545241444,0.29384934529683165,237,9.95464135021097,0.07729710481775491
32,0,Travel_Frequently,Sales,9,4,Life Sciences,1062,Male,4,Sales Executive,Single,43270,8.0,13,0,4.0,4,0,0,0,3,3,4.0,4.0,4.0,7.601602657004831,0.3089690451342606,230,10.001449275362317,0.07581545471805586
42,0,Non-Travel,Research & Development,11,3,Medical,1063,Male,1,Manager,Married,178560,3.0,18,0,10.0,2,6,3,3,3,3,3.0,3.0,2.0,6.490872011251758,0.31234433055401284,237,9.968495077355838,0.09279089886926183
47,0,Travel_Rarely,Sales,2,2,Life Sciences,1064,Female,5,Manager,Single,31960,4.0,14,1,7.0,3,2,2,0,2,3,2.0,3.0,3.0,6.100282694198623,0.3129341209201675,226,9.998893805309734,0.07670864743799849
46,0,Travel_Rarely,Human Resources,1,3,Life Sciences,1065,Female,1,Laboratory Technician,Divorced,190810,3.0,21,0,12.0,2,9,4,7,3,4,4.0,4.0,2.0,7.237116013071895,0.28505359331988994,238,9.984453781512606,0.0884633431431644
28,0,Non-Travel,Research & Development,7,3,Life Sciences,1066,Male,1,Sales Executive,Divorced,89660,1.0,16,1,3.0,3,3,2,2,2,3,3.0,4.0,3.0,7.694691225560324,0.30280286280202534,233,10.004077253218883,0.06568852465755677
29,0,Travel_Rarely,Research & Development,16,3,Medical,1067,Female,1,Manufacturing Director,Divorced,22100,8.0,11,1,11.0,4,7,1,6,3,3,4.0,3.0,3.0,7.99858706108706,0.2762447699587244,231,10.02186147186147,0.08063714787627818
42,0,Travel_Rarely,Sales,2,4,Medical,1068,Female,2,Research Director,Single,45390,4.0,17,1,8.0,5,0,0,0,3,3,4.0,3.0,3.0,6.593369064084832,0.2967363028904219,241,10.002489626556018,0.07081785000768398
32,1,Travel_Rarely,Research & Development,1,1,Medical,1069,Male,2,Laboratory Technician,Single,27410,7.0,11,0,7.0,3,2,2,2,3,3,3.0,2.0,2.0,10.411639709329584,0.325146343007553,237,9.986779184247538,0.07146288747447295
46,0,Travel_Rarely,Research & Development,23,1,Life Sciences,1070,Male,2,Laboratory Technician,Divorced,34910,2.0,14,0,25.0,0,19,2,8,3,3,1.0,1.0,3.0,7.870749299719887,0.3057655461666065,238,9.985224089635853,0.08367784455554372
27,0,Travel_Rarely,Sales,2,3,Life Sciences,1071,Female,5,Research Scientist,Married,45410,1.0,14,2,9.0,4,9,5,8,4,3,2.0,3.0,3.0,7.0824721009218825,0.293214682397707,229,9.992430858806404,0.07149460107084796
29,0,Travel_Rarely,Research & Development,1,2,Medical,1072,Male,3,Sales Executive,Married,26780,1.0,25,1,1.0,3,1,0,0,3,4,4.0,2.0,3.0,7.980670212765958,0.3054763359717012,235,9.965744680851063,0.07805826311854673
43,0,Travel_Rarely,Research & Development,1,3,Life Sciences,1073,Male,1,Manufacturing Director,Married,73790,7.0,13,2,21.0,3,16,6,14,2,3,1.0,3.0,3.0,6.3018537649219475,0.2837037707193372,242,9.98904958677686,0.0754570459403541
48,0,Travel_Rarely,Research & Development,2,3,Life Sciences,1074,Female,2,Manager,Married,62720,4.0,14,0,29.0,3,22,12,9,2,3,4.0,2.0,3.0,6.104008438818566,0.29150431658882864,237,9.993811533052037,0.08255570255945717
29,1,Travel_Frequently,Research & Development,13,2,Life Sciences,1075,Female,1,Laboratory Technician,Single,52200,1.0,17,0,1.0,3,1,1,0,2,3,4.0,4.0,2.0,8.589410018993352,0.3176880751994029,234,10.012962962962963,0.07357229905155506
46,1,Travel_Rarely,Research & Development,4,4,Medical,1076,Female,2,Sales Representative,Married,27430,5.0,25,1,14.0,1,8,0,7,4,4,3.0,2.0,3.0,7.8843514492753615,0.2911015152753126,230,10.023188405797102,0.08140560724004806
27,0,Travel_Frequently,Research & Development,16,4,Medical,1077,Male,3,Healthcare Representative,Married,49980,0.0,20,2,8.0,3,7,7,3,3,4,4.0,1.0,2.0,7.683338001867414,0.298184250412096,238,9.955112044817927,0.09099696348300215
39,0,Travel_Rarely,Research & Development,2,3,Technical Degree,1078,Male,3,Healthcare Representative,Divorced,102520,8.0,13,1,7.0,3,2,2,2,3,3,3.0,4.0,3.0,6.520391203703704,0.27959787593927693,240,9.990069444444442,0.07566921877421354
55,0,Travel_Rarely,Research & Development,2,3,Life Sciences,1079,Female,1,Human Resources,Married,27810,8.0,13,1,19.0,2,5,0,4,3,3,2.0,4.0,4.0,6.234294962335217,0.301502939308398,236,10.00720338983051,0.0867847698040629
28,0,Travel_Rarely,Research & Development,29,2,Life Sciences,1080,Male,2,Laboratory Technician,Married,68520,1.0,18,1,1.0,2,1,0,0,4,3,2.0,2.0,3.0,7.032183064121391,0.30267485908403924,227,9.990381791483113,0.07724606794623558
30,1,Travel_Rarely,Sales,12,4,Life Sciences,1081,Female,2,Sales Executive,Single,49500,1.0,12,2,1.0,3,1,0,0,3,3,2.0,4.0,2.0,7.692906920077973,0.29662797164013655,228,9.976242690058479,0.08722434221260435
22,1,Travel_Rarely,Research & Development,16,2,Life Sciences,1082,Female,2,Laboratory Technician,Single,35790,1.0,19,3,1.0,3,1,0,0,3,3,4.0,2.0,3.0,10.503807727480567,0.282421030665421,243,9.986694101508915,0.08666565580987567
36,0,Travel_Rarely,Research & Development,11,3,Life Sciences,1083,Male,1,Sales Executive,Married,131910,1.0,14,1,10.0,2,10,1,7,2,3,2.0,3.0,3.0,9.495159243295019,0.2983875208835276,232,9.985704022988505,0.08019757820404368
31,0,Travel_Rarely,Research & Development,2,4,Life Sciences,1084,Female,5,Manager,Divorced,103770,1.0,14,0,10.0,2,10,0,2,3,3,2.0,3.0,3.0,7.479487994350283,0.2848274637990706,236,9.978319209039547,0.08416505890131032
34,0,Travel_Rarely,Sales,14,2,Technical Degree,1085,Female,1,Sales Executive,Married,22350,2.0,14,1,9.0,2,5,1,0,3,3,3.0,4.0,3.0,8.122622655122655,0.3068723618341598,231,10.007215007215008,0.07355882845013274
29,0,Travel_Rarely,Research & Development,5,5,Life Sciences,1086,Female,1,Sales Executive,Single,105020,3.0,12,0,11.0,4,3,1,2,2,3,4.0,1.0,3.0,7.120189933523267,0.31331693547050987,234,10.034472934472934,0.07334395086183353
37,0,Travel_Rarely,Research & Development,7,2,Medical,1087,Male,1,Manufacturing Director,Married,20110,5.0,13,0,16.0,4,5,0,4,4,3,4.0,1.0,3.0,8.666963519313306,0.2955924590607995,233,9.974320457796853,0.07358700031243318
35,0,Travel_Rarely,Sales,2,1,Technical Degree,1088,Male,2,Laboratory Technician,Married,18590,0.0,25,1,4.0,2,3,0,2,2,4,4.0,2.0,3.0,10.470496113397347,0.2954125028753002,243,9.979698216735253,0.08574086355511722
45,0,Travel_Rarely,Research & Development,3,3,Medical,1089,Female,2,Sales Executive,Married,37600,0.0,14,1,10.0,2,9,3,8,2,3,2.0,4.0,2.0,7.106643709825528,0.3130026383100122,242,9.960950413223141,0.07726433040324021
36,0,Travel_Frequently,Research & Development,5,3,Medical,1090,Female,4,Manufacturing Director,Single,177790,1.0,17,1,10.0,5,10,0,8,1,3,2.0,4.0,2.0,6.49684043073911,0.26889816109099385,227,10.014757709251102,0.07315022372963584
40,0,Travel_Rarely,Research & Development,3,3,Other,1091,Male,1,Sales Executive,Divorced,68330,2.0,13,0,22.0,3,19,11,16,3,3,1.0,1.0,3.0,6.775284608378871,0.29582564420694696,244,9.997609289617488,0.08066527149999633
26,0,Travel_Rarely,Research & Development,26,2,Life Sciences,1092,Male,2,Human Resources,Married,68120,1.0,13,0,1.0,2,1,1,0,2,3,2.0,3.0,2.0,9.301751867413634,0.30019585351337474,238,9.977521008403361,0.08169017184933046
27,0,Travel_Rarely,Research & Development,4,3,Technical Degree,1093,Male,2,Manufacturing Director,Single,51710,0.0,20,1,9.0,1,8,0,7,2,4,1.0,3.0,3.0,7.590319865319866,0.2993416486285416,231,10.008658008658008,0.06551408494886755
48,0,Travel_Frequently,Research & Development,2,3,Life Sciences,1094,Male,2,Research Director,Divorced,197400,3.0,14,0,24.0,2,22,4,7,4,3,4.0,4.0,3.0,7.232274805669867,0.30345661368631743,243,9.971399176954733,0.08186800666598658
44,0,Travel_Rarely,Sales,1,2,Medical,1095,Male,4,Manager,Married,187110,2.0,12,1,10.0,0,2,2,2,3,3,2.0,1.0,3.0,7.077287920700783,0.2989106698995872,241,10.009405255878283,0.08168432073151992
34,1,Non-Travel,Research & Development,27,2,Life Sciences,1096,Female,1,Sales Representative,Married,36920,1.0,12,1,5.0,5,5,3,0,3,3,4.0,1.0,3.0,10.18785106382979,0.30728723861771867,235,9.976524822695037,0.07666284779050739
56,1,Travel_Rarely,Human Resources,1,2,Medical,1097,Female,5,Sales Executive,Single,25590,1.0,21,0,5.0,3,4,1,0,3,4,1.0,4.0,3.0,6.864824434824436,0.31233680533375763,231,10.001298701298703,0.07684613212874088
36,0,Travel_Rarely,Research & Development,13,3,Technical Degree,1098,Female,3,Healthcare Representative,Married,25170,2.0,14,0,12.0,3,4,1,3,3,3,3.0,2.0,1.0,7.289100877192983,0.3020067484178845,228,9.987061403508772,0.0635335194631218
41,0,Travel_Rarely,Research & Development,5,3,Life Sciences,1099,Female,1,Sales Executive,Married,66230,5.0,18,0,14.0,3,5,1,4,3,3,3.0,2.0,3.0,6.413640223192624,0.32448373064666786,229,10.010043668122272,0.06869254194438063
42,0,Travel_Rarely,Research & Development,7,3,Technical Degree,1100,Female,2,Sales Executive,Married,182650,9.0,12,1,18.0,4,13,5,7,3,3,3.0,1.0,4.0,7.383247126436782,0.31500534210084835,232,9.994755747126437,0.08395386023618787
31,0,Travel_Rarely,Sales,9,4,Life Sciences,1101,Female,1,Sales Executive,Divorced,161240,2.0,23,1,8.0,2,5,1,4,2,4,3.0,4.0,3.0,8.327236652236651,0.29914275523368,231,10.006565656565655,0.08366805738544861
34,0,Travel_Rarely,Research & Development,8,1,Life Sciences,1102,Female,3,Laboratory Technician,Married,25850,3.0,12,0,9.0,5,4,0,1,3,3,4.0,4.0,2.0,9.212509298000928,0.29194133377396303,239,9.991771269177127,0.07726860479198655
31,0,Travel_Rarely,Sales,25,2,Life Sciences,1103,Female,3,Manufacturing Director,Divorced,182130,8.0,21,2,4.0,3,2,2,2,4,4,1.0,3.0,2.0,6.801304143126177,0.3073954000608316,236,10.003319209039548,0.08171825039067193
45,0,Travel_Frequently,Research & Development,8,4,Life Sciences,1105,Female,2,Manager,Single,29940,4.0,18,1,12.0,2,4,0,3,3,3,2.0,3.0,3.0,7.784967320261439,0.29130752267524934,238,9.979341736694678,0.07380373738806345
33,0,Travel_Rarely,Sales,1,3,Life Sciences,1106,Female,5,Sales Executive,Single,12230,1.0,13,1,10.0,3,10,0,9,3,3,2.0,3.0,2.0,6.450172246482291,0.2990099312931577,229,10.016448326055311,0.08549337317091875
28,0,Travel_Frequently,Sales,8,3,Life Sciences,1107,Male,4,Research Scientist,Married,11180,1.0,11,0,7.0,3,7,0,7,3,3,3.0,4.0,3.0,10.603598218471637,0.3048578698470023,237,9.980098452883265,0.08107706182904649
29,1,Travel_Frequently,Human Resources,2,4,Human Resources,1108,Male,2,Sales Executive,Single,28750,1.0,11,0,1.0,3,1,0,0,3,3,3.0,1.0,3.0,6.806472222222223,0.28885236602210673,230,9.985507246376812,0.07614518068476674
39,0,Non-Travel,Research & Development,8,5,Medical,1109,Female,2,Sales Representative,Married,188240,6.0,19,1,10.0,4,3,1,2,3,3,1.0,3.0,3.0,6.294956521739131,0.3190949717842405,230,9.983768115942027,0.07544862139527032
27,0,Travel_Rarely,Sales,3,2,Technical Degree,1110,Male,2,Healthcare Representative,Married,135770,1.0,12,1,6.0,2,5,1,2,3,3,2.0,2.0,2.0,7.285151072124757,0.299096634028411,228,9.995321637426901,0.07591291616216266
34,0,Travel_Frequently,Research & Development,9,4,Life Sciences,1111,Female,2,Manufacturing Director,Married,26250,1.0,12,3,16.0,4,15,6,11,3,3,3.0,4.0,3.0,8.92771402550091,0.32946826552911,244,9.97172131147541,0.08096657221884918
28,1,Travel_Rarely,Research & Development,25,3,Technical Degree,1112,Male,1,Research Director,Single,187890,3.0,16,1,6.0,4,2,2,2,3,3,4.0,3.0,3.0,9.425028344671203,0.2962163133949537,245,9.979931972789114,0.07882262741162041
47,0,Non-Travel,Research & Development,1,4,Medical,1113,Male,1,Research Scientist,Married,45380,8.0,11,0,16.0,3,8,1,7,3,3,3.0,2.0,4.0,6.003419540229885,0.27876502630955885,232,10.018821839080461,0.08014685027616056
56,0,Travel_Rarely,Research & Development,4,3,Technical Degree,1114,Female,2,Sales Executive,Married,198470,4.0,14,0,6.0,6,0,0,0,3,3,4.0,1.0,3.0,7.890800865800866,0.310487553289182,231,9.980303030303029,0.06827097057531846
39,0,Travel_Rarely,Research & Development,1,3,Other,1115,Female,1,Laboratory Technician,Married,105120,1.0,12,1,10.0,2,10,7,9,3,3,1.0,1.0,3.0,6.986115942028985,0.32568630903706075,230,10.016304347826088,0.08677206611395916
38,0,Travel_Frequently,Research & Development,4,2,Medical,1116,Female,1,Manager,Divorced,44440,1.0,13,0,20.0,2,20,0,7,3,3,4.0,2.0,3.0,10.808027326106595,0.3194205987646055,246,9.955623306233065,0.07719614051582697
58,0,Travel_Rarely,Sales,5,3,Marketing,1117,Male,5,Sales Representative,Married,21540,4.0,21,1,29.0,3,1,0,0,3,4,4.0,4.0,2.0,9.888919376693766,0.29344038474067907,246,10.000813008130082,0.07333493722692332
32,1,Travel_Frequently,Research & Development,9,3,Life Sciences,1118,Male,2,Laboratory Technician,Single,191900,3.0,17,1,8.0,2,4,0,3,3,3,1.0,3.0,3.0,10.220872340425531,0.2866243589155201,235,9.968014184397164,0.07671826190620515
38,0,Travel_Rarely,Research & Development,3,4,Life Sciences,1119,Female,1,Sales Representative,Divorced,44900,2.0,21,1,10.0,1,5,0,3,3,4,2.0,4.0,4.0,7.62043853427896,0.3124422376148751,235,9.981631205673759,0.061177052393364476
49,0,Travel_Frequently,Sales,11,4,Life Sciences,1120,Male,2,Research Scientist,Married,35060,3.0,11,1,28.0,4,5,4,3,2,3,2.0,4.0,3.0,6.284957446808511,0.32734843922214624,235,10.006808510638297,0.07881147077246366
42,0,Travel_Rarely,Sales,1,3,Life Sciences,1121,Female,1,Sales Executive,Divorced,23720,3.0,12,1,14.0,3,0,0,0,3,3,2.0,4.0,3.0,8.701982167352536,0.2999388565757155,243,10.010493827160495,0.07982629323538422
27,1,Travel_Frequently,Sales,8,1,Life Sciences,1122,Male,4,Laboratory Technician,Married,102310,1.0,13,1,1.0,2,1,0,0,3,3,1.0,2.0,3.0,6.502103503918857,0.320276863785623,241,10.013692946058091,0.08009644421392345
35,0,Travel_Rarely,Research & Development,25,1,Medical,1123,Male,1,Sales Executive,Married,54100,0.0,18,0,6.0,4,5,0,4,3,3,2.0,1.0,1.0,6.612638888888889,0.27319405902177074,242,10.020385674931129,0.07538260766853758
28,0,Non-Travel,Research & Development,21,1,Medical,1124,Male,3,Research Scientist,Single,79780,1.0,16,2,5.0,2,5,1,4,3,3,3.0,3.0,2.0,6.665572318007662,0.30859681181486043,232,9.981681034482758,0.06977960537227779
31,0,Non-Travel,Sales,23,1,Medical,1125,Male,1,Sales Executive,Divorced,38670,1.0,11,1,4.0,4,4,2,3,4,3,3.0,1.0,4.0,9.812982456140352,0.28694037581947984,247,10.006815114709852,0.08071781888534141
36,0,Non-Travel,Research & Development,1,3,Life Sciences,1126,Male,2,Research Scientist,Married,28380,1.0,19,2,5.0,5,5,0,2,1,3,1.0,2.0,3.0,7.101659779614326,0.2813939241520277,242,9.986294765840219,0.0802781921439975
34,0,Travel_Rarely,Sales,2,3,Marketing,1127,Male,4,Healthcare Representative,Single,46950,1.0,16,1,14.0,2,14,2,1,3,3,1.0,4.0,2.0,6.0247934472934475,0.29317724649403026,234,9.979843304843303,0.07373001825970359
34,0,Travel_Rarely,Research & Development,19,3,Technical Degree,1128,Female,1,Research Director,Divorced,33390,1.0,16,0,9.0,2,8,1,1,2,3,4.0,3.0,2.0,6.802054617909048,0.31069971955152365,237,9.99971870604782,0.06821084332562559
26,0,Travel_Rarely,Research & Development,2,2,Life Sciences,1129,Male,2,Research Scientist,Single,20800,0.0,13,0,8.0,6,7,7,6,4,3,3.0,1.0,2.0,6.771128328741965,0.28721191217052877,242,9.993663911845728,0.08386932318278982
29,0,Travel_Rarely,Research & Development,2,4,Other,1130,Male,2,Laboratory Technician,Married,20960,0.0,22,0,6.0,2,5,0,2,4,4,1.0,1.0,2.0,7.720940972222222,0.29374424156436674,240,10.002013888888888,0.07854195238648691
32,0,Non-Travel,Research & Development,3,1,Life Sciences,1131,Male,3,Manager,Divorced,62090,5.0,17,1,9.0,5,5,1,2,4,3,3.0,4.0,3.0,6.592589936247723,0.3059272002142608,244,9.995013661202186,0.07466067653871244
31,0,Travel_Frequently,Research & Development,25,5,Technical Degree,1132,Female,2,Human Resources,Married,180610,1.0,14,1,10.0,2,10,8,7,3,3,4.0,1.0,3.0,6.921297468354431,0.2918174573939868,237,10.001898734177216,0.06804369591647
28,1,Travel_Rarely,Sales,7,5,Life Sciences,1133,Female,2,Sales Representative,Divorced,171230,5.0,15,1,6.0,2,4,0,3,2,3,3.0,4.0,2.0,6.3198641703377385,0.31698134708088904,227,9.94640234948605,0.08312244703477004
38,0,Travel_Rarely,Research & Development,9,2,Technical Degree,1134,Male,3,Sales Representative,Single,23720,4.0,12,0,20.0,3,1,0,0,2,3,1.0,1.0,2.0,7.179834247828075,0.29408735649784323,243,9.994924554183815,0.08043327022563833
35,0,Travel_Rarely,Research & Development,5,3,Life Sciences,1135,Male,2,Sales Representative,Married,48830,1.0,18,1,10.0,1,10,0,9,1,3,3.0,4.0,3.0,8.815632850241546,0.2719645005062051,230,9.96963768115942,0.08161777208193581
27,0,Travel_Rarely,Sales,2,3,Life Sciences,1136,Female,1,Manager,Single,39040,1.0,15,0,7.0,2,7,0,7,3,3,4.0,4.0,3.0,7.891162551440329,0.2902695937499183,243,9.997050754458161,0.07979957638487375
32,0,Travel_Rarely,Research & Development,8,1,Medical,1137,Female,2,Research Scientist,Single,46270,8.0,17,1,8.0,2,1,0,0,2,3,4.0,4.0,3.0,7.298776400367309,0.2899774627808057,242,9.983471074380166,0.06455507546228026
31,1,Travel_Frequently,Research & Development,2,1,Other,1138,Male,3,Sales Executive,Married,70940,1.0,14,1,10.0,2,10,0,8,3,3,1.0,4.0,3.0,10.31769995210728,0.2974148930640824,232,9.994612068965518,0.07895232601051565
53,1,Travel_Rarely,Research & Development,18,3,Medical,1139,Male,1,Research Scientist,Single,34230,6.0,15,1,15.0,4,2,2,2,3,3,1.0,1.0,2.0,10.80799433106576,0.29740957598076073,245,9.996598639455783,0.08207171666480809
54,0,Travel_Rarely,Research & Development,14,3,Other,1140,Male,3,Research Scientist,Married,66740,3.0,17,1,9.0,2,4,2,3,3,3,1.0,3.0,2.0,7.896520531400966,0.3338001337555214,230,9.979347826086956,0.07613761259835881
33,0,Travel_Frequently,Research & Development,2,4,Medical,1141,Female,4,Sales Executive,Divorced,168800,1.0,14,3,9.0,2,9,2,8,3,3,4.0,3.0,3.0,7.898865836791148,0.3141555807084366,241,9.960511756569849,0.07731265368065157
43,0,Travel_Rarely,Research & Development,3,3,Medical,1142,Male,1,Research Scientist,Married,90940,1.0,12,1,10.0,0,10,0,9,3,3,1.0,3.0,3.0,7.480150273224044,0.27858249497692994,244,9.987021857923496,0.07981029856004548
38,0,Travel_Frequently,Research & Development,2,5,Medical,1143,Female,4,Sales Executive,Married,84460,0.0,14,0,7.0,3,6,1,2,2,3,4.0,2.0,3.0,7.958165458937198,0.3014475377636472,230,10.020144927536231,0.08703539860346388
55,0,Travel_Rarely,Sales,9,3,Marketing,1144,Male,2,Laboratory Technician,Married,119160,4.0,15,1,35.0,3,10,1,4,2,3,3.0,2.0,3.0,8.186591016548462,0.29216176073754097,235,10.006950354609929,0.07800229334626489
31,0,Travel_Rarely,Sales,6,3,Other,1145,Male,1,Manufacturing Director,Divorced,45340,1.0,13,0,1.0,2,1,0,0,3,3,4.0,4.0,3.0,10.80473025711662,0.2937686375733896,242,9.9732782369146,0.07642682959355918
39,0,Travel_Rarely,Research & Development,4,3,Life Sciences,1146,Male,2,Sales Executive,Single,98520,0.0,12,1,21.0,5,20,11,10,2,3,2.0,1.0,3.0,6.089092673459485,0.29947651738444064,229,9.969286754002912,0.07556815376626912
42,0,Non-Travel,Research & Development,10,4,Life Sciences,1147,Female,2,Research Scientist,Single,61510,1.0,13,1,20.0,3,20,3,7,3,3,4.0,3.0,3.0,6.591018922852983,0.2938467885197195,229,9.995342066957788,0.0834163176621807
31,0,Non-Travel,Research & Development,14,2,Life Sciences,1148,Male,2,Healthcare Representative,Married,23020,4.0,14,0,13.0,3,11,4,8,3,3,3.0,3.0,4.0,6.1036706349206336,0.30346989355715237,238,9.994327731092437,0.08691682228446934
54,0,Travel_Rarely,Research & Development,1,3,Medical,1149,Female,2,Human Resources,Single,23620,6.0,13,1,9.0,2,5,1,4,4,3,3.0,1.0,3.0,10.512341915085818,0.2983489970874968,246,9.985840108401083,0.07324652489722183
24,0,Travel_Rarely,Research & Development,5,4,Other,1150,Male,1,Manufacturing Director,Single,178610,1.0,11,2,4.0,5,4,1,2,1,3,2.0,3.0,2.0,6.875998155832181,0.2777701874827426,241,9.979322268326417,0.07197921469187034
23,0,Travel_Rarely,Research & Development,7,3,Life Sciences,1151,Male,2,Research Scientist,Single,191870,1.0,11,1,5.0,2,5,1,4,3,3,4.0,4.0,4.0,6.994301453352087,0.2868470375093407,237,9.984599156118144,0.07755959617630936
40,0,Travel_Frequently,Research & Development,21,3,Medical,1152,Female,3,Research Scientist,Married,197170,1.0,21,0,10.0,1,10,9,4,2,4,4.0,3.0,4.0,7.811326648224988,0.28617052146371486,241,9.991355463347166,0.08390296987859219
40,0,Travel_Rarely,Research & Development,8,1,Medical,1153,Female,5,Research Scientist,Married,35440,3.0,18,3,15.0,3,11,5,10,2,3,2.0,2.0,3.0,6.160280092592592,0.3100002259843171,240,9.955069444444446,0.07294839125213069
25,0,Travel_Rarely,Sales,20,5,Medical,1154,Female,2,Laboratory Technician,Married,85000,4.0,12,0,6.0,2,2,1,2,3,3,3.0,2.0,3.0,6.20880445423397,0.2878327500868722,227,9.989941262848753,0.08319360518758195
30,0,Travel_Rarely,Human Resources,20,4,Life Sciences,1155,Male,2,Research Scientist,Married,46610,1.0,11,0,12.0,3,12,1,7,2,3,4.0,2.0,2.0,6.082088249754179,0.2964461348150412,226,9.986061946902655,0.0813764721949088
25,0,Travel_Rarely,Research & Development,7,2,Medical,1156,Male,5,Sales Executive,Divorced,41030,6.0,15,1,7.0,2,2,0,2,3,3,4.0,3.0,2.0,10.194130901287554,0.2869435578350818,233,9.985908440629471,0.09211498774933001
47,0,Travel_Rarely,Research & Development,1,4,Life Sciences,1157,Male,2,Sales Executive,Single,42490,2.0,13,1,25.0,2,17,12,11,2,3,1.0,3.0,3.0,7.778402777777777,0.3163739551923904,232,9.967959770114943,0.07805026869682041
33,0,Non-Travel,Research & Development,1,3,Life Sciences,1158,Male,2,Research Scientist,Divorced,140260,1.0,12,0,1.0,4,1,0,0,3,3,2.0,3.0,2.0,6.171750478927202,0.30124342643760976,232,10.008045977011495,0.07101723308619862
38,0,Travel_Rarely,Research & Development,19,3,Life Sciences,1159,Female,2,Sales Executive,Married,68930,0.0,17,0,16.0,3,15,5,8,3,3,4.0,2.0,3.0,7.904476359338061,0.30520203579058525,235,9.979503546099291,0.06952705542421847
31,0,Travel_Rarely,Research & Development,10,4,Medical,1160,Female,3,Sales Executive,Married,61250,0.0,13,1,3.0,3,2,1,2,3,3,1.0,3.0,3.0,7.180814009661836,0.28415882287705446,230,9.980434782608695,0.07451849039090355
38,0,Travel_Frequently,Research & Development,1,4,Other,1161,Male,2,Research Scientist,Married,36690,2.0,19,0,10.0,2,8,7,7,3,3,1.0,3.0,3.0,6.509626951331497,0.2989881595306958,242,9.973691460055097,0.08123444935968509
42,0,Travel_Rarely,Research & Development,6,3,Medical,1162,Male,2,Laboratory Technician,Divorced,100080,6.0,19,1,9.0,3,4,1,2,1,3,4.0,1.0,2.0,9.767906420765028,0.29376329225760484,244,10.030942622950821,0.06254684443095174
41,0,Travel_Rarely,Sales,2,2,Medical,1163,Male,1,Healthcare Representative,Married,23870,3.0,17,1,12.0,1,5,1,0,1,3,4.0,4.0,3.0,7.698772554605887,0.2928466406319492,234,10.00548433048433,0.07874304052594469
47,0,Non-Travel,Research & Development,21,2,Medical,1164,Male,1,Sales Executive,Married,46390,0.0,11,1,14.0,2,13,5,12,2,3,3.0,2.0,1.0,7.228134756657484,0.32292093255382925,242,10.030853994490359,0.07875362451371504
35,0,Travel_Rarely,Research & Development,4,3,Life Sciences,1165,Male,2,Healthcare Representative,Married,78980,7.0,15,0,5.0,2,2,2,2,2,3,4.0,3.0,3.0,10.39878884180791,0.31187677880765813,236,10.013841807909603,0.08463501222102011
22,0,Travel_Rarely,Human Resources,12,1,Human Resources,1166,Male,2,Sales Executive,Single,25340,0.0,11,0,4.0,1,3,1,2,3,3,4.0,3.0,4.0,6.400190058479533,0.30435812476031604,228,9.995540935672514,0.07970469875741736
35,0,Travel_Rarely,Research & Development,9,3,Medical,1167,Female,2,Sales Executive,Single,131420,1.0,25,2,10.0,4,10,0,8,3,4,2.0,3.0,3.0,8.004882434301521,0.3037560948927646,241,9.990802213001384,0.08306435377285999
33,0,Travel_Rarely,Sales,3,4,Medical,1168,Male,3,Healthcare Representative,Married,16110,0.0,14,0,10.0,2,9,8,1,2,3,2.0,4.0,3.0,9.103674504379898,0.27281706577603154,241,10.002904564315353,0.07098921353926542
32,0,Travel_Rarely,Research & Development,3,2,Technical Degree,1169,Male,3,Manufacturing Director,Single,53630,1.0,13,0,6.0,4,6,4,1,3,3,3.0,2.0,3.0,6.9864537795992705,0.3130516995024641,244,9.985928961748634,0.07798820526659021
40,0,Travel_Rarely,Research & Development,1,4,Medical,1170,Male,2,Research Director,Married,50710,8.0,17,1,8.0,3,1,0,0,2,3,1.0,4.0,2.0,6.164745370370369,0.2879031252735794,228,9.998026315789474,0.083460355643146
32,0,Travel_Rarely,Research & Development,1,2,Medical,1171,Male,3,Sales Executive,Married,136950,0.0,13,0,3.0,3,2,2,2,3,3,2.0,2.0,3.0,6.009841772151899,0.2769927750276152,237,9.998030942334738,0.07643443030028521
39,0,Travel_Rarely,Research & Development,4,4,Life Sciences,1172,Male,1,Sales Executive,Single,134020,7.0,14,1,18.0,1,7,1,7,3,3,1.0,4.0,3.0,8.018078206962327,0.28712809774935444,233,10.007153075822604,0.08105972407215561
38,0,Travel_Rarely,Sales,20,4,Medical,1173,Female,2,Research Director,Married,20290,3.0,11,1,20.0,3,18,1,11,2,3,2.0,3.0,3.0,8.000954106280194,0.2894694941632964,230,10.009492753623189,0.0908422937366833
32,0,Travel_Rarely,Research & Development,18,3,Life Sciences,1174,Male,2,Manager,Married,63770,1.0,12,2,14.0,3,14,5,7,3,3,3.0,4.0,3.0,7.898323877068559,0.2786291935778966,235,10.001914893617023,0.07650985027580777
37,0,Travel_Rarely,Research & Development,1,3,Life Sciences,1175,Female,4,Sales Executive,Married,54290,1.0,17,1,16.0,3,16,6,8,3,3,3.0,4.0,3.0,9.385844859382203,0.3013058703212626,241,9.999930843706776,0.07468170816044252
25,0,Travel_Rarely,Research & Development,2,4,Medical,1176,Female,2,Manufacturing Director,Divorced,27850,0.0,21,0,6.0,2,5,0,4,3,4,1.0,3.0,2.0,7.971588934613626,0.3030622357812954,243,9.997462277091905,0.07855528725337924
52,0,Non-Travel,Research & Development,2,4,Other,1177,Male,1,Manager,Divorced,46140,2.0,16,1,16.0,3,9,0,0,3,3,1.0,4.0,2.0,6.804641393442623,0.3015764385721903,244,10.012636612021858,0.07413435483145564
44,0,Travel_Rarely,Research & Development,8,1,Life Sciences,1178,Female,1,Sales Representative,Single,26100,6.0,15,0,6.0,2,4,1,2,3,3,2.0,4.0,3.0,10.805340038314176,0.3209880258495204,232,9.966020114942529,0.07999356765520547
21,0,Travel_Rarely,Sales,10,5,Medical,1179,Male,3,Research Scientist,Single,66870,1.0,19,3,2.0,0,2,1,2,3,3,3.0,1.0,3.0,8.159645513714551,0.3156187623346606,239,10.01889818688982,0.08993897698549437
39,0,Non-Travel,Research & Development,3,4,Life Sciences,1180,Female,2,Research Director,Single,47240,2.0,12,1,21.0,4,6,1,3,4,3,4.0,4.0,2.0,6.306303506375228,0.30373072642058496,244,10.025956284153004,0.08156629712084075
23,1,Travel_Frequently,Research & Development,2,4,Life Sciences,1181,Female,2,Manufacturing Director,Married,61790,1.0,11,0,1.0,3,1,1,0,3,3,4.0,1.0,2.0,8.025331384015594,0.3086347450083828,228,9.996929824561404,0.06822352319859853
36,0,Travel_Rarely,Research & Development,24,3,Life Sciences,1182,Female,2,Laboratory Technician,Married,61200,0.0,19,0,10.0,2,9,3,4,3,3,1.0,4.0,3.0,7.792490855052584,0.30123933384296475,243,9.953566529492454,0.07410338892100962
36,0,Travel_Frequently,Research & Development,16,1,Medical,1183,Male,2,Sales Executive,Divorced,105960,7.0,15,0,18.0,3,4,0,2,2,3,4.0,2.0,3.0,7.8441184086629,0.2942890340328411,236,10.00861581920904,0.06574814681251752
56,0,Non-Travel,Research & Development,8,1,Life Sciences,1184,Male,1,Sales Executive,Divorced,54670,1.0,20,0,13.0,6,13,1,9,2,4,3.0,3.0,2.0,6.592797017797018,0.32852250148415396,231,9.999422799422799,0.061871646067298294
29,1,Travel_Rarely,Research & Development,9,4,Medical,1185,Male,2,Sales Representative,Married,29960,9.0,25,0,4.0,4,2,2,2,3,4,1.0,4.0,4.0,10.903593117408908,0.31936038177719256,247,9.98488529014845,0.07729545878454734
42,0,Travel_Rarely,Research & Development,17,1,Life Sciences,1186,Male,3,Research Scientist,Married,99980,5.0,24,2,24.0,3,22,4,14,2,4,1.0,3.0,2.0,7.3988672586520945,0.30369134497613925,244,9.99016393442623,0.06952791082926678
56,1,Travel_Rarely,Sales,10,4,Other,1187,Male,2,Sales Executive,Married,40780,8.0,24,1,14.0,3,10,9,8,3,4,4.0,3.0,1.0,6.820679413179413,0.3070757752756405,231,9.992135642135642,0.08598498441976712
41,0,Travel_Rarely,Research & Development,13,4,Life Sciences,1188,Female,1,Healthcare Representative,Married,109200,0.0,15,1,21.0,3,20,0,10,4,3,1.0,2.0,3.0,7.800049645390072,0.3056333064408513,235,10.019787234042553,0.07620104665494731
34,0,Travel_Rarely,Sales,1,3,Medical,1189,Female,1,Laboratory Technician,Married,62320,1.0,13,1,8.0,3,8,1,7,3,3,4.0,3.0,3.0,7.3836256038647345,0.2935540269089893,230,10.025434782608693,0.06166344429677442
36,0,Non-Travel,Sales,1,1,Medical,1190,Female,1,Human Resources,Divorced,132470,1.0,14,0,15.0,3,15,11,11,3,3,4.0,4.0,2.0,7.675329936923824,0.2747413321922906,229,9.999344978165938,0.07910653787549898
41,0,Travel_Rarely,Research & Development,1,5,Medical,1191,Male,1,Healthcare Representative,Divorced,40810,2.0,13,0,14.0,3,5,0,4,3,3,3.0,2.0,3.0,7.091824074074073,0.28873671526129097,240,9.993888888888888,0.07747760731442739
32,0,Travel_Rarely,Sales,9,4,Life Sciences,1192,Female,2,Research Scientist,Single,57690,1.0,11,0,4.0,3,4,1,2,3,3,4.0,1.0,3.0,6.725276595744681,0.2990221386572655,235,9.971843971631206,0.08206591097371237
35,0,Travel_Rarely,Research & Development,16,3,Medical,1193,Female,2,Healthcare Representative,Single,23940,1.0,16,1,9.0,3,9,1,7,3,3,3.0,4.0,3.0,10.505156028368795,0.29148727799488294,235,9.969645390070923,0.06632537228991121
38,0,Travel_Rarely,Research & Development,23,3,Medical,1194,Male,3,Sales Representative,Married,39040,1.0,22,0,10.0,3,10,1,9,2,4,1.0,4.0,3.0,6.905967035500231,0.3211922386093218,241,9.987482710926695,0.08886697018595369
50,1,Travel_Frequently,Sales,4,2,Life Sciences,1195,Female,2,Laboratory Technician,Divorced,167990,7.0,14,1,12.0,2,6,0,1,2,3,2.0,3.0,3.0,7.208894824311491,0.29912564817831316,234,9.99059829059829,0.06887164814203449
36,0,Travel_Rarely,Research & Development,22,4,Life Sciences,1196,Male,1,Healthcare Representative,Married,29500,4.0,14,0,8.0,1,6,0,0,2,3,2.0,3.0,2.0,6.277285137701804,0.29306006093925174,234,9.996581196581197,0.06836451340743185
45,0,Travel_Rarely,Sales,24,3,Life Sciences,1197,Male,1,Laboratory Technician,Single,36290,8.0,16,1,8.0,2,5,0,1,4,3,4.0,3.0,3.0,6.076578117418728,0.2905303142707839,229,9.991994177583697,0.07218465103807557
40,0,Travel_Rarely,Sales,10,4,Life Sciences,1198,Male,1,Research Scientist,Single,93620,2.0,11,1,8.0,6,2,2,2,3,3,3.0,3.0,3.0,6.211907956685499,0.2929922219486295,236,9.982132768361582,0.06812975818407668
35,0,Travel_Frequently,Sales,7,2,Life Sciences,1199,Male,2,Manufacturing Director,Married,32290,1.0,25,0,10.0,2,10,0,2,2,4,3.0,3.0,4.0,8.430802336671436,0.32129469836668545,233,10.009513590844064,0.07963970491506743
40,0,Travel_Rarely,Research & Development,17,4,Life Sciences,1200,Male,1,Manager,Married,35780,2.0,14,1,20.0,2,5,0,2,3,3,3.0,3.0,3.0,7.484193853427897,0.3151878910299997,235,10.017021276595745,0.07511264674385244
35,0,Travel_Rarely,Human Resources,14,1,Life Sciences,1201,Male,2,Research Scientist,Married,79880,1.0,18,0,4.0,3,4,1,1,3,3,3.0,4.0,3.0,6.89609943977591,0.32034304682611503,238,9.970868347338936,0.07327575474634296
29,0,Travel_Rarely,Research & Development,1,3,Medical,1202,Male,3,Sales Executive,Married,42840,4.0,11,0,10.0,5,4,0,3,2,3,4.0,2.0,3.0,9.817854683195593,0.25961984422802886,242,9.952203856749312,0.06792043406528507
29,0,Travel_Rarely,Research & Development,5,3,Medical,1203,Male,2,Sales Representative,Single,75530,1.0,19,0,5.0,3,5,0,4,3,3,4.0,1.0,1.0,6.08396349862259,0.2744578294663584,242,9.980371900826446,0.08016754207484116
50,1,Travel_Rarely,Research & Development,17,3,Medical,1204,Male,1,Research Scientist,Divorced,173280,4.0,15,2,20.0,1,3,2,0,3,3,4.0,1.0,3.0,9.616168503213958,0.29538634917446194,242,10.015151515151514,0.07514522821576756
39,0,Travel_Rarely,Sales,25,3,Medical,1205,Male,2,Sales Executive,Married,197010,0.0,11,0,21.0,3,20,9,6,4,3,2.0,4.0,2.0,7.508998817966902,0.2978876559499272,235,9.95631205673759,0.07849156412276981
31,0,Non-Travel,Research & Development,8,4,Life Sciences,1206,Female,4,Sales Executive,Single,147320,0.0,12,0,10.0,3,9,1,7,3,3,2.0,1.0,3.0,7.308546099290781,0.29248109065859135,235,10.023049645390069,0.07851796286193452
26,0,Travel_Rarely,Research & Development,11,4,Medical,1207,Male,2,Manager,Single,92780,0.0,20,0,5.0,3,4,0,0,3,4,4.0,3.0,3.0,7.500675267317527,0.30799688209716414,239,9.97231520223152,0.07970535494532544
36,0,Travel_Frequently,Research & Development,5,1,Technical Degree,1208,Male,1,Sales Executive,Married,13590,4.0,12,0,17.0,2,5,0,3,3,3,3.0,4.0,3.0,7.6941701388888895,0.30785448037945834,240,10.007569444444444,0.07825138985743069
39,0,Travel_Rarely,Research & Development,2,1,Medical,1209,Female,1,Research Scientist,Married,47790,4.0,14,2,9.0,3,7,1,7,3,3,4.0,1.0,3.0,6.046757297551789,0.3183793508450204,236,9.960805084745763,0.0689501292222623
27,0,Travel_Rarely,Research & Development,8,2,Medical,1210,Male,1,Laboratory Technician,Married,164220,1.0,20,1,6.0,3,6,0,3,3,4,2.0,2.0,3.0,9.286569626394956,0.30670491459468674,229,10.002037845705969,0.07916493228461736
49,0,Travel_Frequently,Research & Development,6,1,Medical,1211,Male,3,Healthcare Representative,Married,29960,2.0,18,1,17.0,2,9,0,8,2,3,4.0,2.0,2.0,6.3958886534839925,0.28226610158029347,236,9.994279661016948,0.09163262311175219
34,0,Travel_Rarely,Sales,4,3,Medical,1212,Female,1,Sales Executive,Married,12610,2.0,14,1,6.0,6,4,1,2,3,3,2.0,3.0,4.0,6.460532508491024,0.30209064678448505,229,9.997889374090246,0.08439001889731601
41,1,Travel_Rarely,Research & Development,7,2,Life Sciences,1213,Female,1,Research Scientist,Single,20990,8.0,12,1,8.0,2,6,0,5,3,3,2.0,4.0,1.0,8.626512212643679,0.30270048529553223,232,10.014080459770113,0.07957000215620907
49,0,Travel_Frequently,Sales,1,4,Life Sciences,1214,Female,2,Manufacturing Director,Married,58100,1.0,21,1,10.0,2,10,1,7,3,4,3.0,2.0,3.0,6.713213276836158,0.2847644476071042,236,9.979449152542374,0.07570234303001158
37,1,Travel_Rarely,Research & Development,2,3,Life Sciences,1215,Male,1,Sales Executive,Single,56470,6.0,19,0,7.0,2,0,0,0,3,3,4.0,3.0,3.0,8.521203703703703,0.3163079763642527,246,9.988143631436314,0.07765136976199687
33,0,Travel_Frequently,Research & Development,10,2,Medical,1216,Male,2,Research Scientist,Married,34200,1.0,14,0,8.0,3,8,3,0,3,3,4.0,3.0,3.0,9.482606657290201,0.28143066380081894,237,10.004641350210973,0.07821047581587165
27,0,Travel_Rarely,Sales,5,4,Medical,1217,Female,4,Manufacturing Director,Married,44000,9.0,17,1,6.0,3,2,2,2,2,3,1.0,2.0,3.0,6.404782250470809,0.3156666210968189,236,9.98601694915254,0.0837776375365629
32,0,Travel_Frequently,Research & Development,9,2,Medical,1218,Female,2,Research Scientist,Single,35000,0.0,16,1,8.0,2,7,3,6,2,3,4.0,4.0,2.0,7.276984805318139,0.3025850936832465,234,9.961111111111112,0.08036719122556041
59,0,Travel_Rarely,Sales,2,2,Marketing,1219,Female,5,Sales Representative,Married,20660,4.0,12,1,12.0,3,1,0,0,3,3,3.0,1.0,2.0,10.035185979971388,0.2882898399296025,233,9.988054363376252,0.07876114071004553
30,0,Travel_Rarely,Research & Development,11,4,Medical,1220,Male,2,Laboratory Technician,Divorced,171690,1.0,17,2,1.0,2,1,0,0,3,3,4.0,3.0,3.0,6.3894133241124935,0.3080986030808819,241,9.993637621023513,0.08254731443061325
38,0,Travel_Frequently,Sales,18,4,Life Sciences,1221,Male,2,Healthcare Representative,Single,41620,0.0,15,1,10.0,1,9,1,8,3,3,4.0,3.0,3.0,7.997498856881573,0.30889201395353516,243,9.96406035665295,0.06441007531355447
36,0,Travel_Rarely,Research & Development,7,3,Life Sciences,1222,Male,1,Sales Executive,Married,92040,6.0,23,1,17.0,2,7,7,7,3,4,3.0,3.0,2.0,7.832184343434343,0.3085774905133288,242,9.996556473829202,0.07888850786247993
35,0,Travel_Rarely,Human Resources,3,4,Human Resources,1223,Male,2,Manager,Married,32940,0.0,11,0,6.0,2,5,0,3,3,3,1.0,2.0,3.0,7.4983615819209035,0.3065927162049555,236,9.949011299435028,0.07951438474175583
29,0,Travel_Rarely,Sales,29,4,Life Sciences,1224,Male,2,Laboratory Technician,Single,21270,0.0,11,1,10.0,3,9,0,8,2,3,4.0,3.0,3.0,10.724693853427896,0.28720491802048065,235,9.982269503546098,0.07767336485421593
31,0,Travel_Rarely,Research & Development,2,2,Medical,1225,Male,2,Laboratory Technician,Divorced,39750,1.0,15,1,5.0,3,5,4,3,3,3,3.0,3.0,2.0,6.313388399412628,0.29276922877101536,227,10.003083700440527,0.08480362472331593
34,0,Travel_Rarely,Research & Development,28,3,Technical Degree,1226,Male,1,Laboratory Technician,Divorced,107930,0.0,11,3,3.0,1,2,1,2,2,3,2.0,4.0,3.0,7.6140923489278745,0.293648958384429,228,9.956359649122806,0.0744172817322307
28,1,Travel_Rarely,Research & Development,1,4,Life Sciences,1227,Male,5,Research Director,Single,100960,5.0,13,0,6.0,2,4,0,3,3,3,3.0,3.0,3.0,10.483148148148146,0.30892181465468543,234,10.020797720797722,0.07576969948929897
29,0,Travel_Rarely,Research & Development,16,2,Life Sciences,1228,Female,4,Laboratory Technician,Divorced,36460,1.0,14,0,10.0,3,10,8,8,4,3,2.0,1.0,3.0,7.96732683982684,0.3290523549619633,231,9.994588744588745,0.07511431080996293
32,0,Travel_Rarely,Human Resources,22,3,Human Resources,1229,Female,2,Research Director,Divorced,74460,0.0,19,0,7.0,3,6,0,5,3,3,1.0,2.0,2.0,10.695990028490028,0.31605908336105804,234,9.982336182336184,0.0733633314176949
22,0,Non-Travel,Research & Development,8,3,Life Sciences,1230,Female,3,Sales Executive,Divorced,108510,1.0,16,1,1.0,2,1,0,0,4,3,4.0,4.0,2.0,10.002944444444443,0.2901067783793841,235,10.001063829787235,0.07780394415146197
53,0,Travel_Rarely,Research & Development,11,3,Medical,1231,Male,2,Manager,Married,21090,2.0,13,0,31.0,3,25,3,7,3,3,1.0,4.0,3.0,8.015872011251759,0.29647047755926853,237,9.999367088607597,0.06720887267872903
38,0,Travel_Rarely,Research & Development,29,3,Life Sciences,1232,Female,1,Manufacturing Director,Single,37220,5.0,14,0,6.0,0,3,1,2,3,3,4.0,4.0,3.0,9.68517361111111,0.29614352382235465,240,9.992430555555556,0.06937179896947161
24,0,Non-Travel,Research & Development,1,5,Life Sciences,1233,Male,3,Research Scientist,Divorced,93800,0.0,16,0,5.0,2,4,1,3,2,3,1.0,3.0,2.0,6.907967535436671,0.33123612169760547,243,9.99485596707819,0.06692820460497223
36,1,Travel_Rarely,Research & Development,1,3,Life Sciences,1234,Male,1,Research Director,Single,54860,7.0,12,1,10.0,2,5,0,3,3,3,3.0,1.0,3.0,6.475342066957788,0.2733718952185144,229,10.013464337700144,0.05748482681716416
34,0,Travel_Rarely,Sales,24,3,Marketing,1235,Male,4,Research Scientist,Single,27420,0.0,11,1,13.0,2,12,2,11,3,3,1.0,2.0,3.0,6.094871615312792,0.3089396306010865,238,10.023669467787114,0.06988980683694013
21,0,Travel_Rarely,Sales,2,3,Life Sciences,1236,Male,2,Manufacturing Director,Single,137570,1.0,12,1,0.0,3,0,0,0,3,3,3.0,4.0,3.0,5.997355652595827,0.2955634901029195,229,10.010262008733626,0.0783335567813275
34,1,Travel_Rarely,Sales,15,2,Marketing,1237,Female,2,Research Scientist,Single,84630,2.0,13,0,8.0,2,4,1,3,1,3,2.0,1.0,3.0,7.815063457854406,0.31642115518209224,232,9.991954022988505,0.07432651639548189
53,0,Travel_Rarely,Sales,2,1,Life Sciences,1238,Male,5,Human Resources,Divorced,31620,4.0,15,0,26.0,4,14,4,8,3,3,3.0,3.0,2.0,7.481158625730994,0.3105965138353874,228,9.99934210526316,0.07339775420563155
32,1,Travel_Frequently,Research & Development,10,3,Medical,1239,Female,2,Manufacturing Director,Single,165980,1.0,13,0,10.0,2,10,6,7,3,3,2.0,1.0,3.0,9.495272967772966,0.32901821390529906,231,9.992424242424242,0.0697068511198947
42,0,Travel_Rarely,Research & Development,10,3,Technical Degree,1240,Male,2,Laboratory Technician,Married,66510,0.0,20,0,10.0,5,9,4,2,2,4,3.0,2.0,3.0,6.892245179063361,0.2973230948443157,242,9.981818181818184,0.07981327800829872
44,0,Travel_Rarely,Research & Development,3,1,Life Sciences,1241,Female,1,Manufacturing Director,Married,23450,3.0,15,2,24.0,0,22,5,17,3,3,1.0,4.0,3.0,7.101099585062241,0.2859251944411076,241,10.005048409405259,0.08163297218380197
46,0,Travel_Rarely,Sales,2,3,Life Sciences,1242,Female,1,Research Scientist,Single,34200,3.0,13,2,22.0,3,2,2,1,1,3,2.0,1.0,2.0,8.009119565217391,0.2933738365724764,230,9.995652173913044,0.0677951817395524
33,0,Travel_Rarely,Sales,3,3,Medical,1243,Male,1,Manufacturing Director,Single,43730,4.0,14,0,7.0,3,1,0,0,3,3,3.0,4.0,3.0,6.528365606270171,0.30458444838322946,241,10.020885200553252,0.06927263908098971
44,0,Travel_Rarely,Human Resources,26,3,Life Sciences,1244,Male,5,Healthcare Representative,Married,47590,2.0,21,0,9.0,2,4,1,3,3,4,4.0,4.0,4.0,8.532774319963115,0.29701672919836236,241,10.001037344398341,0.06539591017365924
30,0,Travel_Rarely,Research & Development,1,4,Technical Degree,1245,Female,1,Research Scientist,Single,53010,1.0,16,1,10.0,3,10,1,8,3,3,4.0,3.0,3.0,6.116035665294925,0.3123830747861737,243,9.991289437585733,0.06884139751423692
39,1,Travel_Rarely,Human Resources,1,4,Medical,1246,Male,1,Sales Executive,Married,36730,3.0,14,1,19.0,3,1,0,0,3,3,4.0,4.0,4.0,6.523863745210727,0.3042107673147393,232,10.005890804597701,0.06783431606707475
24,1,Travel_Rarely,Human Resources,2,5,Human Resources,1247,Male,3,Sales Executive,Married,47680,2.0,11,1,6.0,2,2,2,0,2,3,2.0,4.0,2.0,9.67660063752277,0.2812870500996726,244,9.988456284153006,0.07166203328910774
43,0,Travel_Rarely,Sales,9,5,Technical Degree,1248,Female,1,Research Director,Divorced,12740,1.0,19,0,6.0,3,5,1,4,2,3,4.0,3.0,2.0,6.487590218423551,0.284338659210693,234,9.997293447293446,0.07594400221724967
50,1,Travel_Rarely,Research & Development,12,4,Medical,1249,Male,1,Research Director,Married,49000,1.0,11,0,3.0,3,3,0,2,2,3,1.0,3.0,3.0,8.919851394604482,0.28638380006943626,243,9.998285322359395,0.07493391641820375
35,0,Travel_Rarely,Sales,2,4,Marketing,1250,Male,3,Manufacturing Director,Married,104660,1.0,13,0,2.0,1,2,2,2,3,3,4.0,4.0,3.0,7.0866505968778695,0.313274231821654,242,9.999242424242423,0.0756990548639926
36,0,Travel_Rarely,Research & Development,25,1,Life Sciences,1251,Female,4,Sales Executive,Married,170070,9.0,12,1,6.0,2,1,0,0,2,3,2.0,1.0,4.0,9.078667874396137,0.2930643973521081,230,9.975507246376813,0.07595740775900256
33,0,Travel_Frequently,Sales,9,2,Marketing,1252,Male,4,Human Resources,Married,29090,2.0,11,0,10.0,2,5,1,3,2,3,3.0,1.0,3.0,6.55703314659197,0.29765819275555605,238,9.992997198879552,0.061338470690667266
35,0,Travel_Rarely,Research & Development,10,1,Medical,1253,Male,1,Research Scientist,Divorced,57650,1.0,14,1,1.0,2,1,0,0,3,3,3.0,4.0,3.0,6.188770339377033,0.29603354376238744,239,10.010181311018131,0.06588096605448311
27,0,Travel_Rarely,Sales,8,2,Marketing,1254,Female,3,Research Scientist,Divorced,45990,1.0,15,1,1.0,3,1,0,0,2,3,4.0,1.0,3.0,7.619807132459972,0.3197119719462506,229,9.974963609898106,0.07934119019042034
26,1,Travel_Rarely,Sales,4,3,Marketing,1255,Male,2,Manager,Single,24040,1.0,12,0,1.0,6,1,0,1,3,3,1.0,3.0,2.0,7.6933150434385,0.29233614131546276,243,10.01577503429355,0.08940806304723252
27,0,Travel_Frequently,Sales,24,3,Life Sciences,1256,Male,4,Healthcare Representative,Single,31720,1.0,20,1,9.0,1,9,1,7,3,4,4.0,3.0,3.0,6.842362854486285,0.2991451761927562,239,9.967085076708507,0.08964501560735876
30,0,Travel_Frequently,Research & Development,1,4,Medical,1257,Male,1,Research Scientist,Single,20330,1.0,14,1,12.0,3,12,3,7,1,3,3.0,4.0,3.0,6.816597525473072,0.28691624282575984,229,10.003930131004367,0.0800088527967177
41,1,Travel_Rarely,Sales,20,4,Marketing,1258,Male,2,Sales Executive,Married,102090,1.0,13,1,23.0,2,22,15,8,3,3,2.0,3.0,3.0,5.962092430858807,0.3169532261851852,229,9.996069868995633,0.08581538301114269
34,0,Non-Travel,Research & Development,7,2,Technical Degree,1259,Female,1,Research Scientist,Single,86200,0.0,13,1,10.0,2,9,8,7,2,3,2.0,3.0,3.0,7.820035612535612,0.30166504314343584,234,10.02193732193732,0.0828834028261782
37,0,Travel_Rarely,Research & Development,17,3,Life Sciences,1260,Female,3,Sales Executive,Married,20640,4.0,16,0,8.0,3,1,0,0,2,3,2.0,2.0,3.0,6.10239417989418,0.29862396134365543,231,9.974531024531025,0.061052617270008554
46,0,Travel_Frequently,Research & Development,20,3,Technical Degree,1261,Male,3,Sales Executive,Single,40350,4.0,14,1,14.0,2,9,0,8,3,3,1.0,4.0,3.0,9.31843010018215,0.32295205598830484,244,10.02117486338798,0.0728739683824687
35,0,Travel_Rarely,Research & Development,8,4,Medical,1262,Female,3,Research Scientist,Married,38380,1.0,16,1,1.0,2,1,0,1,3,3,4.0,4.0,3.0,6.9096932367149755,0.31179896595744083,230,9.981521739130434,0.08335065818619078
48,1,Travel_Rarely,Research & Development,2,4,Technical Degree,1263,Female,1,Sales Executive,Single,45910,9.0,16,0,23.0,6,1,0,0,1,3,1.0,3.0,3.0,9.295721982758621,0.29666099735967955,232,10.010272988505747,0.07573455718929858
28,1,Travel_Rarely,Research & Development,10,1,Medical,1264,Male,1,Sales Executive,Single,25610,1.0,22,1,2.0,3,2,2,2,3,4,3.0,3.0,2.0,10.683428672316383,0.27244475706547683,236,9.981497175141243,0.07044105862082777
44,0,Travel_Rarely,Research & Development,1,1,Medical,1265,Female,3,Research Scientist,Divorced,15630,5.0,12,2,9.0,3,4,1,3,3,3,2.0,1.0,2.0,9.386280345471523,0.33102685116979524,238,10.005322128851539,0.06991529663904951
35,0,Non-Travel,Research & Development,5,4,Technical Degree,1266,Female,3,Manufacturing Director,Married,48980,2.0,15,2,10.0,2,4,2,3,3,3,3.0,1.0,3.0,9.50929442100328,0.3032764497301036,237,9.982489451476793,0.07888817373477316
26,0,Travel_Rarely,Research & Development,4,4,Life Sciences,1267,Female,3,Sales Executive,Married,47890,7.0,20,1,5.0,2,2,0,0,3,4,3.0,4.0,2.0,10.19942254495159,0.29277405159516234,241,9.976556016597508,0.08549091363147374
33,0,Travel_Frequently,Sales,29,4,Life Sciences,1268,Female,1,Human Resources,Single,31800,1.0,14,1,15.0,2,15,8,12,3,3,1.0,4.0,3.0,8.207739229024943,0.2943518114769525,245,9.982380952380952,0.07808879781420763
35,0,Travel_Frequently,Research & Development,15,3,Medical,1269,Male,3,Manufacturing Director,Married,65490,1.0,20,0,9.0,3,9,1,8,3,4,2.0,1.0,2.0,6.473378831417623,0.2985476720289402,232,9.97852011494253,0.08482882499046293
35,0,Travel_Rarely,Human Resources,3,2,Life Sciences,1270,Female,1,Laboratory Technician,Married,63880,3.0,13,0,4.0,6,2,2,2,2,3,3.0,1.0,3.0,8.788953266571292,0.29220220827814103,233,9.968383404864094,0.08123746156249483
31,0,Travel_Rarely,Sales,10,2,Life Sciences,1271,Female,2,Research Scientist,Divorced,112440,3.0,12,1,10.0,3,7,1,7,3,3,4.0,4.0,2.0,6.096067129629629,0.31041865950753456,240,9.97513888888889,0.06919105454827217
37,0,Travel_Rarely,Sales,4,3,Marketing,1272,Male,4,Human Resources,Divorced,160320,1.0,13,0,7.0,2,7,0,7,3,3,1.0,3.0,4.0,7.422623456790123,0.31758497692013676,234,9.972008547008546,0.09041602472396466
32,0,Travel_Rarely,Research & Development,21,3,Other,1273,Male,2,Sales Executive,Married,23620,1.0,11,0,9.0,2,9,7,8,3,3,1.0,4.0,3.0,8.10862809315866,0.2773053348001307,229,9.99919941775837,0.07671841083786608
38,0,Travel_Frequently,Research & Development,25,3,Medical,1274,Male,2,Manufacturing Director,Single,163280,1.0,17,3,10.0,2,10,9,9,3,3,4.0,4.0,3.0,6.241581196581197,0.3000466932823227,234,9.975783475783475,0.08598471972577847
50,0,Travel_Rarely,Sales,2,4,Marketing,1275,Female,4,Research Scientist,Divorced,83760,5.0,14,3,29.0,2,27,13,8,3,3,2.0,3.0,2.0,9.53116809116809,0.29558110907972707,234,10.010968660968661,0.07532266281908627
59,0,Travel_Rarely,Research & Development,1,3,Technical Degree,1276,Male,1,Laboratory Technician,Single,166060,7.0,11,0,28.0,6,21,7,9,3,3,1.0,1.0,2.0,6.9165189125295505,0.3114564662227825,235,9.996028368794326,0.07972774847952158
36,0,Travel_Rarely,Sales,1,2,Marketing,1277,Female,2,Sales Executive,Divorced,86060,1.0,14,2,17.0,3,17,12,8,3,3,3.0,3.0,3.0,6.004865112025605,0.3100407059674941,243,10.025034293552812,0.0798217963397538
55,0,Travel_Rarely,Research & Development,7,3,Medical,1278,Male,3,Research Scientist,Divorced,22720,2.0,17,1,21.0,2,5,0,2,3,3,4.0,3.0,3.0,8.11400137741047,0.28142623132942546,242,9.996694214876033,0.07506740357174148
36,0,Travel_Frequently,Research & Development,3,3,Life Sciences,1279,Female,2,Laboratory Technician,Single,20180,1.0,13,0,6.0,5,6,0,3,3,3,2.0,2.0,3.0,7.215137053352913,0.29828904720521204,227,9.99662261380323,0.08086858212155468
45,0,Travel_Rarely,Research & Development,1,2,Medical,1280,Female,1,Sales Executive,Divorced,70830,2.0,12,1,25.0,5,1,0,0,3,3,2.0,1.0,3.0,6.807199074074074,0.2748805007899195,240,9.96701388888889,0.08506147818843937
35,0,Travel_Frequently,Human Resources,9,3,Other,1281,Female,2,Sales Representative,Married,40840,4.0,13,1,5.0,3,3,1,2,3,3,2.0,1.0,2.0,6.101339326878746,0.3012412044972814,241,9.960096818810511,0.0748976294759489
36,1,Travel_Rarely,Sales,7,2,Life Sciences,1282,Male,4,Laboratory Technician,Married,144110,0.0,18,3,2.0,2,1,0,0,4,3,4.0,3.0,2.0,8.892940100594421,0.3024149418097982,243,10.007544581618657,0.0752458743816768
59,0,Travel_Frequently,Research & Development,10,4,Life Sciences,1283,Male,3,Research Scientist,Single,23080,7.0,19,1,20.0,4,4,1,3,2,3,1.0,3.0,2.0,6.789967391304348,0.28799602850404943,230,10.003043478260869,0.08002951290002736
29,0,Travel_Rarely,Research & Development,28,4,Life Sciences,1284,Female,1,Sales Representative,Married,48410,0.0,11,0,6.0,3,5,0,4,3,3,3.0,2.0,3.0,7.827854284369115,0.31176300701520565,236,10.017584745762711,0.07761735685378862
31,0,Travel_Rarely,Research & Development,3,2,Medical,1285,Female,3,Sales Executive,Single,42850,1.0,21,1,1.0,2,1,1,0,1,4,3.0,2.0,3.0,6.300332125603865,0.2802329418719676,230,9.94086956521739,0.07665329198573925
32,0,Travel_Rarely,Sales,3,4,Life Sciences,1286,Male,2,Manufacturing Director,Married,97150,1.0,15,1,10.0,1,10,0,9,2,3,2.0,2.0,3.0,7.522589903181189,0.3034429729713225,241,9.965076071922544,0.06963056131858002
36,0,Travel_Rarely,Research & Development,2,3,Life Sciences,1287,Male,2,Sales Representative,Married,43200,3.0,17,0,5.0,2,1,0,0,3,3,2.0,4.0,3.0,7.17987077294686,0.3141984263496436,230,9.994565217391305,0.07751400227833678
31,0,Travel_Rarely,Research & Development,27,3,Medical,1288,Female,2,Research Director,Single,21320,1.0,18,0,11.0,3,11,1,8,3,3,3.0,4.0,3.0,6.095544077134988,0.30843768020032175,242,9.983884297520662,0.07655340656660922
35,0,Travel_Rarely,Research & Development,2,4,Medical,1289,Male,2,Healthcare Representative,Single,101240,0.0,14,1,16.0,2,15,2,8,4,3,3.0,1.0,3.0,6.019582156308851,0.2909349591320277,236,10.014477401129943,0.07498927655567578
45,0,Travel_Rarely,Human Resources,14,3,Human Resources,1290,Female,1,Sales Executive,Married,54730,4.0,13,0,17.0,3,0,0,0,1,3,4.0,1.0,4.0,8.896670197740113,0.2965689939365218,236,10.010875706214689,0.08098523460351803
37,0,Travel_Rarely,Research & Development,1,3,Life Sciences,1291,Female,3,Sales Executive,Single,52070,4.0,17,3,16.0,3,5,0,2,3,3,1.0,3.0,4.0,6.597208616780046,0.310641500185746,245,10.004625850340135,0.08348488903758222
46,0,Travel_Rarely,Research & Development,9,3,Medical,1292,Male,3,Manager,Divorced,164370,8.0,15,1,16.0,0,4,0,2,3,3,2.0,2.0,3.0,10.269981325863679,0.28300861983651954,238,9.982563025210085,0.06875819455771061
30,0,Travel_Rarely,Sales,18,3,Life Sciences,1293,Male,4,Human Resources,Married,22960,1.0,18,1,10.0,2,10,3,0,3,3,4.0,4.0,2.0,9.195694444444442,0.302774644462794,234,9.974928774928774,0.08053468732295624
35,0,Travel_Rarely,Research & Development,20,4,Life Sciences,1294,Female,3,Human Resources,Single,40690,1.0,13,0,6.0,5,6,0,4,3,3,2.0,3.0,3.0,7.9035895593869725,0.288683211440054,232,9.935847701149426,0.08384285693552934
55,0,Travel_Rarely,Research & Development,2,3,Life Sciences,1295,Female,2,Laboratory Technician,Married,74410,3.0,12,1,24.0,4,1,1,0,3,3,1.0,4.0,3.0,6.709723389355742,0.30585371432777475,238,9.996638655462185,0.077393716980463
38,0,Non-Travel,Sales,11,1,Marketing,1296,Male,2,Laboratory Technician,Divorced,24300,7.0,13,2,17.0,2,13,1,9,4,3,2.0,4.0,3.0,8.811399853801168,0.28950302103055214,228,10.017690058479532,0.0713719289658311
34,0,Travel_Rarely,Research & Development,8,2,Medical,1297,Male,1,Research Scientist,Married,58780,1.0,14,0,5.0,1,5,1,3,3,3,1.0,2.0,3.0,8.008844123048668,0.3199734473215382,242,10.006129476584023,0.07073106108234369
56,0,Travel_Rarely,Human Resources,2,1,Medical,1298,Male,2,Sales Executive,Single,26440,4.0,11,1,37.0,2,6,0,2,3,3,4.0,4.0,2.0,6.312178423236514,0.2704528797445741,241,9.978699861687414,0.08887774704164737
23,0,Travel_Rarely,Research & Development,10,3,Medical,1299,Male,2,Laboratory Technician,Divorced,64390,3.0,22,3,3.0,2,0,0,0,3,4,3.0,1.0,3.0,6.405738719068413,0.3084934450249253,229,9.988282387190685,0.07588914212994892
51,0,Travel_Rarely,Research & Development,29,4,Life Sciences,1300,Female,5,Manufacturing Director,Married,24510,3.0,17,0,10.0,2,4,0,3,2,3,4.0,4.0,3.0,6.7590826330532225,0.3026095214471391,238,9.991456582633056,0.0875028858238091
30,0,Travel_Rarely,Sales,8,2,Technical Degree,1301,Male,1,Sales Representative,Married,63920,1.0,21,1,11.0,2,11,10,8,4,4,3.0,4.0,3.0,7.617610882487426,0.31155222681619155,243,9.960493827160493,0.06727808386899305
46,1,Travel_Rarely,Sales,1,2,Medical,1302,Female,2,Research Scientist,Single,97140,1.0,22,0,9.0,0,9,4,7,3,4,3.0,4.0,3.0,6.197463269054178,0.2944602900347376,242,9.97396694214876,0.07393680295981313
40,0,Travel_Frequently,Research & Development,6,3,Medical,1303,Male,1,Healthcare Representative,Married,60770,1.0,16,2,22.0,2,22,11,11,2,3,3.0,2.0,2.0,7.404682367149758,0.2955220810735622,230,9.998913043478261,0.08499032234246777
51,0,Travel_Rarely,Research & Development,8,4,Life Sciences,1304,Female,5,Sales Representative,Single,24500,0.0,12,1,11.0,2,10,1,0,3,3,3.0,4.0,1.0,10.087117467043315,0.288291946357384,236,10.012288135593218,0.07349138518251394
30,0,Travel_Rarely,Research & Development,9,3,Life Sciences,1305,Male,1,Manufacturing Director,Divorced,92500,1.0,12,3,11.0,0,11,2,7,3,3,3.0,2.0,2.0,8.071362994350283,0.3169168643451168,236,9.991949152542375,0.07583325319549632
46,0,Travel_Frequently,Research & Development,12,1,Medical,1306,Male,1,Laboratory Technician,Married,20740,2.0,15,1,21.0,3,10,9,5,3,3,3.0,1.0,2.0,9.020947504708097,0.29859390248471135,236,10.019350282485876,0.09217480065713023
32,0,Travel_Rarely,Sales,15,3,Marketing,1307,Male,1,Research Scientist,Single,101690,1.0,14,0,12.0,6,11,5,7,2,3,2.0,3.0,3.0,7.310940525587829,0.2817026131228409,241,10.00387275242047,0.07646410596280928
54,0,Travel_Rarely,Research & Development,25,1,Medical,1308,Female,1,Laboratory Technician,Married,48550,9.0,25,1,16.0,2,4,0,3,2,4,1.0,3.0,1.0,7.585544029506686,0.2867362930810972,241,10.00338865836791,0.07880675618564623
24,0,Travel_Rarely,Sales,6,2,Marketing,1309,Male,2,Research Scientist,Married,40870,0.0,20,3,4.0,1,3,0,2,3,4,1.0,3.0,2.0,7.795473995271868,0.2831384626890208,235,9.992978723404255,0.0686102725748116
28,0,Non-Travel,Sales,9,4,Medical,1310,Male,2,Laboratory Technician,Married,23670,1.0,13,0,5.0,2,5,0,4,2,3,2.0,3.0,4.0,5.990938934802571,0.26915822362898606,242,10.005922865013774,0.06323125635837813
58,0,Travel_Rarely,Research & Development,8,4,Life Sciences,1311,Male,2,Sales Executive,Single,29720,0.0,14,0,38.0,2,37,1,8,4,3,4.0,3.0,2.0,7.07940355940356,0.2983510501061797,231,10.006998556998557,0.08274911642302961
44,0,Non-Travel,Research & Development,23,2,Medical,1312,Female,1,Research Scientist,Married,195860,4.0,16,0,17.0,3,3,1,2,2,3,2.0,2.0,4.0,6.732844078646548,0.3010446296104829,243,9.974485596707817,0.0924982994932491
32,0,Travel_Rarely,Human Resources,12,2,Human Resources,1314,Female,1,Sales Representative,Single,20610,1.0,15,1,1.0,2,1,0,0,2,3,4.0,1.0,3.0,7.960068850902183,0.29495769684207296,234,10.003703703703705,0.07546071106872242
20,1,Travel_Frequently,Sales,4,4,Life Sciences,1315,Female,2,Healthcare Representative,Single,99240,1.0,22,0,1.0,3,1,1,0,3,4,4.0,4.0,3.0,10.712137533875337,0.3081225813073996,246,9.992750677506775,0.08228623509024213
34,0,Travel_Rarely,Research & Development,1,4,Other,1316,Male,4,Laboratory Technician,Single,41980,1.0,22,1,16.0,2,16,2,10,2,4,1.0,3.0,3.0,7.623057899671824,0.31000176130409357,237,9.997609001406468,0.0722211892218328
37,0,Non-Travel,Sales,24,2,Life Sciences,1317,Male,1,Research Scientist,Divorced,68150,5.0,20,1,17.0,3,1,0,0,3,4,3.0,4.0,4.0,7.783722943722943,0.2848023061395536,231,10.012481962481962,0.07346067298241196
59,0,Non-Travel,Research & Development,12,2,Life Sciences,1318,Male,2,Sales Executive,Married,47230,9.0,14,0,30.0,0,3,2,2,3,3,3.0,4.0,3.0,7.212025166191833,0.3139576343620309,234,9.97136752136752,0.08385715857818864
50,0,Travel_Frequently,Research & Development,3,4,Medical,1319,Male,4,Research Scientist,Married,61420,3.0,13,2,28.0,3,8,0,7,2,3,1.0,2.0,2.0,9.58414878397711,0.30501774663409126,233,9.991201716738196,0.07359922015029677
25,1,Travel_Rarely,Sales,10,1,Marketing,1320,Male,2,Research Director,Single,82370,1.0,13,0,6.0,6,6,0,3,2,3,3.0,3.0,3.0,8.510076071922544,0.30689716302785713,241,9.984232365145228,0.07442627170739202
25,0,Travel_Rarely,Research & Development,26,3,Technical Degree,1321,Male,1,Laboratory Technician,Married,88530,1.0,22,1,2.0,3,2,2,1,3,4,4.0,4.0,3.0,7.7015006915629325,0.30286129707250065,241,10.019294605809128,0.07100695404948518
22,0,Travel_Rarely,Research & Development,2,1,Life Sciences,1322,Male,1,Sales Representative,Single,193310,1.0,12,1,1.0,2,0,0,0,3,3,2.0,4.0,3.0,6.262097107438016,0.31894300547440707,242,9.987190082644627,0.06946869677537347
51,0,Travel_Frequently,Research & Development,1,3,Life Sciences,1323,Female,1,Sales Executive,Single,20730,3.0,14,1,23.0,4,13,12,8,3,3,1.0,1.0,2.0,7.4895734542073455,0.3189420558511613,239,10.01115760111576,0.07372885974473473
34,1,Travel_Frequently,Human Resources,4,4,Life Sciences,1324,Female,5,Sales Executive,Single,55620,1.0,15,0,9.0,3,9,0,6,3,3,1.0,3.0,3.0,8.21845588235294,0.2898193281451431,238,9.997689075630252,0.08950588885343162
54,0,Non-Travel,Research & Development,9,3,Life Sciences,1325,Male,1,Laboratory Technician,Single,196130,2.0,17,0,23.0,5,5,4,4,3,3,4.0,4.0,3.0,8.143079710144928,0.28963532026772326,230,9.987608695652174,0.07926475645001367
24,0,Travel_Rarely,Research & Development,2,1,Life Sciences,1326,Male,2,Laboratory Technician,Married,34070,0.0,13,1,6.0,4,5,1,2,3,3,2.0,3.0,3.0,6.488012371615313,0.29562772924764386,238,9.977310924369748,0.06731472617176254
34,0,Travel_Rarely,Sales,4,3,Marketing,1327,Female,2,Sales Representative,Divorced,50630,6.0,12,1,12.0,2,1,0,0,3,3,3.0,2.0,3.0,5.9999050632911395,0.32119237727847116,237,9.982770745428972,0.07133913601436669
37,0,Travel_Rarely,Sales,6,1,Technical Degree,1328,Male,1,Laboratory Technician,Single,46390,2.0,12,2,12.0,3,5,1,3,3,3,3.0,4.0,3.0,6.221693007662837,0.3169266883021603,232,9.97816091954023,0.08001642036124793
34,0,Travel_Rarely,Sales,9,2,Medical,1329,Male,2,Healthcare Representative,Single,48760,2.0,21,1,14.0,3,11,5,8,3,4,3.0,1.0,3.0,7.855724789915967,0.2747416912428096,238,9.999369747899161,0.08528675534911567
36,0,Travel_Frequently,Human Resources,7,3,Medical,1330,Male,1,Research Scientist,Married,26900,0.0,11,0,10.0,1,9,2,8,3,3,2.0,4.0,3.0,7.984710550887021,0.28378428210950957,238,9.994957983193277,0.0643650005712552
36,0,Travel_Rarely,Research & Development,1,3,Medical,1331,Female,2,Manufacturing Director,Divorced,175670,5.0,13,0,7.0,6,1,0,0,3,3,1.0,4.0,3.0,7.499870448179271,0.2973891658162823,238,9.999439775910364,0.08433161168827581
43,0,Travel_Frequently,Research & Development,3,4,Life Sciences,1332,Male,1,Sales Executive,Married,24080,1.0,12,1,25.0,3,25,4,12,3,3,3.0,4.0,4.0,8.702949172576831,0.3215140744958076,235,9.9977304964539,0.08438941423693187
30,0,Travel_Frequently,Research & Development,10,3,Life Sciences,1333,Female,3,Healthcare Representative,Divorced,28140,1.0,24,0,10.0,2,10,0,9,3,4,1.0,3.0,2.0,7.91181216931217,0.28953455440087295,231,10.020995670995672,0.07730726519856947
33,0,Non-Travel,Sales,7,3,Life Sciences,1334,Male,2,Sales Executive,Married,112450,0.0,21,0,8.0,3,7,0,7,3,4,3.0,2.0,4.0,6.7085448102423415,0.28312872534172434,243,9.964609053497941,0.06806278270924732
56,1,Travel_Rarely,Research & Development,15,3,Life Sciences,1335,Male,2,Laboratory Technician,Married,33120,9.0,19,0,7.0,1,5,4,3,1,3,2.0,2.0,3.0,9.013333333333334,0.2974145017803852,232,9.975933908045977,0.08607656511751322
51,0,Travel_Rarely,Research & Development,3,2,Other,1336,Female,2,Sales Representative,Single,190490,7.0,14,1,23.0,2,20,15,15,3,3,1.0,3.0,3.0,6.686394675925926,0.298594537448785,240,9.970069444444444,0.07476870738416234
31,1,Travel_Rarely,Research & Development,2,4,Technical Degree,1337,Female,3,Sales Executive,Married,21410,4.0,20,0,12.0,2,7,7,7,3,4,2.0,3.0,2.0,8.39816762041011,0.2834461651774293,233,9.970457796852648,0.06932105388650453
26,0,Travel_Rarely,Sales,17,3,Medical,1338,Female,2,Manager,Married,57690,1.0,19,0,5.0,4,5,4,3,2,3,3.0,2.0,2.0,7.685123587570622,0.28502212383074754,236,9.984604519774011,0.08578324718515834
58,1,Travel_Rarely,Sales,2,2,Medical,1339,Female,1,Research Scientist,Married,43850,1.0,13,1,40.0,2,40,15,6,2,3,4.0,4.0,2.0,7.548068613485281,0.29442309830922325,234,9.949786324786325,0.06879704522944866
19,1,Travel_Rarely,Research & Development,5,2,Life Sciences,1340,Male,1,Manager,Single,53320,1.0,23,1,0.0,2,0,0,0,3,4,4.0,3.0,2.0,9.363881915388191,0.3150832938369132,239,9.961436541143653,0.07949050470955472
22,0,Travel_Rarely,Sales,29,4,Technical Degree,1341,Male,1,Sales Executive,Married,46630,0.0,13,1,3.0,1,2,2,1,3,3,3.0,4.0,3.0,6.379811676082863,0.2995897343141619,236,9.984675141242937,0.07990481127539359
49,0,Travel_Rarely,Research & Development,2,3,Life Sciences,1342,Female,1,Sales Executive,Married,47240,1.0,11,1,16.0,3,15,5,11,2,3,3.0,1.0,2.0,7.194425925925926,0.28343211018588277,240,9.960208333333332,0.09356690202231516
43,0,Travel_Frequently,Sales,2,2,Life Sciences,1343,Male,1,Sales Executive,Single,32110,4.0,13,0,18.0,2,3,1,2,4,3,2.0,3.0,3.0,7.978614703065134,0.2951487516170069,232,10.014655172413791,0.0780358594151698
50,0,Travel_Frequently,Research & Development,19,4,Life Sciences,1344,Male,2,Sales Executive,Single,53770,4.0,14,1,16.0,3,2,2,1,4,3,3.0,4.0,3.0,7.080387029288703,0.3039513417334478,239,9.974476987447698,0.09217963894065304
31,1,Travel_Rarely,Research & Development,15,1,Medical,1345,Female,2,Sales Executive,Married,40660,3.0,22,0,4.0,2,2,2,2,2,4,2.0,3.0,3.0,8.406022675736962,0.28626936109297973,245,10.011088435374148,0.07202932047135797
41,0,Travel_Rarely,Research & Development,17,2,Other,1346,Male,1,Manufacturing Director,Divorced,52080,3.0,11,3,12.0,2,9,0,7,1,3,3.0,3.0,3.0,8.118852498786996,0.30224727412157154,229,9.990393013100437,0.07764121913225565
26,0,Travel_Rarely,Research & Development,17,4,Life Sciences,1347,Male,2,Sales Executive,Married,48770,1.0,13,1,8.0,5,8,5,7,4,3,3.0,3.0,3.0,7.950108543417367,0.30982789843069497,238,10.007843137254902,0.07453503764374945
36,0,Travel_Rarely,Human Resources,25,1,Human Resources,1348,Male,2,Research Scientist,Divorced,31170,6.0,21,1,7.0,2,3,0,1,4,4,2.0,2.0,3.0,6.7990124764595095,0.30616531909229444,236,9.983333333333333,0.0816028368794326
51,1,Travel_Frequently,Research & Development,6,3,Life Sciences,1349,Female,1,Manager,Single,15690,2.0,11,0,18.0,2,4,0,3,4,3,1.0,4.0,3.0,7.189976851851852,0.30914322933016086,240,10.013333333333332,0.08519339841933987
39,0,Travel_Rarely,Research & Development,7,3,Life Sciences,1350,Female,1,Research Scientist,Married,196580,4.0,13,1,17.0,3,15,5,9,4,3,4.0,3.0,4.0,7.877014739229025,0.3061535723097602,245,10.023605442176871,0.08772943385004286
25,0,Travel_Rarely,Sales,29,1,Medical,1351,Female,3,Research Scientist,Married,30690,2.0,14,1,6.0,3,2,2,2,2,3,1.0,3.0,3.0,7.793299199623353,0.30837657217983594,236,9.997316384180792,0.07492893777296956
30,0,Travel_Rarely,Research & Development,21,1,Medical,1352,Male,2,Laboratory Technician,Married,104350,0.0,11,0,12.0,5,11,4,7,3,3,3.0,4.0,1.0,9.995206830206829,0.28119807323512835,231,10.001803751803752,0.0812056695317564
32,1,Travel_Rarely,Research & Development,2,4,Life Sciences,1353,Female,2,Research Director,Single,41480,7.0,15,0,10.0,0,5,0,4,2,3,1.0,1.0,4.0,7.901718319559229,0.3094362667558942,242,10.02548209366391,0.08150103448670028
45,0,Travel_Rarely,Research & Development,2,1,Technical Degree,1354,Female,2,Healthcare Representative,Single,57680,5.0,23,1,9.0,4,6,0,3,3,4,3.0,4.0,2.0,7.374128019323671,0.295109154421808,230,9.999347826086955,0.07830258106027063
38,0,Travel_Rarely,Research & Development,7,4,Life Sciences,1355,Female,2,Research Director,Single,50420,3.0,16,1,19.0,4,3,2,2,3,3,4.0,3.0,3.0,10.415906729900632,0.28699435790931904,246,9.947357723577236,0.06580364747525023
30,0,Travel_Rarely,Sales,13,3,Marketing,1356,Female,2,Laboratory Technician,Single,57700,1.0,16,1,5.0,2,5,0,4,4,3,1.0,3.0,2.0,6.6802943262411345,0.2773697805956469,235,10.03822695035461,0.07801132529146713
32,0,Travel_Frequently,Sales,2,3,Marketing,1357,Male,3,Laboratory Technician,Divorced,77560,0.0,21,0,9.0,3,8,0,7,3,4,4.0,4.0,4.0,6.505978561549101,0.3022295910966785,241,10.017081604426004,0.07876834562778545
30,0,Travel_Rarely,Research & Development,1,3,Medical,1358,Female,3,Sales Executive,Divorced,103060,5.0,13,0,8.0,5,3,2,2,3,3,4.0,1.0,3.0,6.72096978557505,0.31434983794267135,228,10.01016081871345,0.08514715953491167
30,0,Travel_Rarely,Sales,9,3,Medical,1359,Male,2,Research Scientist,Single,39360,0.0,11,1,6.0,3,5,1,2,3,3,2.0,4.0,3.0,6.3940155945419095,0.30064852162748784,228,9.987134502923976,0.07766292260263975
41,0,Travel_Frequently,Sales,10,2,Medical,1360,Female,3,Manufacturing Director,Divorced,79450,4.0,12,1,21.0,6,7,7,7,2,3,4.0,1.0,2.0,7.318976124885217,0.29363680486055044,242,9.981887052341598,0.06913229332175017
41,0,Travel_Rarely,Research & Development,10,4,Medical,1361,Male,4,Research Scientist,Married,57430,2.0,12,3,7.0,2,5,1,4,4,3,3.0,1.0,3.0,8.016141843971631,0.28338293697601197,235,9.972553191489363,0.0608020953304641
19,0,Travel_Rarely,Research & Development,1,3,Other,1362,Female,5,Manufacturing Director,Single,152020,1.0,18,3,1.0,2,1,0,0,2,3,2.0,2.0,3.0,6.3800137741046825,0.2782226263959963,242,9.975137741046833,0.07352061257615768
40,0,Travel_Frequently,Research & Development,26,4,Medical,1363,Male,2,Manufacturing Director,Divorced,54400,1.0,12,1,20.0,2,20,2,13,3,3,2.0,2.0,3.0,7.003960769980506,0.3056482348056561,228,10.003581871345029,0.06552676125580718
35,0,Travel_Rarely,Sales,8,1,Marketing,1364,Female,3,Laboratory Technician,Married,37600,1.0,14,3,10.0,2,10,0,6,3,3,3.0,2.0,3.0,7.395136494252873,0.30255441407304073,232,9.979813218390804,0.0815111241727622
53,0,Travel_Rarely,Sales,14,2,Life Sciences,1365,Female,5,Manufacturing Director,Married,35170,2.0,12,1,13.0,1,7,4,5,2,3,2.0,3.0,1.0,10.893168103448275,0.2991229061075354,232,10.004813218390805,0.08483844500008299
45,0,Travel_Rarely,Sales,1,4,Technical Degree,1366,Male,1,Research Scientist,Divorced,25800,8.0,17,3,20.0,3,17,0,15,3,3,2.0,2.0,1.0,6.79074154589372,0.31009315297276874,230,9.990869565217391,0.0692733793219839
32,0,Travel_Frequently,Sales,2,2,Life Sciences,1367,Female,1,Manufacturing Director,Single,21660,1.0,19,1,9.0,4,9,3,7,1,3,2.0,4.0,3.0,7.907401891252955,0.3010413736935749,235,10.004893617021276,0.07196669091349946
29,0,Non-Travel,Research & Development,10,4,Technical Degree,1368,Male,3,Healthcare Representative,Married,58690,1.0,11,1,10.0,6,10,0,9,4,3,4.0,3.0,3.0,6.09657368173258,0.30740513952113313,236,10.007132768361583,0.09233306787674807
51,0,Travel_Rarely,Research & Development,1,3,Other,1369,Female,3,Research Director,Married,80080,2.0,15,1,10.0,4,1,0,0,3,3,2.0,3.0,3.0,7.573564814814815,0.31652893341075633,246,10.005623306233064,0.07647958722784513
58,0,Travel_Rarely,Sales,3,3,Marketing,1370,Female,1,Research Scientist,Married,52060,4.0,11,3,9.0,4,1,0,0,1,3,2.0,2.0,2.0,9.988622402890694,0.3043633200801248,246,10.005826558265582,0.07617906457976142
40,0,Travel_Rarely,Research & Development,11,2,Technical Degree,1371,Male,4,Laboratory Technician,Married,52950,7.0,18,0,15.0,4,12,2,11,3,3,3.0,4.0,2.0,6.195923489278752,0.3108295381098613,228,10.024780701754386,0.0735205096993586
34,0,Travel_Frequently,Sales,24,4,Marketing,1372,Male,2,Manufacturing Director,Married,164130,6.0,16,0,6.0,1,4,1,2,3,3,3.0,3.0,3.0,6.977579022988506,0.2738109550060683,232,10.001652298850574,0.06959442018709262
22,0,Travel_Rarely,Research & Development,3,3,Medical,1373,Male,1,Laboratory Technician,Married,132690,1.0,25,1,2.0,2,2,2,2,3,4,3.0,4.0,3.0,7.677799497027892,0.27849104563152494,243,9.997599451303154,0.07991042108326057
27,0,Non-Travel,Research & Development,3,3,Medical,1374,Male,1,Healthcare Representative,Divorced,27830,6.0,16,1,6.0,2,2,2,2,4,3,4.0,2.0,1.0,6.300498366013072,0.30408125815153625,238,10.013935574229691,0.07785819179992677
28,0,Travel_Rarely,Sales,4,4,Life Sciences,1375,Male,2,Healthcare Representative,Married,54330,1.0,13,1,5.0,4,5,0,2,2,3,3.0,4.0,1.0,6.532742905242905,0.2903713388266926,231,9.966810966810968,0.07162316749273269
57,0,Travel_Rarely,Research & Development,3,3,Life Sciences,1376,Male,2,Manufacturing Director,Divorced,20130,3.0,14,1,12.0,5,5,1,4,3,3,3.0,4.0,1.0,10.874485094850947,0.3056642811775097,246,9.97018970189702,0.08366100695020552
27,0,Non-Travel,Research & Development,2,3,Life Sciences,1377,Male,1,Manufacturing Director,Divorced,139660,1.0,19,0,1.0,1,1,0,1,3,3,3.0,3.0,2.0,10.614749657064472,0.30913989986783685,243,9.978052126200275,0.07331795319449641
50,0,Travel_Rarely,Research & Development,4,3,Life Sciences,1378,Female,2,Manufacturing Director,Single,43740,3.0,15,1,21.0,5,5,4,4,4,3,3.0,2.0,3.0,6.208623032904149,0.2918361425900482,233,9.984763948497854,0.07535713992074061
41,0,Travel_Rarely,Sales,7,4,Marketing,1379,Male,4,Laboratory Technician,Divorced,68420,4.0,12,1,13.0,3,9,1,8,3,3,1.0,3.0,3.0,6.187160894660894,0.28417551479432873,231,9.936075036075037,0.07501177405525235
30,0,Travel_Rarely,Human Resources,1,4,Human Resources,1380,Female,1,Manager,Married,174260,2.0,12,1,12.0,0,10,7,4,2,3,2.0,4.0,3.0,6.9091439176245215,0.30386943360149055,232,9.980603448275861,0.0717289272030652
38,0,Travel_Rarely,Sales,1,1,Medical,1381,Male,2,Laboratory Technician,Single,176030,4.0,16,0,12.0,0,8,0,7,2,3,1.0,4.0,4.0,6.323777777777778,0.3144503296859644,235,10.003333333333336,0.08301946818613486
32,0,Travel_Rarely,Research & Development,20,3,Medical,1382,Female,1,Manufacturing Director,Single,45810,3.0,14,1,8.0,3,5,1,4,3,3,3.0,3.0,3.0,6.933930795019157,0.3025134583943267,232,9.979597701149427,0.08777097742614982
27,0,Travel_Rarely,Research & Development,5,4,Medical,1383,Male,2,Healthcare Representative,Married,47350,0.0,13,0,6.0,2,5,1,1,3,3,3.0,2.0,2.0,8.884953703703705,0.2802168090164652,234,9.942948717948719,0.08596699497450576
19,1,Travel_Frequently,Research & Development,10,2,Life Sciences,1384,Male,2,Healthcare Representative,Single,41870,0.0,22,1,1.0,4,0,0,0,3,4,3.0,1.0,4.0,7.5101751207729475,0.3087582155397587,230,9.989202898550724,0.08213546083581204
36,0,Travel_Frequently,Sales,25,3,Marketing,1385,Female,2,Research Director,Single,55050,4.0,21,2,13.0,3,8,7,2,3,4,4.0,2.0,2.0,7.406964798850575,0.3204503609929833,232,9.983405172413795,0.07265391497072529
30,0,Non-Travel,Sales,1,3,Medical,1386,Female,1,Sales Executive,Divorced,54700,1.0,18,1,12.0,2,12,6,10,3,3,3.0,1.0,3.0,6.809022458628843,0.27507992393775327,235,10.010212765957448,0.06936343981734044
45,0,Travel_Rarely,Research & Development,24,2,Medical,1387,Male,2,Sales Executive,Divorced,54760,4.0,13,1,9.0,3,5,0,3,3,3,3.0,1.0,4.0,8.125163328564616,0.30417973325121456,233,9.987768240343346,0.07897449969578875
56,0,Travel_Rarely,Research & Development,4,3,Life Sciences,1388,Male,4,Manager,Divorced,25870,4.0,12,0,19.0,2,2,2,2,2,3,3.0,1.0,3.0,8.283279826958104,0.27629945897738356,244,9.98879781420765,0.07178071615432467
33,0,Travel_Rarely,Research & Development,2,2,Medical,1389,Male,1,Sales Executive,Single,24400,0.0,18,3,4.0,4,3,0,2,3,3,3.0,4.0,4.0,6.7899182299182295,0.30273222964511576,231,9.983261183261183,0.08369443921617832
19,1,Travel_Rarely,Research & Development,8,2,Life Sciences,1390,Male,2,Sales Executive,Single,159720,1.0,21,0,1.0,2,1,1,0,3,4,2.0,4.0,2.0,7.208066378066378,0.30403283880590937,231,10.009884559884561,0.07741032477988997
46,0,Travel_Rarely,Research & Development,10,3,Technical Degree,1391,Female,2,Laboratory Technician,Divorced,153790,1.0,12,0,24.0,1,24,15,7,1,3,2.0,1.0,3.0,6.921690307328605,0.3113492118456024,235,9.995957446808509,0.07265571518053798
38,0,Travel_Rarely,Sales,4,4,Life Sciences,1392,Male,1,Manufacturing Director,Single,70820,1.0,14,0,2.0,3,2,2,1,4,3,3.0,4.0,3.0,7.930844955834496,0.3081985849169904,239,9.982496513249652,0.07489425477303889
31,0,Travel_Rarely,Sales,2,5,Life Sciences,1393,Male,2,Sales Representative,Married,27280,8.0,11,0,7.0,3,4,0,2,4,3,3.0,4.0,3.0,10.362566807313643,0.30333418122692324,237,9.967229254571027,0.08141211153225744
34,0,Travel_Rarely,Sales,9,3,Marketing,1394,Female,2,Manager,Single,53680,2.0,14,1,9.0,2,3,1,2,3,3,4.0,2.0,3.0,6.247778935185185,0.2842955665278148,240,10.022152777777778,0.06466410487370217
41,1,Travel_Rarely,Research & Development,18,4,Life Sciences,1395,Male,5,Laboratory Technician,Single,53470,1.0,24,1,4.0,1,4,0,2,3,4,2.0,2.0,2.0,10.12015759637188,0.3003705842798099,245,9.994965986394558,0.0786107114977138
50,0,Travel_Rarely,Sales,19,4,Marketing,1396,Male,3,Sales Executive,Married,31950,2.0,11,0,5.0,4,3,0,2,2,3,3.0,3.0,2.0,6.78049154589372,0.29342236460204213,230,9.971521739130434,0.08699112397949499
53,0,Travel_Rarely,Sales,1,2,Life Sciences,1397,Male,1,Manager,Divorced,39890,1.0,13,0,5.0,2,4,1,3,3,3,4.0,1.0,3.0,6.116384220354808,0.30099504738238275,238,9.96918767507003,0.0637887419384069
33,0,Travel_Rarely,Research & Development,4,3,Life Sciences,1398,Male,1,Human Resources,Married,33060,1.0,11,3,8.0,6,8,1,6,1,3,4.0,2.0,3.0,7.521757369614513,0.3226447201237528,245,10.015918367346941,0.07644638675142182
40,0,Travel_Rarely,Research & Development,11,3,Life Sciences,1399,Female,2,Sales Executive,Married,70050,1.0,20,2,21.0,2,20,9,9,3,4,4.0,3.0,3.0,6.206365348399246,0.3049989236294424,236,10.00593220338983,0.08967151500581001
55,0,Travel_Rarely,Research & Development,6,1,Life Sciences,1400,Female,2,Laboratory Technician,Single,26550,8.0,17,0,36.0,0,24,2,15,2,3,3.0,2.0,3.0,6.105050827423168,0.3096727371431122,235,10.010141843971631,0.08818136630902576
34,0,Travel_Frequently,Human Resources,7,4,Other,1401,Female,1,Research Scientist,Married,13930,1.0,11,2,10.0,4,10,1,9,4,3,4.0,3.0,2.0,6.80057391091532,0.2899879853705936,227,9.976138032305432,0.08210630731312192
51,0,Travel_Rarely,Human Resources,4,2,Human Resources,1402,Male,2,Sales Representative,Single,25700,3.0,18,0,21.0,2,7,1,0,3,3,4.0,2.0,3.0,7.393497365900383,0.28491257207735327,232,9.989008620689654,0.07609199030535235
52,0,Travel_Rarely,Research & Development,2,4,Medical,1403,Female,2,Sales Representative,Married,35370,0.0,11,1,34.0,3,33,11,9,3,3,3.0,3.0,3.0,6.301128167641326,0.3107979548171243,228,9.972660818713448,0.07875245811543047
27,0,Travel_Rarely,Sales,15,3,Marketing,1404,Male,1,Research Scientist,Single,39860,1.0,12,2,7.0,3,7,0,3,3,3,4.0,2.0,2.0,7.527982580037665,0.2940390367272213,236,9.976483050847456,0.0923961363545297
35,1,Travel_Rarely,Research & Development,2,4,Life Sciences,1405,Female,2,Research Director,Married,108830,3.0,12,0,8.0,3,1,0,1,4,3,2.0,3.0,3.0,8.994780334728036,0.27455321292989676,239,9.99783821478382,0.08691057315534303
43,0,Non-Travel,Research & Development,6,2,Medical,1406,Male,1,Healthcare Representative,Divorced,20280,4.0,20,1,7.0,2,5,2,2,2,4,4.0,4.0,4.0,8.013822362278244,0.2937675610060509,238,9.956932773109244,0.0804522026813538
45,0,Non-Travel,Research & Development,9,2,Medical,1407,Female,1,Sales Executive,Married,95250,9.0,19,0,22.0,3,20,11,8,3,3,1.0,4.0,3.0,6.181097709551658,0.28757694002486167,228,9.980555555555556,0.07846997878936199
37,0,Travel_Rarely,Research & Development,7,3,Life Sciences,1408,Female,1,Research Scientist,Married,29290,1.0,12,0,8.0,2,8,1,7,1,3,2.0,1.0,3.0,10.127794117647058,0.2936342642656913,238,9.990546218487395,0.0671008255622924
35,0,Travel_Frequently,Research & Development,1,3,Other,1409,Male,2,Research Director,Single,22750,5.0,13,0,10.0,2,6,1,2,4,3,2.0,2.0,3.0,6.092942746239689,0.3047532535936943,229,10.00778748180495,0.07711623339036586
42,0,Non-Travel,Research & Development,1,1,Technical Degree,1410,Male,2,Sales Executive,Divorced,78790,2.0,11,1,11.0,2,5,0,2,3,3,3.0,3.0,3.0,6.402202729044833,0.3385384718474166,228,9.99605263157895,0.07932845145168367
38,0,Travel_Rarely,Sales,8,2,Marketing,1411,Male,5,Research Scientist,Married,49300,9.0,14,0,14.0,0,1,0,0,3,3,4.0,3.0,3.0,6.292136184857424,0.31337074918808616,226,9.979793510324484,0.08128864853053644
38,0,Travel_Rarely,Human Resources,25,1,Human Resources,1412,Female,1,Manufacturing Director,Married,78470,3.0,14,1,9.0,3,7,1,7,4,3,4.0,4.0,1.0,7.263687819618782,0.29561967061745725,239,9.981241283124128,0.060707556383780746
27,0,Travel_Frequently,Research & Development,13,4,Medical,1413,Male,1,Manager,Married,44010,5.0,13,0,6.0,4,2,2,0,2,3,3.0,1.0,3.0,6.517461519961519,0.3291979996742072,231,9.971428571428573,0.07629365079365076
49,0,Non-Travel,Research & Development,23,1,Other,1414,Female,2,Sales Executive,Divorced,92410,1.0,19,1,7.0,5,7,1,7,3,3,4.0,4.0,3.0,9.593414634146342,0.2850975690437622,246,10.008536585365851,0.08020347325922243
34,0,Travel_Frequently,Research & Development,7,2,Medical,1415,Male,4,Sales Representative,Divorced,29740,1.0,23,0,5.0,2,5,2,0,3,4,4.0,3.0,4.0,10.511366139846743,0.2797118010141363,232,10.004094827586206,0.08234366966048
40,0,Travel_Rarely,Research & Development,23,3,Medical,1416,Female,1,Laboratory Technician,Married,45020,8.0,12,2,15.0,0,7,3,7,2,3,3.0,4.0,4.0,10.400718471636194,0.32116337930699146,237,9.996554149085794,0.07851797222023578
38,1,Travel_Rarely,Sales,6,4,Life Sciences,1417,Female,3,Research Scientist,Married,107480,7.0,15,0,17.0,3,1,0,0,3,3,2.0,1.0,3.0,8.36960401891253,0.31216996154655574,235,9.996737588652483,0.0656540785193267
29,1,Travel_Rarely,Sales,10,2,Life Sciences,1418,Female,2,Research Scientist,Married,15550,1.0,19,2,10.0,2,10,1,9,3,3,2.0,4.0,2.0,6.706100780532599,0.3022974916488771,242,9.990909090909092,0.07022360534808667
22,0,Travel_Rarely,Research & Development,1,3,Life Sciences,1419,Female,4,Healthcare Representative,Divorced,129360,1.0,11,2,4.0,3,4,2,2,3,3,4.0,2.0,2.0,8.528221064814817,0.29194355246081244,240,9.962569444444446,0.07785506256779795
36,0,Travel_Frequently,Research & Development,1,3,Life Sciences,1420,Female,2,Laboratory Technician,Single,23050,1.0,17,0,8.0,3,8,1,7,3,3,2.0,4.0,3.0,7.500751563251563,0.3022803175186791,231,9.970634920634922,0.07638635840809743
40,0,Non-Travel,Research & Development,28,2,Life Sciences,1421,Male,1,Manufacturing Director,Married,167040,9.0,22,0,5.0,2,3,0,2,4,4,4.0,4.0,1.0,6.091838741396264,0.2873861671670897,226,10.002064896755162,0.07026732218944613
46,0,Travel_Rarely,Research & Development,25,1,Medical,1422,Male,5,Research Scientist,Divorced,34330,7.0,18,0,17.0,3,4,0,3,3,3,4.0,1.0,3.0,5.985083697234352,0.28508251119794636,229,9.975691411935953,0.07703076985282223
32,1,Travel_Rarely,Research & Development,5,3,Medical,1423,Male,1,Healthcare Representative,Married,34770,1.0,11,0,14.0,2,14,9,8,4,3,4.0,4.0,2.0,7.782491795593062,0.30667603196740173,237,9.995428973277074,0.08086060851669087
30,0,Non-Travel,Research & Development,17,4,Life Sciences,1424,Male,2,Healthcare Representative,Single,64300,1.0,12,1,12.0,2,11,5,8,2,3,3.0,3.0,3.0,7.985305907172996,0.2831986460094697,237,10.001898734177214,0.0802776883835133
27,0,Travel_Frequently,Research & Development,18,2,Medical,1425,Female,1,Laboratory Technician,Single,65160,1.0,19,1,7.0,4,7,0,7,3,3,4.0,3.0,3.0,6.198006607929515,0.3242694817861015,227,10.002202643171806,0.07794006298216667
51,0,Travel_Rarely,Research & Development,2,1,Medical,1426,Female,1,Manufacturing Director,Married,39070,5.0,13,0,16.0,2,10,4,7,3,3,2.0,2.0,1.0,6.702637130801688,0.2796415424722681,237,9.993319268635723,0.07912773049814455
30,1,Travel_Rarely,Research & Development,10,4,Life Sciences,1427,Female,2,Research Scientist,Single,55620,5.0,13,0,8.0,3,5,0,4,2,3,4.0,1.0,3.0,8.525496376811594,0.314775180707134,230,10.026304347826088,0.08047803409066931
41,0,Travel_Rarely,Research & Development,1,3,Life Sciences,1428,Male,2,Human Resources,Single,68830,3.0,19,2,16.0,3,1,0,0,2,3,4.0,4.0,3.0,9.09039870689655,0.30624360801506856,232,9.997413793103446,0.0722780348642418
30,1,Travel_Frequently,Sales,3,2,Medical,1429,Male,2,Healthcare Representative,Single,28620,5.0,14,0,9.0,2,6,0,1,2,3,3.0,1.0,2.0,7.008028017241379,0.27268576646006687,232,9.989942528735634,0.07645204093479958
29,1,Travel_Rarely,Research & Development,2,3,Life Sciences,1430,Male,1,Sales Executive,Single,49780,0.0,13,0,7.0,3,6,1,5,2,3,3.0,3.0,2.0,7.785265046296297,0.2837975411754627,240,9.988680555555558,0.08929137126142869
45,0,Non-Travel,Research & Development,2,3,Medical,1431,Female,2,Research Scientist,Single,103680,6.0,12,2,23.0,2,19,12,8,3,3,4.0,4.0,3.0,6.593532265890344,0.31540381019398833,229,9.99650655021834,0.07847458438673106
54,0,Travel_Rarely,Sales,8,2,Marketing,1432,Female,2,Laboratory Technician,Married,61340,2.0,19,0,16.0,2,6,0,5,2,3,4.0,1.0,3.0,6.422204184704185,0.2856602657849482,231,9.977417027417028,0.07143585963151174
36,0,Travel_Rarely,Research & Development,16,4,Life Sciences,1433,Male,1,Healthcare Representative,Single,67350,8.0,25,2,16.0,3,13,3,7,2,4,4.0,2.0,4.0,7.587336734693878,0.3102554605000654,245,10.007142857142858,0.08860428051001834
33,0,Travel_Rarely,Sales,9,1,Other,1434,Female,3,Sales Executive,Married,32950,6.0,22,2,7.0,2,3,1,1,3,4,3.0,2.0,3.0,7.494024334251607,0.26492596829964055,242,10.005578512396694,0.0642967824224897
37,0,Travel_Frequently,Sales,2,4,Life Sciences,1435,Male,2,Laboratory Technician,Divorced,52380,1.0,15,1,10.0,5,10,0,7,3,3,2.0,4.0,3.0,10.134707175925929,0.2930896054654799,240,9.988750000000001,0.06247169920966996
38,0,Travel_Rarely,Research & Development,1,2,Medical,1436,Male,4,Laboratory Technician,Divorced,64720,0.0,12,0,17.0,4,16,5,13,3,3,1.0,3.0,2.0,6.884387219837864,0.31522236615335486,233,9.999856938483546,0.0781537150773683
31,0,Non-Travel,Sales,4,1,Medical,1437,Female,3,Research Scientist,Married,96100,0.0,11,1,6.0,2,5,1,4,2,3,3.0,3.0,3.0,5.994058070416095,0.300509437759801,243,9.992181069958848,0.07972970445192673
59,0,Travel_Rarely,Research & Development,5,3,Life Sciences,1438,Female,3,Manager,Married,198330,3.0,13,0,7.0,2,1,0,0,3,3,3.0,4.0,3.0,6.183065972222223,0.2911974722618271,240,10.007222222222223,0.06747667751433443
37,0,Travel_Frequently,Sales,2,3,Marketing,1439,Female,2,Laboratory Technician,Divorced,97560,4.0,19,0,13.0,2,9,5,8,3,3,1.0,4.0,3.0,6.95293388429752,0.2648302043384877,242,9.996556473829202,0.07371100670987507
29,0,Travel_Frequently,Sales,15,4,Medical,1440,Female,1,Sales Executive,Married,49680,1.0,19,3,11.0,4,11,4,1,3,3,2.0,4.0,3.0,6.316933940242763,0.2824518698674676,238,9.979271708683473,0.0840973576491075
35,0,Travel_Frequently,Research & Development,19,3,Life Sciences,1441,Female,1,Sales Executive,Single,21450,1.0,13,0,10.0,6,10,0,8,2,3,3.0,3.0,4.0,5.994657943067034,0.307385400162058,242,10.007300275482095,0.06870858719217825
29,1,Travel_Rarely,Research & Development,7,1,Life Sciences,1442,Female,1,Research Scientist,Single,21800,1.0,21,0,4.0,2,4,0,1,3,4,3.0,4.0,2.0,8.353527429102742,0.30658918432585525,239,9.998953974895397,0.0756489946048155
52,0,Travel_Rarely,Research & Development,1,2,Medical,1443,Female,4,Manager,Single,83460,7.0,14,0,6.0,5,2,2,2,3,3,3.0,4.0,2.0,7.406395862389586,0.30597134400960835,239,10.006485355648536,0.0850919837949126
42,0,Travel_Rarely,Research & Development,7,4,Life Sciences,1444,Female,2,Sales Executive,Married,34450,1.0,11,2,22.0,2,22,11,15,3,3,3.0,4.0,3.0,6.369136989553656,0.2834864299326316,234,9.996153846153847,0.07293459520927338
59,0,Travel_Rarely,Research & Development,4,4,Technical Degree,1445,Male,1,Healthcare Representative,Married,27600,8.0,11,0,7.0,3,2,2,2,4,3,2.0,3.0,2.0,6.719878547378548,0.3061341671572599,231,9.980303030303029,0.08594729907773387
50,0,Travel_Rarely,Research & Development,11,2,Life Sciences,1446,Male,2,Sales Executive,Divorced,62940,3.0,23,1,32.0,2,7,0,6,4,4,4.0,4.0,2.0,7.7046108716475095,0.29598837624789737,232,10.00912356321839,0.07523987307392471
33,1,Travel_Rarely,Sales,11,4,Marketing,1447,Male,1,Research Scientist,Married,71400,5.0,21,0,8.0,2,5,0,4,2,4,3.0,4.0,1.0,10.884872534872533,0.2942918683163845,231,10.008152958152957,0.08349724993203265
43,0,Travel_Rarely,Sales,1,3,Marketing,1448,Female,2,Manufacturing Director,Married,29320,5.0,24,0,22.0,3,17,1,9,3,4,4.0,4.0,3.0,9.28738625478927,0.32758086821654697,232,9.953017241379312,0.06840596025940855
33,1,Travel_Rarely,Sales,1,3,Life Sciences,1449,Male,2,Manager,Married,51470,7.0,11,0,13.0,2,9,1,7,3,3,1.0,1.0,4.0,7.099097222222222,0.2969411751223314,240,9.972708333333335,0.06764233205485827
52,0,Non-Travel,Research & Development,2,3,Technical Degree,1450,Male,1,Sales Executive,Single,45070,1.0,14,0,33.0,3,33,15,12,2,3,1.0,3.0,4.0,8.798592278719397,0.29717133018887854,236,9.948163841807908,0.07711008935368845
32,0,Travel_Rarely,Human Resources,13,4,Life Sciences,1451,Female,3,Manufacturing Director,Married,85640,2.0,16,1,6.0,2,4,1,2,2,3,3.0,2.0,3.0,7.99284693877551,0.3270092396578752,245,10.0065306122449,0.08513932567562552
32,1,Travel_Rarely,Sales,23,1,Life Sciences,1452,Male,3,Healthcare Representative,Single,24680,0.0,11,0,4.0,2,3,1,2,3,3,4.0,3.0,1.0,10.195875000000001,0.29373572010510496,240,10.001111111111111,0.07154455292112201
39,0,Travel_Rarely,Sales,26,4,Life Sciences,1453,Male,2,Research Director,Divorced,81610,7.0,12,1,7.0,2,3,1,2,4,3,3.0,3.0,3.0,6.318844537815126,0.3031517258395598,238,9.963095238095239,0.07047593932087608
32,0,Non-Travel,Sales,2,4,Marketing,1454,Male,4,Research Scientist,Married,21090,0.0,13,1,4.0,3,3,2,2,2,3,3.0,4.0,3.0,6.236712962962963,0.2649763612473849,240,9.998750000000001,0.06760187122268713
41,0,Travel_Rarely,Sales,29,3,Life Sciences,1455,Female,2,Laboratory Technician,Divorced,52940,2.0,15,0,17.0,3,1,0,0,2,3,3.0,1.0,2.0,6.114475308641976,0.2869238636650062,243,10.000205761316872,0.08119945243682625
40,0,Travel_Rarely,Research & Development,2,3,Life Sciences,1456,Male,1,Manufacturing Director,Divorced,27180,1.0,14,1,9.0,4,9,4,7,2,3,1.0,4.0,3.0,7.430190179806362,0.30425099458530214,241,9.983264177040109,0.07646874519747963
45,0,Travel_Rarely,Research & Development,18,1,Life Sciences,1457,Female,2,Sales Representative,Married,58110,0.0,14,0,25.0,4,24,1,7,2,3,3.0,4.0,3.0,6.911509456264776,0.3119774779614549,235,9.97808510638298,0.07523824533753615
31,0,Travel_Frequently,Research & Development,7,4,Medical,1458,Male,1,Research Scientist,Divorced,24370,9.0,14,1,9.0,3,2,2,2,4,3,2.0,3.0,3.0,7.313733521657251,0.2934119560761687,236,9.975635593220339,0.08114262030692797
33,0,Travel_Rarely,Research & Development,2,4,Life Sciences,1459,Female,1,Sales Executive,Married,27660,1.0,12,1,2.0,2,2,0,2,3,3,3.0,4.0,2.0,6.78583455165692,0.27603658703115996,228,9.997222222222224,0.07607888725730126
34,0,Travel_Rarely,Research & Development,26,3,Other,1460,Female,1,Sales Executive,Married,190380,6.0,13,0,13.0,3,11,5,9,2,3,4.0,1.0,3.0,6.4319160756501175,0.2838728648567265,235,10.000070921985817,0.07468304338162499
37,0,Travel_Rarely,Research & Development,22,5,Medical,1461,Female,2,Manufacturing Director,Married,30550,2.0,14,3,17.0,3,3,0,2,3,3,3.0,1.0,2.0,7.563755935422602,0.2930354694106356,234,10.003632478632479,0.06695265214042041
45,0,Travel_Frequently,Sales,21,1,Marketing,1462,Male,3,Research Scientist,Married,22890,4.0,13,0,9.0,3,3,0,2,2,3,1.0,3.0,3.0,8.010291179337232,0.30871108920527845,228,10.010672514619884,0.07443527749869046
37,1,Travel_Frequently,Sales,2,3,Marketing,1463,Male,1,Laboratory Technician,Divorced,40010,6.0,11,1,17.0,2,1,0,0,3,3,1.0,3.0,3.0,7.120705868205868,0.30422286300589846,231,10.004978354978354,0.08122993914298257
39,0,Travel_Frequently,Research & Development,22,3,Medical,1464,Female,1,Manufacturing Director,Single,129650,0.0,19,1,20.0,2,19,11,8,3,3,3.0,3.0,3.0,7.3884734195402295,0.29768699753170613,232,10.022413793103448,0.07058250816871497
29,0,Travel_Rarely,Sales,4,3,Other,1465,Female,2,Human Resources,Single,35390,1.0,18,0,6.0,2,6,1,5,2,3,3.0,4.0,3.0,7.298881915388191,0.30375300259190313,239,9.98228730822873,0.08851780879715906
42,0,Travel_Rarely,Research & Development,5,4,Medical,1466,Female,1,Research Scientist,Single,60290,3.0,17,1,10.0,5,3,0,2,3,3,4.0,1.0,3.0,8.4856290174472,0.3049204940554833,242,9.99690082644628,0.07568076559636346
29,0,Travel_Rarely,Research & Development,2,4,Medical,1467,Male,1,Laboratory Technician,Divorced,26790,2.0,15,0,10.0,2,3,0,2,2,3,4.0,4.0,3.0,6.099508003766479,0.2989542547869763,236,10.002542372881358,0.06872164122290342
25,0,Travel_Rarely,Research & Development,25,2,Life Sciences,1468,Male,2,Sales Executive,Married,37020,0.0,20,0,5.0,4,4,1,2,3,4,1.0,3.0,3.0,7.696410608139003,0.3103443154324954,243,10.004869684499315,0.08150855732786147
42,0,Travel_Rarely,Sales,18,2,Medical,1469,Male,1,Laboratory Technician,Divorced,23980,0.0,14,1,10.0,2,9,7,8,2,3,4.0,3.0,3.0,9.51556007226739,0.322622980674087,246,9.962533875338751,0.06785699998156439
40,0,Travel_Rarely,Research & Development,28,3,Medical,1470,Male,2,Laboratory Technician,Divorced,54680,0.0,12,0,22.0,6,21,3,9,4,3,1.0,3.0,3.0,7.036408382066277,0.3089474394007995,228,10.014912280701754,0.07213836721024289
51,0,Travel_Rarely,Sales,6,2,Life Sciences,1471,Female,1,Healthcare Representative,Married,131160,1.0,11,0,1.0,6,1,0,0,3,3,3.0,4.0,3.0,7.409417024320457,0.2924151945826007,233,9.993490701001429,0.07864159390261945
31,1,Travel_Frequently,Research & Development,10,1,Life Sciences,1472,Female,1,Research Scientist,Single,41890,0.0,23,1,6.0,3,5,1,4,2,4,3.0,2.0,4.0,7.65803391053391,0.29763601979755766,231,9.986002886002884,0.07771385699646566
32,0,Travel_Frequently,Research & Development,17,4,Other,1473,Male,4,Sales Executive,Married,193280,1.0,15,3,5.0,2,5,0,3,3,3,2.0,2.0,1.0,6.987566851083449,0.30845658720689356,241,9.96957123098202,0.08553088020593203
38,0,Non-Travel,Research & Development,2,5,Life Sciences,1474,Male,3,Human Resources,Married,83210,3.0,11,3,13.0,5,8,7,5,2,3,4.0,4.0,3.0,7.204082491582492,0.2892520332232633,231,9.965584415584416,0.07450727774640811
32,0,Travel_Rarely,Research & Development,10,1,Medical,1475,Male,1,Sales Executive,Single,23420,4.0,12,2,9.0,2,6,0,4,3,3,4.0,1.0,3.0,8.00852013585638,0.3062462391621071,229,9.973653566229984,0.06373264553912683
46,0,Travel_Rarely,Research & Development,8,3,Life Sciences,1476,Female,4,Research Director,Married,40710,3.0,13,0,28.0,5,7,7,7,3,3,3.0,2.0,2.0,10.77499403910348,0.3039147531912366,233,9.99728183118741,0.0695304149606169
28,1,Travel_Rarely,Research & Development,11,2,Medical,1477,Male,2,Sales Executive,Single,58130,2.0,20,1,5.0,2,0,0,0,3,4,3.0,3.0,1.0,6.909532163742691,0.3089839156743744,228,9.960891812865496,0.08530301908098685
29,0,Travel_Rarely,Research & Development,18,3,Life Sciences,1478,Male,2,Sales Executive,Married,31430,2.0,22,3,10.0,2,0,0,0,3,4,1.0,2.0,3.0,6.717725035161744,0.2579247272605283,237,9.982981715893109,0.07934662725372868
31,0,Travel_Rarely,Research & Development,1,3,Life Sciences,1479,Male,3,Laboratory Technician,Married,20440,0.0,21,0,10.0,2,9,7,8,3,4,2.0,4.0,3.0,7.214617446393763,0.29866413407687453,228,9.98830409356725,0.07841375342418698
25,0,Non-Travel,Research & Development,7,4,Medical,1480,Female,4,Laboratory Technician,Divorced,134640,1.0,13,1,6.0,2,6,1,5,3,3,2.0,1.0,3.0,7.128381020505485,0.318997395172664,233,9.985693848354792,0.0872920572081627
45,0,Travel_Rarely,Research & Development,17,2,Medical,1481,Male,2,Laboratory Technician,Married,79910,0.0,13,2,21.0,2,20,4,10,2,3,3.0,4.0,3.0,8.398237922705313,0.29569906887132974,230,9.964347826086955,0.07547009682931463
36,0,Travel_Rarely,Research & Development,28,1,Life Sciences,1482,Male,1,Laboratory Technician,Married,33770,0.0,12,2,16.0,2,15,10,11,3,3,4.0,4.0,3.0,7.075151406771579,0.3103370354892764,233,9.991702432045779,0.07870001068850413
55,0,Travel_Rarely,Research & Development,14,4,Life Sciences,1483,Female,1,Sales Executive,Single,55380,0.0,17,0,37.0,2,36,4,13,3,3,4.0,1.0,3.0,9.295658137390504,0.3019131992871463,241,9.969986168741354,0.06972504610419546
47,1,Non-Travel,Research & Development,1,1,Medical,1484,Male,1,Research Scientist,Married,57620,1.0,11,2,10.0,4,10,9,9,2,3,1.0,2.0,2.0,9.44614095500459,0.29434315611655054,242,10.015151515151514,0.07075610880590122
28,0,Travel_Rarely,Research & Development,1,3,Life Sciences,1485,Male,1,Manufacturing Director,Married,25920,1.0,14,0,5.0,2,5,0,4,3,3,4.0,4.0,2.0,6.116240338164252,0.3086106581297487,230,9.975289855072463,0.08992652891167222
37,0,Travel_Rarely,Research & Development,1,3,Life Sciences,1486,Male,2,Healthcare Representative,Married,53460,4.0,11,0,7.0,2,5,0,1,3,3,3.0,4.0,4.0,6.704287837219937,0.30880216290387663,243,9.99705075445816,0.07097955801940084
21,0,Travel_Rarely,Research & Development,3,2,Life Sciences,1487,Male,1,Laboratory Technician,Single,42130,1.0,12,3,3.0,3,3,1,0,2,3,4.0,3.0,4.0,6.6049799905838045,0.3113292968958566,236,9.990254237288134,0.06922140080939211
37,0,Non-Travel,Research & Development,1,3,Medical,1488,Male,2,Sales Executive,Divorced,41270,2.0,13,1,15.0,2,5,0,2,3,3,1.0,4.0,3.0,11.019594467885607,0.29418236483639343,237,9.99493670886076,0.07659854823714507
35,0,Travel_Rarely,Sales,7,4,Life Sciences,1489,Male,1,Sales Representative,Divorced,24380,7.0,16,0,10.0,5,7,6,2,2,3,2.0,2.0,2.0,6.9847222222222225,0.3203799764460452,231,9.994660894660894,0.08295204634335065
38,0,Travel_Rarely,Research & Development,8,3,Life Sciences,1490,Female,1,Manager,Divorced,68700,1.0,11,1,8.0,5,8,7,7,3,3,1.0,1.0,3.0,9.286795224977043,0.31021939143590044,242,9.974173553719009,0.06579057740742013
26,0,Travel_Frequently,Research & Development,1,4,Other,1491,Male,2,Laboratory Technician,Divorced,104470,1.0,18,0,6.0,3,6,1,4,3,3,3.0,2.0,1.0,7.601738128169663,0.2966986118023343,241,9.997510373443982,0.07529238704472102
50,0,Travel_Rarely,Sales,8,4,Life Sciences,1492,Male,1,Research Scientist,Divorced,96670,3.0,23,0,28.0,2,10,1,6,2,4,1.0,2.0,2.0,5.97706712962963,0.28124847066600606,240,9.971319444444445,0.07838714067100572
53,0,Travel_Rarely,Research & Development,11,4,Life Sciences,1493,Female,2,Research Scientist,Married,21480,3.0,11,0,21.0,2,5,1,3,3,3,3.0,3.0,2.0,8.413626347866854,0.28701612932014253,237,9.988115330520394,0.06852694144477034
42,0,Travel_Rarely,Research & Development,4,4,Life Sciences,1494,Male,1,Manufacturing Director,Married,89260,1.0,14,0,20.0,4,20,11,6,1,3,2.0,3.0,3.0,6.788833333333334,0.2954546645625955,230,9.966449275362317,0.07009820580975891
29,0,Travel_Frequently,Research & Development,16,4,Medical,1495,Male,1,Laboratory Technician,Single,65130,1.0,11,1,10.0,2,10,0,9,3,3,2.0,4.0,2.0,7.06223611111111,0.2789634153971037,240,9.993472222222222,0.06790002711916943
55,0,Travel_Rarely,Research & Development,1,4,Other,1496,Female,1,Research Scientist,Married,67990,3.0,11,0,12.0,2,10,0,8,3,3,2.0,4.0,3.0,9.410524425287356,0.3132691608959395,232,10.015445402298853,0.07272216728035696
26,0,Travel_Frequently,Research & Development,9,3,Life Sciences,1497,Female,1,Manager,Married,162910,1.0,22,0,5.0,3,5,3,3,3,4,1.0,1.0,3.0,11.014791373652132,0.2905736471370361,237,9.978340365682138,0.07875203620269054
37,0,Travel_Rarely,Sales,5,1,Marketing,1498,Male,1,Research Scientist,Single,27050,1.0,11,0,17.0,2,17,5,7,3,3,4.0,4.0,3.0,7.629000953743443,0.328746289192235,233,9.967238912732476,0.08429325349842964
44,1,Travel_Frequently,Research & Development,1,2,Medical,1499,Male,2,Research Scientist,Divorced,103330,3.0,14,1,19.0,2,1,0,0,2,3,4.0,3.0,1.0,11.000575998076,0.29212281661237416,231,9.969696969696969,0.08041831357048741
38,0,Travel_Rarely,Sales,2,3,Marketing,1500,Female,1,Manager,Divorced,44480,9.0,12,0,10.0,3,2,1,2,2,3,4.0,4.0,3.0,6.820862029384757,0.2942595577320428,242,9.997658402203857,0.06915309260084825
26,1,Travel_Rarely,Research & Development,4,3,Medical,1501,Male,3,Research Scientist,Divorced,68540,2.0,11,0,5.0,5,3,0,2,2,3,1.0,2.0,3.0,10.109967811158796,0.2765925467633503,233,10.007868383404865,0.0761662699587259
28,0,Travel_Rarely,Research & Development,7,3,Other,1502,Male,1,Human Resources,Single,96370,1.0,13,0,5.0,6,5,0,2,2,3,4.0,4.0,3.0,6.702303051001821,0.28776187207016474,244,9.981967213114753,0.08549195319585924
49,0,Travel_Frequently,Research & Development,1,1,Medical,1503,Female,2,Research Scientist,Single,35910,9.0,13,0,22.0,2,3,1,2,3,3,3.0,1.0,3.0,10.487479338842974,0.28941158043135334,242,10.042286501377411,0.08079548788526535
36,0,Travel_Rarely,Sales,5,3,Technical Degree,1504,Male,3,Sales Executive,Single,54050,4.0,14,0,10.0,2,8,7,7,3,3,3.0,2.0,3.0,6.193597768073752,0.2980944646995904,229,9.993231441048033,0.07813502855878172
31,0,Travel_Frequently,Research & Development,9,4,Medical,1505,Male,1,Sales Executive,Divorced,46840,1.0,16,1,2.0,4,2,2,2,3,3,4.0,2.0,2.0,6.607998817966903,0.31988143455640444,235,10.003758865248228,0.07849601947828903
26,1,Travel_Rarely,Research & Development,8,3,Medical,1506,Male,2,Manager,Single,157870,1.0,12,2,8.0,5,8,7,4,3,3,4.0,4.0,3.0,10.260264282501126,0.3032390371858566,247,10.008704453441299,0.07900590281206452
37,0,Travel_Frequently,Sales,9,1,Marketing,1507,Male,1,Laboratory Technician,Married,15140,1.0,14,0,4.0,3,4,1,2,3,3,2.0,4.0,2.0,9.995476680384087,0.30576511482367175,243,9.980864197530865,0.07900902969084786
42,0,Travel_Frequently,Sales,2,2,Marketing,1508,Male,3,Research Director,Married,29560,5.0,13,0,23.0,2,20,4,8,3,3,3.0,2.0,4.0,5.992563025210084,0.28430645707003727,238,9.98998599439776,0.08685546159392028
18,1,Travel_Rarely,Research & Development,1,4,Life Sciences,1509,Male,1,Sales Executive,Single,23350,1.0,14,2,0.0,3,0,0,0,2,3,3.0,3.0,3.0,6.816210488505747,0.2771275610864331,232,10.011709770114942,0.07765329298734472
35,0,Travel_Rarely,Sales,20,2,Life Sciences,1510,Male,1,Laboratory Technician,Married,51540,0.0,19,0,12.0,2,11,6,9,2,3,3.0,2.0,2.0,7.720096982758621,0.30078676735043014,232,9.989870689655174,0.07767112317758865
36,0,Travel_Frequently,Research & Development,8,3,Other,1511,Female,3,Sales Executive,Married,69620,4.0,12,2,4.0,2,1,0,0,2,3,3.0,4.0,3.0,7.185832136015326,0.28945789379384934,232,9.990158045977012,0.07526466947803152
51,0,Travel_Rarely,Research & Development,2,3,Life Sciences,1512,Male,2,Laboratory Technician,Divorced,56750,5.0,13,0,13.0,2,4,1,2,2,3,4.0,2.0,3.0,7.571935990338164,0.3137555476222331,230,10.003260869565217,0.07288233339662048
41,0,Travel_Rarely,Research & Development,29,1,Life Sciences,1513,Male,1,Laboratory Technician,Single,23790,1.0,12,0,22.0,6,22,0,4,3,3,4.0,2.0,3.0,6.877735507246377,0.30244308076726184,230,9.998260869565216,0.07181404130540268
18,0,Travel_Rarely,Sales,7,3,Life Sciences,1514,Male,1,Research Scientist,Single,38120,1.0,15,0,0.0,3,0,0,0,3,3,4.0,3.0,3.0,6.9920576563958905,0.2983075924874045,238,9.963235294117647,0.07687636165577338
28,0,Travel_Rarely,Research & Development,9,3,Medical,1515,Male,1,Sales Representative,Single,46480,0.0,23,2,9.0,2,8,0,7,2,4,2.0,1.0,3.0,7.170924782807501,0.26155310659243486,243,9.978395061728396,0.08169727578818484
31,0,Travel_Rarely,Research & Development,8,1,Technical Degree,1516,Male,1,Manufacturing Director,Married,29360,4.0,12,1,10.0,2,8,7,7,3,3,2.0,4.0,2.0,7.164225083452551,0.3016990700710415,233,9.985336194563661,0.0700893620607435
39,0,Travel_Rarely,Sales,5,4,Marketing,1517,Female,2,Human Resources,Divorced,21050,0.0,20,0,19.0,3,18,3,7,3,4,3.0,4.0,2.0,7.603831417624521,0.30244674795713966,232,10.0128591954023,0.0843132422335009
32,0,Travel_Rarely,Sales,2,3,Marketing,1519,Male,2,Laboratory Technician,Married,27060,1.0,21,1,13.0,4,13,4,8,3,4,4.0,3.0,2.0,6.989849587578846,0.3167892591135283,229,9.987627365356623,0.0794100866552602
38,0,Travel_Rarely,Research & Development,5,2,Life Sciences,1520,Female,3,Research Scientist,Married,63840,3.0,19,2,19.0,4,10,0,1,2,3,1.0,2.0,3.0,6.903497307880568,0.3013818148798244,227,10.012701908957416,0.06250879324609393
58,0,Non-Travel,Research & Development,2,3,Life Sciences,1521,Male,2,Manufacturing Director,Divorced,39680,2.0,13,2,12.0,3,5,1,2,2,3,4.0,3.0,3.0,10.92023792780122,0.3214085554417157,237,10.014838255977496,0.07154560696719027
31,0,Travel_Rarely,Sales,7,4,Marketing,1523,Male,2,Sales Executive,Married,132250,3.0,21,1,9.0,2,2,1,0,3,4,1.0,1.0,3.0,6.793423095584667,0.3170002966632219,229,9.980713245997087,0.07094827072533343
45,0,Travel_Frequently,Research & Development,3,1,Medical,1524,Female,1,Sales Executive,Divorced,35400,1.0,13,0,24.0,6,24,9,11,3,3,1.0,1.0,3.0,7.290649678604224,0.32244801105314375,242,9.97279614325069,0.06798555624140312
31,0,Travel_Rarely,Sales,16,4,Marketing,1525,Female,2,Research Scientist,Divorced,28040,0.0,19,2,3.0,0,2,2,2,3,3,3.0,4.0,1.0,8.603252650991239,0.2892334459594709,241,10.001728907330564,0.08705371138773628
33,0,Travel_Frequently,Research & Development,9,3,Life Sciences,1526,Male,4,Research Director,Married,193920,6.0,12,1,12.0,3,10,8,8,3,3,4.0,2.0,3.0,6.794387464387465,0.29046135706884474,234,9.991452991452991,0.08206063607351159
39,0,Travel_Rarely,Sales,1,4,Life Sciences,1527,Male,1,Sales Executive,Married,196650,1.0,22,1,21.0,6,21,11,10,3,4,3.0,1.0,3.0,10.980500929800092,0.3031816063761475,239,10.009693165969317,0.07008421918279169
43,0,Travel_Frequently,Research & Development,7,4,Medical,1528,Male,4,Research Scientist,Single,24390,0.0,15,0,9.0,2,8,1,7,3,3,3.0,4.0,3.0,7.724989711934156,0.2976009579603085,243,9.997942386831276,0.07965369180015652
49,0,Travel_Rarely,Research & Development,1,3,Life Sciences,1529,Male,3,Manufacturing Director,Single,73140,7.0,22,0,25.0,2,7,0,7,3,4,3.0,3.0,3.0,9.971033057851239,0.3017368596163389,242,10.016735537190083,0.07664245720120866
52,1,Travel_Rarely,Research & Development,7,1,Life Sciences,1530,Female,2,Research Scientist,Married,47740,2.0,18,1,11.0,2,8,7,7,3,3,3.0,2.0,2.0,7.877022821576764,0.321014919158238,241,10.018118948824343,0.07293885431074228
27,0,Travel_Rarely,Research & Development,15,4,Medical,1531,Male,3,Research Scientist,Single,39020,1.0,22,0,4.0,2,4,1,2,3,4,3.0,2.0,2.0,10.713731292517007,0.29730226467353316,245,10.000068027210883,0.07116461283967132
32,0,Travel_Rarely,Research & Development,1,3,Life Sciences,1532,Male,3,Research Scientist,Married,26620,1.0,11,1,13.0,6,13,11,9,4,3,3.0,2.0,3.0,10.537320048309178,0.3112582019945967,230,9.995434782608696,0.0789540799105542
27,0,Travel_Rarely,Research & Development,13,2,Medical,1533,Female,4,Research Director,Single,28560,1.0,12,2,5.0,5,5,0,4,4,3,4.0,3.0,3.0,10.101125910746811,0.2766161079257765,244,9.982581967213115,0.07842078657791558
31,0,Travel_Rarely,Sales,24,3,Life Sciences,1534,Male,2,Healthcare Representative,Divorced,10810,4.0,11,3,13.0,4,7,1,7,4,3,4.0,4.0,3.0,6.600159069325735,0.287530080660785,234,9.996794871794872,0.08309054143281604
32,0,Travel_Rarely,Research & Development,7,3,Technical Degree,1535,Male,2,Healthcare Representative,Single,24720,7.0,13,0,10.0,2,7,0,7,3,3,1.0,4.0,2.0,7.51614507520621,0.284938900683519,229,9.99825327510917,0.07218748137933381
28,1,Travel_Rarely,Research & Development,9,4,Medical,1536,Male,1,Sales Executive,Married,56730,5.0,14,1,5.0,4,3,2,2,2,3,1.0,4.0,2.0,10.711125603864733,0.31306100830486044,230,10.016449275362321,0.07888035039976368
30,0,Travel_Rarely,Research & Development,13,3,Life Sciences,1537,Female,4,Research Director,Married,41970,1.0,13,0,11.0,3,10,1,9,3,3,4.0,4.0,3.0,6.20291134751773,0.2988925608099164,235,9.966950354609928,0.07753078337475498
31,0,Travel_Frequently,Research & Development,2,1,Life Sciences,1538,Female,1,Manager,Married,97130,1.0,17,0,10.0,5,10,8,9,2,3,3.0,3.0,3.0,6.6084375,0.31684854357262454,232,10.02234195402299,0.07956721878058087
39,0,Travel_Frequently,Research & Development,19,4,Medical,1539,Female,1,Research Scientist,Married,20620,1.0,13,0,21.0,4,21,13,3,3,3,3.0,4.0,3.0,6.06022340425532,0.30717891258514973,235,9.977446808510637,0.08191558061061606
39,1,Travel_Rarely,Research & Development,1,1,Medical,1540,Female,1,Laboratory Technician,Married,42840,4.0,17,1,12.0,0,1,0,0,3,3,4.0,3.0,2.0,10.006788416075649,0.30167401417964773,235,9.969361702127658,0.07973629548806857
33,0,Travel_Frequently,Sales,4,2,Life Sciences,1541,Male,4,Research Scientist,Single,47880,3.0,11,1,9.0,0,7,0,1,3,3,2.0,4.0,2.0,7.39196240421456,0.2859201252182869,232,9.9871408045977,0.07405590697616564
47,0,Travel_Rarely,Research & Development,4,3,Life Sciences,1542,Female,2,Healthcare Representative,Married,59060,4.0,23,0,21.0,4,3,1,1,4,4,4.0,3.0,3.0,6.526635049683829,0.3079690708590063,246,9.979268292682926,0.07059565289530453
43,0,Travel_Frequently,Research & Development,14,3,Medical,1543,Female,5,Research Director,Divorced,38860,1.0,17,2,9.0,2,9,0,0,3,3,3.0,3.0,4.0,6.352892512077294,0.28728459465451534,230,9.97036231884058,0.07185309474083919
27,0,Non-Travel,Research & Development,2,3,Life Sciences,1544,Male,1,Research Director,Married,168230,0.0,17,0,6.0,3,5,1,4,3,3,3.0,2.0,3.0,9.278894849785408,0.30691441949155296,233,10.007081545064379,0.07337755701905843
54,0,Travel_Frequently,Research & Development,1,4,Life Sciences,1545,Male,2,Research Scientist,Single,29330,3.0,12,2,20.0,2,4,0,3,3,3,4.0,3.0,2.0,6.092101769911505,0.2840877510737824,226,9.988274336283185,0.07650263847918717
43,0,Travel_Rarely,Research & Development,7,2,Life Sciences,1546,Female,2,Manager,Married,65000,8.0,23,0,10.0,3,1,0,0,3,4,3.0,1.0,2.0,7.203633101851851,0.30609166521362113,240,9.99513888888889,0.07631750736091727
45,0,Travel_Rarely,Sales,3,1,Marketing,1547,Female,1,Sales Executive,Married,171740,9.0,14,1,12.0,6,10,9,8,3,3,4.0,4.0,3.0,7.106525500910746,0.2890755498264605,244,9.957035519125682,0.08262862424760326
40,0,Travel_Rarely,Research & Development,2,4,Other,1548,Male,4,Research Scientist,Married,50330,2.0,14,2,6.0,6,4,0,2,3,3,2.0,4.0,2.0,9.905172292545709,0.3044104859434255,237,9.999859353023911,0.07360638314779053
29,1,Travel_Rarely,Research & Development,29,3,Medical,1549,Female,1,Research Scientist,Married,23070,1.0,13,1,7.0,0,7,0,7,3,3,2.0,1.0,2.0,10.49205736224029,0.2849297072380579,246,9.985636856368563,0.057225964640598655
29,0,Travel_Rarely,Human Resources,8,3,Medical,1550,Male,3,Sales Representative,Single,25870,0.0,22,2,4.0,3,3,2,2,3,4,2.0,4.0,3.0,6.909123116760829,0.2949661260170209,236,9.975423728813558,0.07241707737308166
30,0,Travel_Rarely,Research & Development,10,3,Life Sciences,1551,Male,2,Research Scientist,Divorced,55070,1.0,12,2,10.0,2,10,1,2,2,3,4.0,3.0,3.0,7.615994585687383,0.30145691101432537,236,9.95204802259887,0.07451233621829544
27,0,Travel_Rarely,Research & Development,11,2,Medical,1552,Male,1,Manager,Married,43930,1.0,18,1,8.0,2,8,0,7,2,3,2.0,2.0,3.0,6.110617283950618,0.2818798654983861,225,10.014666666666667,0.07953095238095238
37,0,Travel_Rarely,Sales,1,4,Life Sciences,1553,Male,2,Healthcare Representative,Divorced,133480,7.0,14,0,8.0,4,6,0,4,3,3,4.0,4.0,2.0,6.001789351851852,0.29563139639947905,240,9.965763888888889,0.07477254280954589
38,0,Travel_Rarely,Research & Development,28,4,Medical,1554,Male,1,Laboratory Technician,Divorced,65830,0.0,12,0,12.0,1,11,2,9,3,3,3.0,4.0,3.0,9.01215419501134,0.27780852704699976,245,9.985306122448979,0.08147491728932008
31,0,Travel_Rarely,Research & Development,6,3,Medical,1555,Female,3,Manager,Single,81030,1.0,15,1,11.0,5,11,4,10,3,3,3.0,4.0,2.0,10.414085395439107,0.3135468729787896,229,9.97387190684134,0.07558016675604583
29,0,Travel_Rarely,Research & Development,3,4,Life Sciences,1556,Male,3,Sales Executive,Divorced,39780,1.0,11,0,7.0,0,7,1,7,3,3,4.0,2.0,3.0,8.419563492063492,0.2830206196596265,231,10.010678210678211,0.07083475542171193
35,0,Travel_Rarely,Sales,16,2,Technical Degree,1557,Male,3,Manager,Single,25440,0.0,13,1,17.0,3,16,0,13,4,3,3.0,2.0,3.0,7.913552886948083,0.3168343586733093,229,9.99745269286754,0.08339382389744382
23,0,Travel_Rarely,Research & Development,20,4,Life Sciences,1558,Male,1,Manufacturing Director,Divorced,53990,1.0,23,0,4.0,2,4,0,2,2,4,3.0,4.0,2.0,7.066395804518211,0.2846426672114394,241,9.994398340248964,0.0731941851083449
41,0,Travel_Rarely,Research & Development,9,2,Life Sciences,1559,Female,1,Laboratory Technician,Single,54870,6.0,19,2,8.0,0,5,1,2,3,3,4.0,2.0,3.0,9.70906462585034,0.2994979169713125,245,10.02530612244898,0.08326180253522171
47,0,Travel_Frequently,Sales,1,3,Medical,1560,Female,2,Laboratory Technician,Single,68340,3.0,16,1,5.0,2,0,0,0,4,3,2.0,3.0,3.0,7.816196311858078,0.29775560220762687,238,9.980252100840337,0.0749271748080385
42,0,Travel_Rarely,Research & Development,3,4,Life Sciences,1561,Male,1,Manager,Single,10910,2.0,22,0,16.0,0,1,0,0,1,4,1.0,4.0,3.0,6.293512857836002,0.28795653849631403,229,10.020087336244544,0.061205352962707606
29,0,Non-Travel,Sales,22,4,Marketing,1562,Male,2,Human Resources,Married,57360,1.0,22,0,4.0,1,4,0,2,2,4,4.0,3.0,2.0,6.319985935302391,0.2897050986576646,237,10.016947960618845,0.09065434615048436
42,0,Travel_Rarely,Sales,7,4,Medical,1563,Male,3,Research Scientist,Divorced,22260,0.0,12,1,4.0,3,3,1,0,2,3,3.0,3.0,3.0,8.805406445406446,0.30402295230424237,231,9.962121212121213,0.07173649538866934
32,0,Travel_Rarely,Research & Development,2,3,Medical,1564,Male,2,Research Scientist,Married,57470,1.0,13,0,8.0,0,8,0,7,3,3,3.0,2.0,3.0,7.729661636945587,0.30477269977947036,243,9.966460905349793,0.08262736795565075
48,0,Travel_Rarely,Sales,13,4,Medical,1565,Male,4,Sales Executive,Married,98540,3.0,16,1,15.0,2,0,0,0,2,3,1.0,3.0,1.0,7.2947758702908905,0.29116857345332425,233,10.001359084406294,0.07452520431486694
37,0,Travel_Rarely,Research & Development,8,5,Technical Degree,1566,Male,2,Manufacturing Director,Divorced,54670,4.0,12,0,13.0,2,7,6,7,3,3,3.0,1.0,3.0,10.803298171589311,0.2704151923306871,237,9.993741209563993,0.08713462577574353
30,0,Non-Travel,Sales,25,4,Other,1567,Male,1,Healthcare Representative,Married,53800,7.0,21,1,4.0,0,2,2,2,3,4,4.0,3.0,4.0,10.400979840600096,0.31616090580825074,237,10.027144866385372,0.07139515642009742
26,0,Travel_Rarely,Sales,28,3,Medical,1568,Female,5,Laboratory Technician,Married,51510,1.0,15,3,8.0,3,8,7,7,3,3,3.0,3.0,3.0,5.976393617021276,0.30424034475826106,235,9.970070921985815,0.07761181831039994
42,0,Travel_Rarely,Sales,2,2,Medical,1569,Female,1,Laboratory Technician,Single,21330,3.0,13,2,14.0,2,1,0,0,3,3,1.0,4.0,3.0,6.09727502295684,0.29816878164521454,242,9.962947658402204,0.0684324001996579
21,1,Travel_Frequently,Research & Development,9,3,Medical,1570,Female,4,Manufacturing Director,Single,178750,1.0,12,0,3.0,5,3,1,2,2,3,1.0,2.0,3.0,8.101884756657483,0.3012080731794222,242,9.990564738292013,0.07575316061406219
36,0,Non-Travel,Human Resources,28,3,Human Resources,1571,Male,2,Laboratory Technician,Single,24320,4.0,22,0,7.0,4,1,0,0,1,4,4.0,4.0,3.0,7.292827339787921,0.29657799109057076,241,9.999585062240664,0.0712428826648225
36,0,Travel_Frequently,Research & Development,6,3,Life Sciences,1572,Female,2,Research Scientist,Married,47710,4.0,13,1,16.0,2,13,1,12,3,3,1.0,4.0,3.0,7.077489270386265,0.3074268838768819,233,9.987696709585123,0.06014730608586988
57,0,Travel_Rarely,Research & Development,21,4,Life Sciences,1573,Male,5,Research Scientist,Married,191610,2.0,18,0,15.0,2,3,1,2,1,3,4.0,3.0,3.0,6.312606927010692,0.3107335344813049,239,9.999372384937237,0.07979769034531527
40,0,Travel_Rarely,Research & Development,8,3,Other,1574,Male,2,Sales Executive,Married,50870,3.0,14,1,10.0,3,7,1,7,3,3,4.0,3.0,3.0,8.090185185185186,0.276892492692095,237,9.996132208157526,0.0668081877200092
21,0,Non-Travel,Research & Development,1,5,Life Sciences,1575,Female,2,Manager,Single,28630,1.0,14,0,3.0,2,3,2,2,1,3,1.0,4.0,2.0,7.978398692810457,0.3108557785483278,238,9.975770308123248,0.06829933379821689
33,1,Travel_Rarely,Human Resources,28,2,Human Resources,1576,Female,5,Manager,Single,55610,1.0,21,1,1.0,3,1,0,0,1,4,4.0,3.0,3.0,10.495708218549128,0.30802975696673923,242,9.99690082644628,0.0742123469702684
37,0,Travel_Rarely,Research & Development,5,3,Life Sciences,1577,Male,4,Research Scientist,Married,21440,6.0,19,0,17.0,3,5,0,3,4,3,3.0,1.0,3.0,8.022877314814815,0.2901397030933767,240,10.015069444444444,0.07015899097319073
46,0,Non-Travel,Sales,2,4,Marketing,1578,Female,2,Laboratory Technician,Married,30650,2.0,11,0,7.0,3,1,0,0,3,3,3.0,3.0,4.0,6.114069501600366,0.290648290601895,243,10.005075445816187,0.09108983588220394
41,1,Travel_Frequently,Research & Development,16,1,Medical,1579,Female,1,Research Scientist,Single,28100,1.0,11,0,8.0,3,8,7,7,4,3,1.0,2.0,3.0,7.573262691570882,0.2865210338091869,232,9.972270114942528,0.07787611335025131
50,0,Travel_Rarely,Research & Development,9,3,Medical,1580,Female,3,Laboratory Technician,Single,98880,6.0,15,0,20.0,2,4,1,3,3,3,4.0,4.0,3.0,6.918520408163265,0.29484855154510065,245,9.975034013605441,0.07270633991301459
40,1,Travel_Rarely,Research & Development,8,3,Medical,1581,Female,1,Healthcare Representative,Married,86280,2.0,20,0,8.0,2,6,1,0,2,4,3.0,3.0,3.0,9.310365560365561,0.29547461861409946,231,9.993217893217894,0.07373158081853734
31,0,Travel_Rarely,Research & Development,1,3,Life Sciences,1582,Male,4,Human Resources,Single,28670,0.0,24,0,3.0,5,2,2,2,3,4,3.0,2.0,3.0,10.802310386473431,0.2967259206390539,230,10.007608695652173,0.06854083602303647
21,1,Travel_Rarely,Human Resources,10,2,Human Resources,1583,Male,1,Laboratory Technician,Single,53730,1.0,12,1,1.0,2,1,0,0,3,3,3.0,2.0,3.0,5.988076302443522,0.29893909348744985,241,10.005255878284926,0.072372723605348
29,0,Travel_Rarely,Research & Development,1,3,Life Sciences,1584,Female,2,Research Director,Single,66670,9.0,12,1,6.0,6,3,1,2,4,3,4.0,4.0,3.0,7.785495620101429,0.30990098062437704,241,9.980843706777316,0.0651905351928692
35,0,Travel_Rarely,Research & Development,29,3,Life Sciences,1585,Female,3,Sales Executive,Single,50030,9.0,15,0,10.0,2,1,0,0,3,3,3.0,2.0,3.0,7.7124296911018915,0.32060941237918034,241,9.98250345781466,0.06721458621484552
27,0,Travel_Rarely,Sales,2,3,Life Sciences,1586,Male,1,Sales Executive,Divorced,23670,1.0,12,1,5.0,2,5,0,4,3,3,4.0,2.0,3.0,6.210790314650935,0.30830562748375223,226,10.002064896755165,0.08048707527586586
28,0,Travel_Rarely,Research & Development,2,2,Medical,1587,Male,3,Manager,Single,28580,1.0,12,0,7.0,2,7,0,7,2,3,2.0,4.0,3.0,7.085450354609929,0.3149443179325024,235,10.001985815602836,0.07656299125093456
49,0,Travel_Rarely,Sales,2,3,Technical Degree,1588,Male,2,Manufacturing Director,Single,52040,8.0,14,1,26.0,3,5,0,0,3,3,2.0,3.0,3.0,7.795346618357488,0.31664792354636306,230,9.964710144927535,0.07365821256038649
51,0,Travel_Rarely,Research & Development,1,2,Life Sciences,1589,Male,1,Sales Executive,Married,41050,4.0,22,1,18.0,2,7,0,7,3,4,3.0,4.0,2.0,7.598426313342632,0.31056062973761206,239,9.986052998605299,0.06729766104489213
36,0,Travel_Rarely,Sales,15,2,Life Sciences,1590,Male,1,Sales Executive,Married,96790,4.0,12,0,6.0,1,2,2,2,3,3,4.0,3.0,3.0,6.010319383259913,0.29781869139084793,227,9.961747430249634,0.08101428794199053
34,1,Non-Travel,Research & Development,7,3,Life Sciences,1591,Male,1,Sales Representative,Single,56170,8.0,25,1,9.0,3,5,0,4,3,4,1.0,4.0,2.0,9.08493879472693,0.30472283292562186,236,9.950776836158191,0.07087764454862354
55,0,Travel_Rarely,Sales,26,3,Marketing,1592,Male,1,Laboratory Technician,Single,104480,2.0,13,0,30.0,3,5,1,2,3,3,3.0,4.0,3.0,8.690298309178743,0.2941471862314267,230,9.976884057971015,0.08158971478598401
24,0,Travel_Rarely,Research & Development,1,3,Life Sciences,1593,Female,5,Manager,Divorced,28970,1.0,18,3,5.0,4,5,0,3,3,3,4.0,3.0,4.0,10.014321513002365,0.2956331532366179,235,10.036737588652482,0.06726518963043775
30,0,Travel_Rarely,Research & Development,3,3,Life Sciences,1594,Female,2,Manager,Married,59680,1.0,13,0,1.0,3,1,0,0,3,3,3.0,2.0,3.0,6.898669082125603,0.3160355846235652,230,9.986449275362318,0.07443105394173367
26,1,Travel_Frequently,Sales,14,3,Life Sciences,1595,Male,2,Manager,Single,75100,0.0,18,3,7.0,3,6,0,4,3,3,3.0,1.0,3.0,7.021446150097466,0.3111426705197966,228,9.96907894736842,0.07195817876188272
22,0,Travel_Rarely,Research & Development,16,5,Other,1596,Male,1,Research Scientist,Married,29910,1.0,19,2,2.0,3,2,1,2,2,3,1.0,2.0,3.0,6.258094035594035,0.30827789115453036,231,9.983694083694084,0.07723537653972447
36,0,Travel_Rarely,Research & Development,1,3,Medical,1597,Female,5,Healthcare Representative,Married,196360,1.0,12,1,10.0,3,10,9,0,3,3,2.0,3.0,3.0,6.397392787524366,0.29613243082009355,228,10.022441520467837,0.07096136465122675
30,1,Travel_Frequently,Sales,3,2,Marketing,1598,Male,3,Research Scientist,Single,11290,9.0,19,0,3.0,2,1,0,0,2,3,3.0,4.0,3.0,8.186094702297234,0.29492611038974237,237,9.995147679324896,0.08302131755226587
37,0,Travel_Rarely,Research & Development,10,1,Technical Degree,1599,Male,1,Sales Executive,Divorced,133410,1.0,14,1,18.0,3,18,12,17,3,3,4.0,1.0,2.0,6.464834960483496,0.2818760522623837,239,9.990516039051604,0.07619819196855876
40,0,Travel_Rarely,Research & Development,6,2,Medical,1600,Male,3,Research Scientist,Divorced,43320,7.0,14,2,8.0,3,5,1,3,2,3,4.0,2.0,3.0,6.675874355368026,0.3282192954222592,237,10.009985935302392,0.07322612974484899
42,0,Travel_Rarely,Research & Development,2,3,Medical,1601,Female,4,Manager,Divorced,110310,3.0,12,1,8.0,2,5,1,2,2,3,2.0,1.0,3.0,7.480514846743295,0.2994860968457991,232,10.004741379310344,0.08365226567812767
37,0,Travel_Rarely,Sales,9,1,Marketing,1602,Male,3,Sales Executive,Single,44400,2.0,11,1,18.0,3,1,0,1,2,3,3.0,2.0,2.0,9.921687242798354,0.29252144340349734,243,9.979355281207132,0.07374903165587789
43,0,Travel_Rarely,Sales,10,2,Life Sciences,1603,Female,1,Sales Executive,Divorced,46170,1.0,11,0,25.0,2,25,3,9,3,3,1.0,2.0,3.0,7.356879873294346,0.3153275935121399,228,9.991374269005847,0.07221846527724111
40,0,Travel_Rarely,Sales,6,2,Life Sciences,1604,Female,1,Laboratory Technician,Married,26470,6.0,13,0,20.0,2,1,0,0,2,3,2.0,3.0,3.0,7.508689794945161,0.31176310057115625,233,9.989985693848354,0.07897016262970083
54,0,Travel_Rarely,Human Resources,9,3,Life Sciences,1605,Female,2,Manufacturing Director,Married,63230,4.0,23,1,24.0,2,4,1,2,2,4,1.0,1.0,2.0,5.975955882352941,0.2821206263388055,238,9.99187675070028,0.07122065422512186
34,0,Non-Travel,Research & Development,28,3,Medical,1606,Male,1,Laboratory Technician,Married,56770,9.0,20,1,6.0,3,3,1,2,3,4,3.0,3.0,3.0,6.872604308390024,0.3028532441404936,245,9.970816326530612,0.07224705401286205
31,0,Travel_Rarely,Research & Development,10,4,Life Sciences,1607,Male,3,Sales Executive,Married,21870,1.0,15,1,13.0,2,13,3,12,2,3,2.0,1.0,1.0,6.0742691256830605,0.3054325555752155,244,9.98476775956284,0.07723273047891038
43,0,Travel_Frequently,Sales,14,3,Life Sciences,1608,Female,1,Manufacturing Director,Married,37480,7.0,14,2,8.0,3,3,1,2,2,3,4.0,4.0,3.0,7.727606039649607,0.2902950236767731,241,10.000207468879667,0.08896870677731678
43,0,Travel_Rarely,Sales,27,4,Life Sciences,1609,Male,2,Sales Representative,Divorced,39770,4.0,18,1,8.0,3,5,0,2,3,3,3.0,3.0,3.0,8.935685990338163,0.2890705719091492,230,10.020072463768116,0.07059849060186064
25,0,Travel_Rarely,Human Resources,7,2,Human Resources,1610,Male,1,Manufacturing Director,Single,86330,1.0,19,1,5.0,2,5,1,3,4,3,2.0,4.0,3.0,10.902481247069852,0.27671034602419,237,9.987271448663854,0.08250090387534062
37,0,Non-Travel,Research & Development,1,3,Medical,1611,Male,3,Laboratory Technician,Married,20080,3.0,22,0,15.0,5,13,10,7,2,4,2.0,3.0,3.0,10.736613247863248,0.3115533913568416,234,9.985256410256412,0.08326404937456437
31,0,Travel_Rarely,Research & Development,24,1,Medical,1612,Male,3,Laboratory Technician,Married,44400,1.0,13,1,4.0,2,4,3,2,3,3,4.0,1.0,3.0,7.1278874269005845,0.28373308568542993,228,9.978435672514621,0.08306327876102394
39,0,Travel_Frequently,Research & Development,26,4,Technical Degree,1613,Female,1,Sales Executive,Divorced,30670,1.0,20,1,21.0,5,21,1,6,1,4,2.0,3.0,3.0,9.0159489747258,0.3184332250815175,233,9.99856938483548,0.07233989854143032
56,0,Travel_Frequently,Research & Development,20,4,Life Sciences,1614,Female,3,Sales Executive,Married,53210,9.0,14,0,36.0,1,7,7,7,3,3,3.0,1.0,2.0,7.386081178160919,0.2887577774324398,232,10.016020114942528,0.073466391128029
30,0,Travel_Rarely,Sales,5,4,Medical,1615,Female,2,Manufacturing Director,Single,54100,0.0,17,1,6.0,2,5,4,4,3,3,2.0,3.0,3.0,7.5873362445414845,0.33059467546152776,229,10.003275109170305,0.08762933382704689
41,0,Travel_Rarely,Research & Development,7,3,Technical Degree,1616,Female,3,Research Scientist,Married,27820,1.0,14,0,10.0,2,10,0,7,2,3,2.0,1.0,3.0,6.64466714559387,0.2946894909963125,232,9.972844827586206,0.07655377668308704
28,0,Travel_Rarely,Research & Development,7,3,Medical,1617,Male,3,Healthcare Representative,Divorced,119570,1.0,13,0,10.0,2,10,1,8,2,3,3.0,1.0,3.0,6.213860073766713,0.31102322688442346,241,9.972544951590594,0.10228358882741659
25,1,Travel_Rarely,Research & Development,5,2,Life Sciences,1618,Female,3,Laboratory Technician,Married,26600,5.0,13,0,6.0,3,2,0,2,3,3,1.0,1.0,3.0,6.494295422031474,0.2846912362472376,233,9.986552217453506,0.08677240063802145
52,0,Travel_Rarely,Research & Development,26,2,Life Sciences,1619,Female,2,Sales Representative,Married,33750,2.0,21,0,28.0,2,5,0,4,2,4,4.0,3.0,3.0,8.202250957854407,0.2987401929789743,232,9.99331896551724,0.08038446347713583
45,0,Travel_Rarely,Research & Development,2,3,Medical,1620,Female,1,Sales Executive,Married,50980,3.0,14,1,8.0,4,2,0,2,3,3,1.0,4.0,2.0,6.778304843304844,0.3131284236833207,234,9.973290598290598,0.07119460951542499
52,0,Travel_Rarely,Research & Development,12,3,Medical,1621,Male,2,Research Scientist,Married,48780,2.0,11,1,31.0,3,5,1,4,3,3,4.0,4.0,1.0,7.309269972451791,0.28385343027500776,242,10.024793388429751,0.06912916414236675
42,0,Travel_Frequently,Sales,10,3,Marketing,1622,Female,2,Healthcare Representative,Divorced,28370,2.0,13,1,19.0,0,5,0,2,2,3,1.0,3.0,3.0,6.824301001821493,0.287754782598491,244,10.004098360655737,0.07495112700233124
30,0,Travel_Rarely,Sales,25,3,Marketing,1623,Male,1,Sales Executive,Single,24060,2.0,20,1,11.0,5,5,0,2,3,4,3.0,4.0,3.0,7.28737680148768,0.30275075314095773,239,10.00481171548117,0.07091162406385153
60,0,Travel_Rarely,Research & Development,10,3,Life Sciences,1624,Female,1,Manufacturing Director,Married,22690,5.0,18,1,33.0,4,29,11,10,3,3,1.0,1.0,1.0,6.163477496483825,0.30460261712020875,237,10.00478199718706,0.07149068909072132
46,0,Travel_Rarely,Sales,19,4,Marketing,1625,Female,1,Sales Executive,Divorced,41080,2.0,14,0,19.0,5,10,0,8,2,3,3.0,3.0,2.0,7.601014544587506,0.3201313043173251,233,9.965021459227465,0.07386102683636717
42,0,Travel_Frequently,Research & Development,18,4,Technical Degree,1626,Male,4,Sales Executive,Married,132060,0.0,13,2,7.0,2,6,0,4,3,3,4.0,4.0,4.0,6.612837552742616,0.32441842694051076,237,10.00393811533052,0.06648866282072673
24,1,Travel_Rarely,Research & Development,27,2,Medical,1627,Male,1,Research Scientist,Single,104220,1.0,17,1,6.0,0,5,1,4,2,3,1.0,2.0,3.0,10.603659863945577,0.3065402690600955,245,9.983741496598638,0.07817606222816995
34,1,Travel_Frequently,Research & Development,5,3,Medical,1628,Male,2,Research Scientist,Divorced,137440,0.0,20,1,3.0,3,2,1,0,3,4,4.0,3.0,2.0,6.181501377410467,0.281399783988018,242,9.970523415977961,0.07036542337749431
38,0,Travel_Frequently,Sales,3,3,Marketing,1629,Female,2,Sales Executive,Married,49070,1.0,11,1,1.0,3,1,0,0,3,3,4.0,4.0,3.0,8.653300376647834,0.27824229757832436,236,9.983898305084745,0.07374908843210329
40,0,Travel_Rarely,Sales,26,4,Marketing,1630,Female,1,Sales Executive,Married,34820,0.0,18,1,21.0,2,20,1,12,2,3,3.0,3.0,3.0,6.014923816221285,0.2796144138069822,237,10.021097046413502,0.09207186106939376
26,0,Travel_Rarely,Research & Development,3,2,Medical,1631,Female,4,Healthcare Representative,Divorced,24360,1.0,24,0,3.0,2,3,0,2,4,4,1.0,4.0,1.0,6.269028384279476,0.3232207534295525,229,9.98377001455604,0.07791403849264107
30,0,Non-Travel,Research & Development,15,3,Medical,1632,Female,2,Sales Executive,Married,23800,4.0,18,3,9.0,2,5,1,4,2,3,3.0,4.0,1.0,7.88355984740105,0.30466288047665774,233,9.995922746781117,0.06576275837403181
29,0,Travel_Rarely,Research & Development,8,3,Medical,1633,Female,3,Manufacturing Director,Married,194310,1.0,11,0,10.0,3,10,0,7,3,3,2.0,3.0,3.0,7.193886514719848,0.26479166786754177,234,9.983760683760684,0.07618484281574403
29,1,Travel_Rarely,Research & Development,19,4,Life Sciences,1634,Male,3,Research Scientist,Married,17900,5.0,16,1,6.0,4,2,1,1,2,3,3.0,2.0,4.0,6.605290249433106,0.3130724358906651,245,9.993265306122451,0.08044284599085533
19,1,Travel_Rarely,Research & Development,4,3,Medical,1635,Male,1,Sales Executive,Single,76440,1.0,15,2,1.0,2,1,0,0,3,3,1.0,4.0,4.0,7.875434681543468,0.310704399743321,239,10.00278940027894,0.06237780746887326
30,0,Non-Travel,Research & Development,2,4,Life Sciences,1636,Female,3,Research Scientist,Married,51310,0.0,15,1,10.0,2,9,7,8,3,3,3.0,1.0,3.0,6.6783856345885635,0.283069256459319,239,9.983821478382147,0.06976283260863618
57,0,Travel_Rarely,Research & Development,2,2,Life Sciences,1637,Male,4,Research Scientist,Divorced,63060,3.0,12,1,32.0,3,1,0,0,3,3,1.0,4.0,2.0,6.336791027429103,0.3310478796766718,239,9.985216178521616,0.08035941852333686
50,0,Travel_Rarely,Sales,10,4,Life Sciences,1638,Female,3,Manager,Married,47870,0.0,12,0,28.0,3,27,15,7,3,3,2.0,3.0,3.0,7.204899097815765,0.29975606490306467,234,9.989957264957264,0.07506203917684613
30,0,Non-Travel,Sales,10,2,Life Sciences,1639,Male,3,Laboratory Technician,Single,188800,0.0,22,1,12.0,3,11,6,7,3,4,3.0,4.0,2.0,6.263877826941986,0.3091548108391945,226,9.979646017699114,0.08032214574456464
60,0,Travel_Frequently,Research & Development,16,3,Life Sciences,1640,Female,4,Laboratory Technician,Married,23390,4.0,20,0,22.0,4,18,13,11,3,4,3.0,1.0,4.0,7.205101566324034,0.3255209041931001,227,9.987224669603524,0.07472790751064512
47,0,Travel_Rarely,Research & Development,1,3,Technical Degree,1641,Male,5,Manufacturing Director,Divorced,135700,5.0,16,2,20.0,2,5,0,4,2,3,1.0,4.0,3.0,7.799077681577681,0.30564411007862663,231,9.999278499278498,0.07236421147290703
46,0,Travel_Rarely,Sales,4,1,Technical Degree,1642,Male,1,Laboratory Technician,Married,67120,6.0,21,1,26.0,3,3,0,1,2,4,1.0,3.0,1.0,6.790909197012137,0.33270673899549297,238,10.01813725490196,0.07666801108629102
35,0,Travel_Rarely,Research & Development,15,2,Medical,1643,Female,2,Laboratory Technician,Single,54060,0.0,12,1,6.0,2,5,4,3,3,3,4.0,3.0,3.0,6.529607279693486,0.2872317177985104,232,10.00308908045977,0.07752168130400895
54,0,Travel_Rarely,Research & Development,2,4,Medical,1644,Male,2,Human Resources,Single,89380,7.0,11,3,19.0,2,1,0,0,3,3,3.0,3.0,3.0,7.676790633608816,0.2986098388479297,242,9.973553719008263,0.08223913979477927
34,0,Travel_Rarely,Sales,8,2,Life Sciences,1645,Male,1,Laboratory Technician,Divorced,24390,3.0,11,2,14.0,2,7,5,7,4,3,4.0,3.0,3.0,7.611215998155832,0.26672299549690187,241,9.979253112033195,0.07554693983402472
46,0,Travel_Rarely,Research & Development,2,3,Life Sciences,1646,Male,1,Healthcare Representative,Married,88370,2.0,18,0,15.0,3,3,1,2,2,3,3.0,4.0,3.0,9.22045691609977,0.28438349620458486,245,10.001292517006803,0.09230365042191735
31,0,Travel_Rarely,Research & Development,7,3,Life Sciences,1647,Male,2,Research Director,Divorced,53430,1.0,14,1,13.0,3,13,0,8,3,3,3.0,2.0,4.0,6.411356881572932,0.2930706886048206,243,9.992112482853225,0.0785015795818265
33,1,Travel_Rarely,Research & Development,10,3,Life Sciences,1648,Female,4,Research Director,Married,67280,7.0,22,0,15.0,2,7,7,7,2,4,2.0,3.0,4.0,8.510061088059013,0.29477335934537524,241,9.947164591977868,0.07094910288919615
33,1,Travel_Rarely,Sales,5,4,Marketing,1649,Male,2,Research Director,Divorced,66520,7.0,25,0,8.0,5,4,1,3,3,4,1.0,4.0,3.0,7.017434364744491,0.2847453798216119,237,9.996272855133615,0.09459174632688909
30,0,Travel_Rarely,Research & Development,2,3,Life Sciences,1650,Male,1,Sales Executive,Single,48500,0.0,12,1,4.0,4,3,1,2,3,3,4.0,2.0,3.0,6.538957175925926,0.328250392327208,240,9.954305555555555,0.08200369982953667
35,0,Travel_Rarely,Research & Development,12,2,Medical,1651,Female,2,Sales Representative,Married,28090,4.0,23,1,10.0,2,8,0,0,1,4,4.0,3.0,3.0,8.908956868260665,0.29677983219061393,237,9.982489451476793,0.07121868220934947
31,1,Travel_Frequently,Research & Development,22,2,Medical,1652,Female,2,Sales Executive,Married,56890,3.0,15,2,12.0,2,1,0,0,2,3,1.0,3.0,3.0,6.609761088248743,0.31666283408080487,243,9.974759945130316,0.07317114277832577
34,1,Travel_Frequently,Sales,17,1,Marketing,1653,Male,1,Research Director,Divorced,20010,9.0,22,1,11.0,5,3,0,2,4,4,2.0,1.0,3.0,10.986562213039486,0.27709144277567477,242,10.005234159779613,0.07594298320816609
42,0,Travel_Frequently,Research & Development,2,4,Medical,1654,Female,1,Research Scientist,Married,29770,4.0,15,3,8.0,3,2,2,0,2,3,2.0,3.0,3.0,7.781885727190606,0.2890041790968434,246,9.99369918699187,0.07790911730545885
36,0,Non-Travel,Research & Development,3,4,Medical,1655,Male,1,Research Scientist,Single,40250,1.0,11,0,10.0,3,10,9,7,3,3,2.0,4.0,2.0,7.232681577681578,0.2993119336410736,231,10.016378066378067,0.07569073760378106
22,1,Travel_Frequently,Research & Development,7,3,Medical,1656,Female,2,Laboratory Technician,Single,37850,5.0,13,2,4.0,2,2,1,2,3,3,3.0,3.0,3.0,6.447918439716312,0.2997117268143191,235,10.016312056737588,0.081304479602352
48,0,Travel_Rarely,Research & Development,6,3,Medical,1657,Male,1,Laboratory Technician,Married,108540,2.0,14,1,14.0,6,9,6,7,3,3,2.0,4.0,3.0,6.795801144492131,0.2928038562650472,233,9.9964234620887,0.07193878159275154
55,0,Travel_Rarely,Research & Development,1,3,Medical,1658,Female,1,Sales Executive,Single,120310,3.0,11,0,37.0,5,10,7,7,3,3,1.0,2.0,3.0,7.367503443526171,0.26749248340413073,242,10.001652892561983,0.08551131838947759
41,0,Non-Travel,Research & Development,3,2,Life Sciences,1659,Female,2,Research Scientist,Single,99360,7.0,17,1,16.0,2,14,1,10,2,3,4.0,4.0,3.0,6.21821618357488,0.30512004829477,230,9.993913043478262,0.07765565470539842
35,0,Travel_Rarely,Research & Development,22,3,Medical,1660,Female,1,Sales Representative,Married,29660,9.0,18,0,15.0,2,11,6,9,2,3,2.0,3.0,3.0,5.992435990338165,0.3079233851860784,230,9.99710144927536,0.08897749087610486
40,0,Travel_Rarely,Research & Development,15,3,Life Sciences,1661,Female,2,Laboratory Technician,Single,25710,7.0,14,0,22.0,1,20,5,13,3,3,2.0,3.0,3.0,7.319618502622794,0.3238456277601307,233,9.995636623748213,0.07226655895943307
39,0,Travel_Frequently,Research & Development,12,1,Medical,1662,Male,1,Research Scientist,Married,99910,1.0,16,1,8.0,3,8,0,7,3,3,3.0,3.0,3.0,7.117489583333334,0.30471679427645393,240,9.993819444444446,0.08862621551991325
31,0,Travel_Rarely,Research & Development,1,4,Life Sciences,1663,Male,3,Research Director,Single,61420,4.0,13,2,10.0,2,6,0,5,2,3,2.0,4.0,4.0,8.677375910746814,0.28456770724943675,244,10.00327868852459,0.07597914652154684
42,0,Travel_Rarely,Research & Development,5,3,Medical,1664,Male,3,Sales Executive,Married,53900,1.0,14,0,10.0,3,10,5,8,3,3,4.0,1.0,2.0,10.774355791962174,0.29572646029535676,235,9.997375886524821,0.078650492008648
45,0,Travel_Rarely,Research & Development,2,1,Medical,1665,Female,4,Sales Executive,Married,44040,0.0,23,0,9.0,2,8,3,7,3,4,4.0,2.0,4.0,7.426807992202729,0.30520593455330863,228,9.990497076023393,0.07854610522880864
26,1,Travel_Frequently,Research & Development,2,1,Life Sciences,1666,Female,2,Laboratory Technician,Divorced,59930,0.0,12,0,8.0,3,7,1,0,3,3,2.0,3.0,2.0,9.168659122085046,0.31414936469928867,243,9.99451303155007,0.07709557225831076
29,0,Travel_Rarely,Research & Development,5,3,Medical,1667,Male,1,Research Scientist,Divorced,51300,4.0,11,0,8.0,3,3,1,2,2,3,4.0,4.0,4.0,7.402640086206896,0.31299611145945105,232,10.000071839080459,0.07682178413859447
33,0,Travel_Rarely,Research & Development,16,3,Medical,1668,Female,1,Laboratory Technician,Divorced,20900,4.0,16,0,10.0,2,6,0,5,3,3,1.0,3.0,3.0,7.377401960784314,0.3245054712003777,238,10.004271708683472,0.06723319918684761
31,0,Travel_Rarely,Research & Development,2,4,Life Sciences,1669,Female,1,Sales Executive,Divorced,29090,9.0,14,2,10.0,2,5,0,1,3,3,3.0,4.0,2.0,6.706642406598738,0.29732543175183646,229,9.976783114992722,0.0742502787779736
18,1,Travel_Frequently,Research & Development,2,3,Technical Degree,1670,Male,1,Sales Executive,Single,34680,1.0,18,2,0.0,4,0,0,0,4,3,2.0,2.0,3.0,9.177018140589569,0.28596743885674736,245,9.98278911564626,0.07035034013605447
40,0,Non-Travel,Research & Development,1,4,Technical Degree,1671,Female,2,Laboratory Technician,Divorced,30680,3.0,19,0,20.0,3,1,0,1,2,3,3.0,1.0,3.0,6.911605067410507,0.282962853049069,239,10.011785216178522,0.08062032902421772
41,0,Non-Travel,Research & Development,23,3,Life Sciences,1672,Male,2,Manufacturing Director,Single,26700,2.0,15,2,10.0,2,8,0,7,2,3,1.0,3.0,3.0,9.313776340996167,0.31027926605180967,232,10.013290229885056,0.07957849741254922
26,0,Travel_Rarely,Research & Development,9,4,Medical,1673,Male,3,Healthcare Representative,Divorced,26930,5.0,17,3,8.0,3,0,0,0,2,3,1.0,3.0,3.0,5.995600472813239,0.2896168472339586,235,9.976382978723404,0.07614806732537234
35,0,Travel_Rarely,Research & Development,16,4,Medical,1674,Male,2,Human Resources,Single,95260,1.0,15,0,5.0,2,5,0,3,2,3,1.0,3.0,3.0,6.3117309458218545,0.33649580528812006,242,10.006198347107437,0.06629613753529262
34,0,Travel_Rarely,Research & Development,26,3,Medical,1675,Male,1,Laboratory Technician,Single,52370,1.0,19,1,10.0,3,10,5,7,2,3,4.0,4.0,3.0,6.438360254527656,0.28742292766293887,227,10.019309838472834,0.06679976739048508
26,1,Travel_Rarely,Sales,1,3,Marketing,1676,Female,2,Manufacturing Director,Single,24260,1.0,22,0,1.0,3,1,0,0,1,4,3.0,4.0,1.0,8.709504781420764,0.3046668423698511,244,9.993237704918032,0.06899043434752299
37,0,Travel_Rarely,Research & Development,8,1,Life Sciences,1677,Male,1,Sales Executive,Single,41930,4.0,16,1,12.0,5,6,1,2,3,3,2.0,4.0,4.0,7.423980716253444,0.3001940196770439,242,9.990151515151515,0.07939891655140621
46,0,Travel_Frequently,Research & Development,4,1,Medical,1678,Male,5,Human Resources,Married,29110,5.0,13,0,28.0,3,2,1,2,3,3,1.0,3.0,2.0,6.167455889365761,0.31158817009146567,233,9.957153075822603,0.07007792330587202
41,0,Travel_Rarely,Research & Development,24,1,Life Sciences,1679,Male,1,Research Director,Married,26610,7.0,14,1,22.0,2,18,11,8,3,3,2.0,3.0,3.0,7.716770680372002,0.3139340803628585,227,9.970411160058736,0.0782196925396021
37,0,Non-Travel,Research & Development,7,2,Medical,1680,Male,1,Sales Executive,Divorced,20280,1.0,16,1,9.0,3,9,7,7,3,3,1.0,2.0,3.0,7.489332125603865,0.29316597922581117,230,9.978333333333332,0.08106052886948084
52,0,Travel_Rarely,Sales,2,1,Medical,1681,Male,1,Laboratory Technician,Divorced,99800,3.0,11,1,18.0,2,10,6,9,3,3,4.0,1.0,3.0,9.078804644808743,0.272457420789098,244,9.971174863387978,0.08013277039435722
32,1,Non-Travel,Research & Development,7,2,Life Sciences,1682,Female,2,Research Director,Married,32980,8.0,22,0,6.0,4,4,1,2,2,4,4.0,3.0,3.0,6.009575650118203,0.2966393916848493,235,10.000070921985817,0.07730175183366668
24,0,Travel_Frequently,Sales,22,3,Life Sciences,1683,Female,1,Healthcare Representative,Married,29350,0.0,14,2,3.0,5,2,2,1,2,3,4.0,4.0,3.0,5.974057710727969,0.290535114216402,232,9.994683908045976,0.07634968320313146
38,0,Travel_Rarely,Research & Development,5,3,Life Sciences,1684,Female,1,Research Scientist,Married,154270,3.0,16,1,18.0,2,1,0,0,3,3,3.0,3.0,3.0,6.0161342592592595,0.29825574730555043,228,9.996491228070175,0.07664695880670842
37,0,Travel_Rarely,Research & Development,1,4,Technical Degree,1685,Female,5,Research Scientist,Married,39440,6.0,11,2,8.0,3,6,4,3,3,3,2.0,2.0,2.0,6.891148388648388,0.3084676889020312,231,9.94033189033189,0.07739162850032419
49,0,Travel_Rarely,Sales,21,1,Life Sciences,1686,Male,1,Sales Executive,Divorced,40110,1.0,18,2,31.0,2,31,0,9,1,3,4.0,3.0,3.0,10.797482923497268,0.32106103944969167,244,9.971653005464482,0.07869131211255778
24,0,Travel_Rarely,Sales,1,3,Marketing,1687,Female,1,Sales Executive,Married,34070,1.0,15,2,6.0,2,6,1,4,2,3,2.0,4.0,3.0,9.008302600472813,0.29162603565599565,235,10.005460992907802,0.08151444707118462
26,0,Travel_Rarely,Research & Development,19,4,Technical Degree,1688,Female,4,Sales Executive,Married,119940,1.0,14,1,6.0,6,5,1,4,3,3,1.0,2.0,4.0,7.3836464424951265,0.27815419143347875,228,9.993640350877193,0.09539133949042952
24,0,Travel_Rarely,Sales,7,3,Medical,1689,Female,1,Laboratory Technician,Married,12320,1.0,12,0,1.0,4,1,0,0,1,3,4.0,2.0,3.0,6.786804407713499,0.30137025940083734,242,9.954752066115704,0.07660364966145802
50,0,Travel_Frequently,Sales,2,2,Marketing,1690,Male,1,Sales Executive,Married,29600,1.0,14,3,32.0,2,32,10,7,3,3,1.0,2.0,3.0,6.773574380165289,0.27935143790945993,242,10.024793388429751,0.08149661458035656
25,0,Travel_Rarely,Research & Development,2,3,Life Sciences,1691,Male,1,Research Scientist,Married,190940,1.0,16,0,7.0,3,7,0,6,2,3,2.0,3.0,3.0,7.405586419753087,0.2908179790330799,243,9.983813443072702,0.08246418543837163
24,1,Travel_Frequently,Research & Development,2,3,Medical,1692,Male,2,Research Scientist,Married,39190,1.0,21,0,6.0,3,6,1,2,3,4,1.0,3.0,3.0,10.796519396551725,0.30100250799068623,232,10.02579022988506,0.0883110611451129
30,1,Travel_Frequently,Research & Development,9,3,Other,1693,Male,2,Healthcare Representative,Married,68250,1.0,14,0,1.0,2,1,0,0,3,3,2.0,1.0,4.0,6.946756854256854,0.2873885561090033,231,10.009235209235209,0.06994574105443672
34,0,Travel_Rarely,Sales,6,2,Life Sciences,1694,Male,4,Research Director,Married,102480,1.0,12,1,6.0,4,6,1,3,3,3,2.0,4.0,3.0,8.88040070921986,0.28096191879363175,235,9.998510638297873,0.06469269160049299
31,1,Travel_Rarely,Research & Development,9,1,Medical,1695,Female,1,Sales Representative,Divorced,189470,2.0,12,2,9.0,2,3,1,2,2,3,2.0,1.0,1.0,6.698702887909937,0.2845244187958383,227,9.980763582966226,0.07400147925790196
35,0,Travel_Rarely,Research & Development,2,3,Life Sciences,1696,Female,5,Sales Executive,Single,24960,4.0,17,3,9.0,3,3,0,2,3,3,1.0,4.0,3.0,7.861873306233062,0.2937783039686049,246,10.0,0.08568027210884345
31,0,Travel_Rarely,Sales,1,3,Marketing,1697,Female,2,Sales Executive,Divorced,64650,4.0,17,0,13.0,3,7,5,7,3,3,1.0,4.0,4.0,6.28636680613668,0.2868091411422673,239,9.977126917712692,0.07584250436576309
27,0,Travel_Rarely,Sales,22,4,Medical,1698,Male,1,Sales Representative,Divorced,22060,0.0,14,1,6.0,4,5,0,3,3,3,1.0,3.0,2.0,7.854169071669072,0.3149208848403515,231,9.990476190476189,0.0645031055900621
37,0,Travel_Rarely,Sales,9,4,Marketing,1699,Female,2,Laboratory Technician,Married,20860,4.0,14,0,17.0,3,3,1,0,3,3,4.0,3.0,2.0,8.908952903520804,0.31092430168369,243,9.99471879286694,0.07107736549936335
20,0,Travel_Rarely,Research & Development,17,4,Medical,1700,Female,1,Sales Representative,Single,22930,1.0,13,2,1.0,3,1,0,0,1,3,4.0,2.0,4.0,7.093976057647605,0.3067480092421433,239,10.048814504881452,0.07214961577378515
42,0,Travel_Rarely,Research & Development,28,4,Life Sciences,1701,Female,2,Manufacturing Director,Married,26450,1.0,15,0,10.0,5,10,2,2,3,3,3.0,4.0,3.0,7.506218038121803,0.3364594360068874,239,10.023082287308227,0.07858611785020848
43,0,Travel_Rarely,Research & Development,10,5,Technical Degree,1702,Female,2,Sales Executive,Divorced,26830,4.0,11,0,21.0,3,1,0,0,3,3,2.0,4.0,2.0,8.721149626517274,0.29879302204717306,238,9.980812324929973,0.07827538047567827
38,0,Travel_Rarely,Human Resources,2,4,Medical,1703,Male,1,Human Resources,Single,20140,3.0,17,1,8.0,5,0,0,0,4,3,3.0,1.0,2.0,6.794996423462089,0.3025897761619669,233,9.971459227467811,0.08576357028924747
43,0,Travel_Frequently,Sales,4,3,Medical,1704,Female,2,Healthcare Representative,Divorced,34190,3.0,11,1,10.0,5,8,4,7,3,3,4.0,3.0,3.0,9.141189458689457,0.30882303829166996,234,10.020797720797722,0.07436054355224606
48,0,Travel_Rarely,Research & Development,8,1,Medical,1705,Male,2,Laboratory Technician,Married,53760,7.0,13,1,21.0,3,3,0,2,4,3,4.0,1.0,1.0,7.0068008072174734,0.2849616108860662,234,9.96965811965812,0.08621895748505193
44,0,Travel_Rarely,Sales,29,4,Marketing,1706,Male,2,Sales Executive,Single,19510,4.0,22,3,10.0,4,2,0,2,4,4,1.0,3.0,4.0,6.698729024943311,0.28800530961741283,245,10.022108843537413,0.07655040704806504
34,0,Travel_Rarely,Research & Development,13,4,Life Sciences,1707,Female,1,Laboratory Technician,Divorced,23410,1.0,20,2,8.0,3,8,0,6,2,4,3.0,3.0,3.0,8.38059541062802,0.2861987544152166,230,9.97876811594203,0.061989014408370714
27,1,Travel_Rarely,Sales,27,3,Life Sciences,1708,Male,2,Research Scientist,Divorced,22930,0.0,18,0,5.0,0,4,0,2,3,3,3.0,1.0,3.0,6.505614338404794,0.28580061260332923,241,9.991009681881051,0.08198596703550032
21,0,Travel_Rarely,Sales,16,2,Life Sciences,1709,Male,3,Sales Executive,Single,87260,1.0,11,1,3.0,2,3,1,2,1,3,3.0,3.0,3.0,7.197285954785955,0.31458266646324623,231,9.978210678210678,0.0625569776439341
44,0,Travel_Rarely,Research & Development,2,2,Life Sciences,1710,Male,1,Laboratory Technician,Married,40110,4.0,14,1,26.0,2,2,0,1,3,3,4.0,4.0,4.0,8.654981325863679,0.31697022658147384,238,10.001610644257703,0.07283494762180553
22,0,Travel_Rarely,Research & Development,2,2,Medical,1711,Female,2,Laboratory Technician,Married,195450,0.0,14,0,3.0,3,2,2,2,2,3,1.0,3.0,3.0,6.00389239028945,0.29585566430411836,238,9.975980392156863,0.07899516698381176
32,0,Travel_Rarely,Research & Development,1,1,Life Sciences,1713,Female,1,Healthcare Representative,Married,30220,1.0,16,1,6.0,3,6,0,5,3,3,1.0,4.0,2.0,9.394063492063491,0.3156348817738467,245,10.012653061224489,0.07366438050630095
30,0,Travel_Frequently,Research & Development,4,5,Technical Degree,1714,Male,3,Manager,Divorced,57720,1.0,17,0,1.0,3,1,0,0,3,3,3.0,3.0,3.0,7.306887433284814,0.31958802781769585,229,9.985953420669578,0.08881133115418335
53,0,Travel_Rarely,Research & Development,24,3,Other,1715,Female,3,Manager,Single,22690,7.0,11,1,18.0,2,14,8,10,2,3,4.0,1.0,4.0,7.1054965277777775,0.2642614709095219,240,9.997430555555557,0.08191689427398104
34,0,Travel_Rarely,Research & Development,1,5,Medical,1716,Male,1,Research Scientist,Married,53810,1.0,12,0,10.0,0,10,8,8,3,3,2.0,4.0,2.0,7.402895955165692,0.29749412527422964,228,9.980482456140352,0.08126569866295696
45,1,Travel_Frequently,Research & Development,19,4,Life Sciences,1717,Male,3,Research Director,Married,34410,2.0,13,1,5.0,5,1,0,0,3,3,1.0,1.0,3.0,7.615660879629631,0.3014971491091828,240,9.974583333333333,0.07823320548582065
26,0,Travel_Rarely,Research & Development,7,2,Life Sciences,1718,Male,1,Manufacturing Director,Married,54540,1.0,13,1,3.0,5,3,0,2,4,3,3.0,4.0,3.0,10.005085377585377,0.27597855782261055,231,9.997113997113996,0.07655685216554779
37,0,Travel_Rarely,Research & Development,4,3,Medical,1719,Male,1,Manager,Married,98840,1.0,14,0,10.0,3,10,7,8,2,3,3.0,3.0,3.0,6.177475949975951,0.30132929143626586,231,9.982034632034631,0.06653453792584225
29,0,Travel_Rarely,Research & Development,2,3,Life Sciences,1720,Female,1,Healthcare Representative,Married,41570,1.0,17,3,6.0,2,6,1,2,3,3,2.0,3.0,2.0,6.801024229074891,0.28325407797524654,227,10.017694566813509,0.08293650020142163
35,0,Travel_Rarely,Research & Development,10,5,Medical,1721,Female,4,Laboratory Technician,Single,134580,1.0,11,0,17.0,3,17,11,8,3,3,2.0,4.0,3.0,6.727743352326685,0.30968131034496105,234,9.971367521367522,0.07943894207842706
33,0,Travel_Frequently,Research & Development,8,3,Technical Degree,1722,Male,2,Laboratory Technician,Divorced,90690,3.0,25,1,15.0,3,13,4,7,3,4,3.0,4.0,1.0,7.4961620370370365,0.2720456084240846,240,9.987152777777778,0.07632542518983414
54,0,Travel_Rarely,Research & Development,5,2,Life Sciences,1723,Female,2,Sales Executive,Married,40140,2.0,19,1,16.0,4,9,7,1,2,3,3.0,2.0,3.0,6.397855603448276,0.3177355606583332,232,9.995043103448278,0.075945741279793
36,0,Travel_Rarely,Research & Development,8,3,Life Sciences,1724,Male,2,Research Scientist,Divorced,59150,2.0,13,1,13.0,3,3,0,2,2,3,2.0,2.0,3.0,10.705447916666666,0.3023848352515281,240,10.010069444444444,0.07674267298155903
27,0,Travel_Rarely,Sales,9,3,Marketing,1725,Male,5,Research Director,Single,59930,0.0,14,1,5.0,3,4,1,1,1,3,1.0,4.0,3.0,7.000167394468705,0.31140229278910064,229,10.007714701601163,0.07088564144470832
20,1,Travel_Rarely,Research & Development,1,3,Life Sciences,1726,Male,5,Sales Representative,Single,61620,1.0,12,3,1.0,2,1,1,1,2,3,4.0,3.0,3.0,8.610434532042415,0.31525374727574074,241,9.963969571230981,0.08405866758875055
33,1,Travel_Frequently,Research & Development,15,4,Medical,1727,Female,1,Laboratory Technician,Single,24060,1.0,11,0,10.0,3,10,9,7,3,3,1.0,1.0,3.0,10.42268987341772,0.2996846059476983,237,9.994585091420532,0.0697834076298998
35,0,Non-Travel,Research & Development,2,1,Medical,1728,Male,1,Research Scientist,Married,187400,1.0,19,1,1.0,2,1,0,0,4,3,3.0,3.0,3.0,6.66601394604481,0.2792169360623255,243,9.972565157750342,0.07663173070019312
23,0,Travel_Rarely,Research & Development,2,3,Life Sciences,1729,Male,1,Healthcare Representative,Married,76370,2.0,11,1,5.0,3,3,0,2,3,3,1.0,1.0,4.0,7.071160673121254,0.2953611370870859,241,9.975587828492394,0.06448142385123705
25,0,Travel_Rarely,Research & Development,11,3,Medical,1730,Male,2,Manufacturing Director,Married,100960,0.0,11,1,4.0,3,3,1,2,3,3,4.0,2.0,3.0,7.7076554641060815,0.32030143652944165,243,9.98923182441701,0.06408352133380184
38,0,Travel_Rarely,Research & Development,16,3,Life Sciences,1731,Male,5,Research Scientist,Single,147560,0.0,20,1,8.0,3,7,0,5,2,4,4.0,4.0,3.0,6.807263374485596,0.30014106461093,243,9.994238683127572,0.09315537530183997
29,0,Travel_Frequently,Sales,2,4,Life Sciences,1732,Male,4,Healthcare Representative,Divorced,64990,1.0,18,3,10.0,3,10,2,8,2,3,2.0,4.0,3.0,7.775427708042771,0.30330872707246936,239,10.004253835425384,0.07633687087108203
48,0,Travel_Rarely,Research & Development,16,3,Technical Degree,1733,Male,1,Sales Executive,Married,97240,3.0,13,0,12.0,2,2,2,2,4,3,2.0,2.0,3.0,7.118721524872153,0.2897020441188946,239,10.000627615062761,0.07327341396809775
27,0,Travel_Frequently,Sales,4,3,Technical Degree,1734,Male,5,Laboratory Technician,Divorced,21940,1.0,12,0,6.0,5,6,0,4,3,3,4.0,4.0,3.0,8.938866430260047,0.29926220205219833,235,9.98432624113475,0.09099853508718754
37,0,Travel_Rarely,Research & Development,16,3,Life Sciences,1735,Male,3,Manager,Single,33880,3.0,11,0,4.0,2,1,0,0,4,3,4.0,4.0,3.0,7.565030218503022,0.2830026500105023,239,9.969386331938633,0.0724563912036223
50,0,Travel_Rarely,Sales,5,3,Medical,1736,Male,1,Laboratory Technician,Married,54730,1.0,19,1,20.0,2,20,3,8,4,3,4.0,3.0,3.0,9.12480329041488,0.30177185584173416,233,10.00071530758226,0.07237017578478283
34,0,Travel_Rarely,Research & Development,18,1,Medical,1737,Male,1,Healthcare Representative,Single,27030,1.0,21,1,9.0,2,8,7,7,3,4,4.0,2.0,4.0,6.781649232914924,0.3063736798297156,239,10.001046025104603,0.07632126351237843
24,1,Travel_Rarely,Research & Development,17,2,Life Sciences,1738,Female,1,Healthcare Representative,Single,25010,9.0,12,0,4.0,3,2,2,0,1,3,1.0,3.0,3.0,7.503401056014693,0.30418543492440536,242,10.006887052341598,0.07691871563618079
39,0,Travel_Rarely,Research & Development,12,5,Medical,1739,Female,1,Sales Representative,Single,62200,1.0,14,2,20.0,2,20,11,10,3,3,4.0,3.0,3.0,6.74090564738292,0.2899618039781159,242,9.966666666666667,0.08355002305209773
32,0,Travel_Rarely,Research & Development,2,3,Life Sciences,1740,Male,5,Research Scientist,Single,30380,1.0,11,0,10.0,5,10,0,8,1,3,4.0,4.0,2.0,7.892434573002754,0.322726039116698,242,9.99965564738292,0.07976820734695125
50,1,Travel_Frequently,Research & Development,4,2,Medical,1741,Male,4,Sales Representative,Married,44240,3.0,14,1,18.0,2,4,1,3,2,3,2.0,3.0,3.0,8.207366522366522,0.2863819725699861,231,9.993722943722945,0.07257274609448514
38,0,Travel_Rarely,Research & Development,9,4,Life Sciences,1742,Male,1,Sales Executive,Single,43120,0.0,12,1,10.0,2,9,1,8,2,3,2.0,4.0,2.0,7.198367149758454,0.27987280948150267,230,9.986014492753624,0.0868765742674515
27,0,Travel_Rarely,Research & Development,10,3,Medical,1743,Male,5,Research Scientist,Married,132450,1.0,23,1,9.0,3,9,0,7,2,4,3.0,1.0,3.0,6.449521475256771,0.2938302123809456,238,9.996708683473388,0.0742495528450481
32,0,Travel_Rarely,Sales,1,3,Medical,1744,Male,2,Sales Executive,Single,136640,3.0,14,0,10.0,6,7,7,7,3,3,3.0,4.0,3.0,7.892938775510204,0.29816887323938523,245,10.015034013605442,0.07666626705326937
47,0,Travel_Rarely,Research & Development,2,3,Medical,1745,Female,5,Sales Executive,Single,50210,2.0,17,0,20.0,3,7,1,7,3,3,4.0,1.0,3.0,6.676836219336219,0.29398938775017697,231,9.975829725829724,0.06999900662944145
40,0,Travel_Frequently,Research & Development,3,4,Medical,1746,Female,3,Human Resources,Married,51260,5.0,18,0,20.0,2,18,1,12,3,3,4.0,1.0,3.0,8.57186974789916,0.2995843730997365,238,9.964285714285714,0.07830888754939391
53,0,Travel_Rarely,Research & Development,7,1,Life Sciences,1747,Male,2,Laboratory Technician,Married,28590,3.0,18,1,32.0,2,5,1,3,3,3,3.0,3.0,3.0,6.812551263710062,0.2901965350068629,233,10.022246065808298,0.07325178210251086
41,0,Travel_Rarely,Sales,6,3,Medical,1748,Male,1,Sales Executive,Divorced,102390,3.0,24,3,23.0,3,21,12,6,3,4,2.0,4.0,2.0,7.706537494284408,0.3211917420818508,243,9.982510288065845,0.08980877801584879
60,0,Travel_Rarely,Research & Development,8,2,Life Sciences,1749,Female,5,Laboratory Technician,Single,53290,8.0,20,0,10.0,3,2,2,2,4,4,1.0,1.0,3.0,6.60321497584541,0.3229942358266737,230,9.98304347826087,0.07848608737843611
27,0,Travel_Frequently,Research & Development,29,1,Life Sciences,1750,Male,2,Manufacturing Director,Divorced,43250,1.0,14,0,9.0,2,9,1,7,2,3,4.0,1.0,2.0,7.412207049486461,0.2926621450247501,238,9.98452380952381,0.066931300649655
41,0,Travel_Rarely,Research & Development,3,3,Medical,1751,Male,1,Manufacturing Director,Married,72600,1.0,16,0,22.0,2,22,2,10,3,3,4.0,3.0,3.0,6.236250581125058,0.2856116654075918,239,10.00258019525802,0.07047767503096078
50,0,Travel_Rarely,Sales,9,3,Life Sciences,1752,Male,2,Research Scientist,Married,23220,7.0,25,1,4.0,0,2,2,2,4,4,4.0,2.0,3.0,7.406968918257464,0.2969159737363129,227,9.988839941262851,0.08334343690304469
28,1,Travel_Rarely,Sales,2,4,Life Sciences,1753,Male,3,Research Scientist,Single,20750,7.0,18,3,10.0,0,7,3,7,2,3,1.0,2.0,3.0,8.101006224066388,0.29236539686255897,241,9.98734439834025,0.08628477024742591
36,0,Non-Travel,Research & Development,10,4,Technical Degree,1754,Female,2,Research Scientist,Married,41520,9.0,19,1,10.0,3,8,0,5,3,3,1.0,1.0,3.0,5.98372763653484,0.2850806188483417,236,10.00670903954802,0.08431531734583493
38,0,Travel_Rarely,Research & Development,1,3,Medical,1755,Female,3,Manager,Single,96190,4.0,13,1,10.0,2,1,0,0,3,3,3.0,3.0,4.0,9.841307617661329,0.31764931952653297,229,9.978602620087337,0.07272484188394332
44,0,Non-Travel,Research & Development,8,2,Life Sciences,1756,Male,1,Research Scientist,Single,135030,2.0,12,0,9.0,6,5,1,4,2,3,1.0,3.0,3.0,6.12310340802988,0.29687447065392025,238,9.995798319327731,0.0737773956277307
47,0,Travel_Frequently,Research & Development,27,3,Life Sciences,1757,Male,1,Research Scientist,Divorced,54410,9.0,22,1,28.0,6,22,11,13,2,4,4.0,3.0,2.0,8.299020531400966,0.3007116008618858,230,10.008840579710144,0.07898263822964795
30,0,Travel_Rarely,Research & Development,8,3,Life Sciences,1758,Male,2,Sales Executive,Divorced,52090,7.0,14,1,10.0,3,8,7,7,3,3,3.0,4.0,2.0,7.521344671201813,0.28717938838042245,245,10.00687074829932,0.07831211664993863
29,0,Travel_Rarely,Research & Development,1,2,Medical,1759,Female,1,Sales Executive,Single,106730,1.0,13,3,1.0,2,1,0,0,3,3,3.0,3.0,3.0,6.429023456790124,0.31449861995991674,225,9.995111111111111,0.08133263888888884
42,1,Travel_Frequently,Research & Development,10,1,Life Sciences,1760,Female,1,Sales Executive,Divorced,50100,6.0,21,3,7.0,3,2,2,2,3,4,3.0,3.0,3.0,9.957406648451729,0.30649904965966823,244,9.992691256830602,0.08404444200829035
43,0,Travel_Frequently,Research & Development,26,1,Life Sciences,1761,Male,1,Laboratory Technician,Married,135490,3.0,11,2,7.0,3,2,2,2,3,3,4.0,4.0,3.0,7.118760775862069,0.30784370514428,232,10.00308908045977,0.0859103296926574
34,0,Travel_Rarely,Research & Development,2,5,Technical Degree,1762,Male,2,Healthcare Representative,Single,49990,3.0,12,2,10.0,2,5,4,3,4,3,2.0,3.0,3.0,6.394135536398467,0.3010023389235597,232,10.00287356321839,0.08303643993299167
23,0,Travel_Rarely,Sales,13,3,Marketing,1763,Male,5,Sales Executive,Married,42210,1.0,11,1,5.0,4,4,0,2,3,3,2.0,1.0,4.0,7.805959699453552,0.2869628054064951,244,9.990232240437159,0.08014996870479059
39,0,Travel_Rarely,Sales,2,4,Marketing,1764,Female,4,Healthcare Representative,Married,138720,9.0,12,3,12.0,3,8,3,6,2,3,3.0,2.0,1.0,6.285127217553688,0.2828067352725083,238,9.997058823529413,0.07531714514216376
56,0,Travel_Rarely,Research & Development,2,4,Medical,1765,Male,1,Manager,Married,20420,7.0,12,0,30.0,6,10,1,1,3,3,3.0,4.0,2.0,7.095374244537425,0.30219682000387554,239,9.954602510460251,0.08087508643624804
40,0,Travel_Rarely,Sales,9,3,Marketing,1766,Male,2,Research Scientist,Single,20730,0.0,14,0,5.0,3,4,2,3,3,3,4.0,4.0,2.0,8.797861336946703,0.29810491015581503,246,9.992073170731707,0.09294938056523425
27,0,Travel_Rarely,Research & Development,10,3,Life Sciences,1767,Female,1,Laboratory Technician,Single,29560,8.0,13,0,9.0,6,7,0,7,3,3,4.0,1.0,1.0,7.492104481024235,0.3128841325135813,243,9.993621399176956,0.07570868618848417
29,0,Travel_Rarely,Sales,20,3,Marketing,1768,Female,2,Manager,Divorced,29260,1.0,15,1,2.0,3,2,2,2,2,3,4.0,2.0,3.0,7.0666621499548326,0.29782059415615814,246,9.971070460704606,0.07451454104677105
53,0,Travel_Rarely,Research & Development,9,3,Life Sciences,1769,Female,3,Laboratory Technician,Single,48090,2.0,18,0,19.0,2,2,2,2,3,3,4.0,4.0,3.0,6.3258297101449275,0.27752715462458005,230,9.98876811594203,0.08734418180283955
35,0,Non-Travel,Research & Development,5,1,Medical,1770,Male,1,Healthcare Representative,Divorced,51630,2.0,18,2,16.0,4,1,0,0,3,3,4.0,1.0,4.0,7.077205743879473,0.31011578752313873,236,9.991525423728813,0.08860163481187637
32,0,Travel_Frequently,Sales,4,4,Life Sciences,1771,Male,2,Sales Executive,Married,188440,1.0,19,0,10.0,3,10,4,7,1,3,1.0,4.0,3.0,7.808465986394558,0.28931136086689613,245,9.961496598639455,0.0757860023790937
38,0,Travel_Rarely,Sales,10,3,Medical,1772,Male,4,Laboratory Technician,Married,181720,6.0,12,2,6.0,5,1,0,1,3,3,4.0,3.0,1.0,10.874641723356008,0.32577454216848983,245,9.997687074829932,0.06580746998252854
34,0,Travel_Rarely,Research & Development,20,3,Medical,1773,Female,3,Laboratory Technician,Divorced,57440,3.0,19,1,7.0,4,0,0,0,2,3,2.0,1.0,3.0,6.170700431034483,0.30354707633587147,232,9.995330459770116,0.062336205859912744
52,0,Travel_Rarely,Sales,21,5,Technical Degree,1774,Male,3,Manager,Married,28890,1.0,11,1,34.0,2,34,1,16,3,3,3.0,1.0,4.0,5.995460107684777,0.2980135242947355,227,9.960866372980911,0.0702427564010933
33,1,Travel_Rarely,Research & Development,1,2,Medical,1775,Male,3,Laboratory Technician,Single,28710,1.0,17,3,10.0,2,10,7,8,3,3,4.0,4.0,2.0,9.988328779599273,0.32040722784012754,244,10.009767759562841,0.06983446801891956
25,0,Travel_Rarely,Research & Development,8,3,Life Sciences,1776,Male,2,Research Scientist,Single,74840,1.0,15,0,6.0,3,6,1,4,3,3,3.0,4.0,2.0,7.7169027777777774,0.3130790438833146,240,9.993819444444444,0.07920036707732835
45,0,Travel_Rarely,Sales,2,3,Life Sciences,1777,Male,3,Healthcare Representative,Single,60740,0.0,14,0,9.0,2,8,3,1,3,3,2.0,3.0,3.0,5.9940800865800865,0.32239969373373467,231,9.971284271284272,0.07958003429742559
23,0,Travel_Rarely,Research & Development,23,1,Life Sciences,1778,Female,2,Research Scientist,Single,173280,1.0,17,1,2.0,2,2,0,2,1,3,1.0,3.0,3.0,7.997055555555556,0.2973329099089369,245,9.961972789115647,0.07291162038585915
47,1,Travel_Frequently,Research & Development,4,3,Life Sciences,1779,Male,1,Research Director,Single,27740,4.0,13,1,8.0,2,5,1,3,3,3,2.0,3.0,3.0,10.009682033096926,0.2937391743647233,235,9.976099290780141,0.06530357034612355
34,0,Travel_Rarely,Research & Development,12,3,Technical Degree,1780,Male,1,Research Scientist,Single,45050,1.0,12,0,6.0,3,6,1,4,3,3,4.0,4.0,3.0,7.804073275862069,0.30785389373313377,232,9.970474137931037,0.07204772996798846
55,1,Travel_Rarely,Human Resources,7,3,Human Resources,1781,Male,4,Laboratory Technician,Married,74280,5.0,12,0,24.0,2,5,1,4,3,3,4.0,1.0,3.0,8.05094806763285,0.292704960760628,230,9.9581884057971,0.07701295804063037
36,0,Non-Travel,Research & Development,7,2,Life Sciences,1782,Male,5,Sales Executive,Single,116310,1.0,18,1,10.0,2,10,0,9,1,3,1.0,1.0,3.0,7.396366898148148,0.29697329625301055,240,9.997291666666666,0.0643824529288702
52,0,Non-Travel,Research & Development,1,4,Life Sciences,1783,Male,5,Sales Executive,Married,97380,0.0,18,2,5.0,2,4,1,2,3,3,4.0,4.0,3.0,7.245820105820106,0.30412803698634827,231,9.996536796536796,0.0830821569734613
26,0,Travel_Frequently,Research & Development,2,2,Life Sciences,1784,Male,1,Manufacturing Director,Divorced,28350,3.0,11,1,5.0,2,2,2,0,3,3,1.0,4.0,3.0,7.090755017131668,0.30388588686656753,227,10.001395007342143,0.07779671791006627
29,0,Travel_Rarely,Research & Development,10,2,Medical,1785,Male,3,Manufacturing Director,Married,169590,4.0,14,3,11.0,5,8,1,1,3,3,2.0,3.0,2.0,6.279730461393596,0.32035825550524144,236,9.981073446327683,0.08107524942901792
26,1,Travel_Rarely,Research & Development,15,2,Life Sciences,1786,Male,2,Laboratory Technician,Single,26130,6.0,19,1,6.0,2,4,1,2,3,3,4.0,1.0,3.0,6.197631766381766,0.2914486300103416,234,9.995441595441596,0.07473115847221709
34,0,Travel_Rarely,Research & Development,14,4,Technical Degree,1787,Male,2,Manufacturing Director,Single,61460,2.0,12,0,10.0,3,4,1,3,3,3,2.0,4.0,3.0,6.203041125541126,0.31541741750901553,231,9.988239538239538,0.07497823995650076
54,0,Travel_Rarely,Research & Development,18,4,Medical,1788,Female,2,Laboratory Technician,Divorced,49630,9.0,15,1,9.0,2,5,1,4,3,3,4.0,1.0,3.0,8.896373188405798,0.2723056431961922,230,10.002971014492754,0.075045719680189
27,0,Travel_Frequently,Research & Development,13,2,Life Sciences,1789,Female,4,Research Scientist,Married,195370,0.0,12,0,5.0,5,4,1,1,3,3,3.0,4.0,3.0,6.805050505050505,0.3058095490714166,242,9.984710743801653,0.08732635673978564
37,0,Travel_Rarely,Sales,2,4,Technical Degree,1790,Male,2,Manufacturing Director,Divorced,61720,0.0,11,0,6.0,1,5,4,3,3,3,4.0,1.0,2.0,9.499684944684946,0.2863584614159775,231,10.000360750360748,0.08734407219189828
38,0,Travel_Frequently,Sales,2,4,Life Sciences,1791,Female,2,Research Scientist,Single,23680,6.0,11,1,17.0,3,15,4,12,3,3,1.0,1.0,3.0,10.821924119241192,0.2887507435499425,246,9.996002710027101,0.0679624145050975
34,0,Travel_Rarely,Sales,2,3,Marketing,1792,Male,1,Sales Representative,Single,103120,1.0,12,0,6.0,2,6,1,3,3,3,3.0,1.0,3.0,6.887651300236407,0.3118807657549109,235,9.971702127659574,0.0701609080438867
35,0,Travel_Rarely,Research & Development,5,4,Medical,1793,Male,3,Manager,Married,16750,1.0,16,0,3.0,6,3,0,2,2,3,1.0,4.0,2.0,7.8023307656395895,0.31081050493970946,238,9.96064425770308,0.06990966288062345
30,0,Travel_Rarely,Research & Development,20,3,Medical,1794,Male,1,Laboratory Technician,Married,25230,3.0,13,1,7.0,2,2,0,2,3,3,4.0,3.0,3.0,7.1923405797101445,0.309147090833227,230,9.976304347826087,0.09180748581313407
40,0,Travel_Frequently,Research & Development,10,4,Medical,1795,Male,2,Manufacturing Director,Married,65670,1.0,13,1,8.0,3,8,3,7,4,3,3.0,2.0,3.0,6.371433615819209,0.30414013231054227,236,10.019844632768361,0.09395557859518362
34,0,Travel_Rarely,Research & Development,10,3,Life Sciences,1796,Male,3,Healthcare Representative,Married,47390,5.0,24,2,6.0,2,3,1,2,3,4,3.0,1.0,3.0,7.893172705314011,0.27924050713765514,230,10.01036231884058,0.07777788853026174
42,0,Travel_Frequently,Research & Development,9,4,Medical,1797,Male,1,Manufacturing Director,Divorced,92080,1.0,15,1,24.0,2,24,14,9,4,3,2.0,4.0,2.0,7.821308321308322,0.3025853450266982,231,10.013419913419915,0.06771767363071693
23,1,Travel_Rarely,Sales,2,3,Medical,1798,Female,4,Manufacturing Director,Married,45590,1.0,18,1,1.0,2,0,0,0,2,3,3.0,1.0,3.0,7.996996598639455,0.31522488150023803,245,10.013945578231294,0.08550486041411093
24,0,Non-Travel,Sales,1,5,Marketing,1799,Female,1,Manufacturing Director,Divorced,81890,1.0,14,1,1.0,3,1,0,0,3,3,3.0,2.0,3.0,6.749403910348116,0.3275430148301727,233,9.992203147353361,0.07999522100537718
52,0,Travel_Rarely,Research & Development,29,3,Life Sciences,1800,Male,2,Manufacturing Director,Married,29420,8.0,11,1,9.0,1,5,1,4,2,3,4.0,3.0,3.0,6.0589536252354055,0.30247570014774255,236,10.01603107344633,0.08680219477501298
50,0,Travel_Rarely,Research & Development,8,4,Life Sciences,1801,Male,2,Sales Executive,Married,49410,5.0,11,1,30.0,3,4,0,3,1,3,3.0,3.0,3.0,6.363878515444906,0.28916998136014044,241,9.968326417704011,0.0782125115260489
29,1,Travel_Rarely,Sales,2,4,Marketing,1802,Female,4,Research Scientist,Married,106500,1.0,13,2,1.0,2,1,0,0,4,3,2.0,1.0,3.0,10.674197154471544,0.30402874467348945,246,9.983468834688347,0.07091381376398805
33,0,Travel_Rarely,Research & Development,3,4,Life Sciences,1803,Male,4,Manufacturing Director,Married,59020,0.0,12,1,14.0,2,13,3,7,3,3,3.0,3.0,4.0,6.994114507520622,0.2888001338098871,229,10.008151382823872,0.07478462805485324
33,1,Travel_Rarely,Research & Development,23,5,Life Sciences,1804,Male,1,Human Resources,Single,86390,5.0,16,2,6.0,3,3,0,2,2,3,1.0,1.0,3.0,8.022934782608695,0.3139970060444655,230,10.014999999999999,0.07351855895196502
47,0,Travel_Rarely,Research & Development,6,4,Other,1805,Male,2,Manager,Married,63470,1.0,14,0,26.0,2,26,3,0,4,3,3.0,4.0,2.0,9.502909544159545,0.28254027294722667,234,10.007834757834756,0.08260406604469551
36,0,Travel_Rarely,Sales,6,3,Medical,1806,Female,2,Sales Executive,Married,42000,0.0,22,0,10.0,3,9,0,5,3,4,3.0,2.0,3.0,7.686010101010102,0.31495926589512824,242,9.959917355371902,0.07111608350574779
29,0,Travel_Rarely,Research & Development,10,3,Other,1807,Male,1,Research Scientist,Married,34520,1.0,11,0,10.0,3,10,0,7,2,3,3.0,3.0,3.0,7.688039990421456,0.28441952566764084,232,9.978951149425288,0.07646820731950042
58,1,Travel_Rarely,Research & Development,24,3,Other,1808,Female,2,Research Scientist,Single,43170,7.0,17,0,40.0,2,31,13,8,3,3,4.0,2.0,3.0,8.896928240740742,0.28987483025710115,240,9.976388888888888,0.08426584534325122
35,0,Travel_Rarely,Sales,10,4,Marketing,1809,Female,1,Research Scientist,Single,26320,3.0,13,3,7.0,3,2,2,2,4,3,4.0,3.0,3.0,7.759774805669867,0.29622974217793807,243,10.004732510288065,0.07572016460905343
42,0,Travel_Rarely,Sales,15,1,Marketing,1810,Male,2,Laboratory Technician,Married,46680,9.0,18,2,8.0,2,4,0,2,3,3,4.0,4.0,3.0,10.498053181386513,0.305926899672554,234,9.999074074074072,0.07090400307317332
28,1,Travel_Rarely,Research & Development,19,4,Medical,1811,Female,2,Sales Executive,Single,32040,6.0,16,1,5.0,4,2,2,1,2,3,3.0,3.0,2.0,6.219219122556033,0.3029883313092629,233,9.993133047210298,0.07484248844819356
36,0,Travel_Rarely,Research & Development,2,3,Life Sciences,1812,Male,2,Healthcare Representative,Married,27200,4.0,14,1,8.0,3,5,0,4,3,3,3.0,2.0,3.0,6.590180375180374,0.30130076106267856,231,10.01284271284271,0.08295028964594187
32,0,Travel_Rarely,Research & Development,3,1,Medical,1813,Male,2,Manufacturing Director,Married,171810,1.0,14,0,14.0,2,14,6,8,2,3,3.0,3.0,3.0,7.9929382969034615,0.29306058009792085,244,10.00389344262295,0.07420174259971375
40,0,Travel_Frequently,Sales,9,3,Marketing,1814,Male,3,Manufacturing Director,Single,22380,6.0,14,0,10.0,3,1,0,0,3,3,1.0,3.0,3.0,6.905994886099489,0.29881668610380824,239,9.980822873082289,0.07430506233176677
30,0,Travel_Rarely,Research & Development,7,3,Technical Degree,1815,Male,2,Research Director,Single,14830,5.0,13,0,12.0,3,0,0,0,3,3,3.0,4.0,2.0,9.40196485260771,0.33087794462575454,245,9.989115646258503,0.07849215642541169
45,0,Travel_Rarely,Research & Development,10,4,Life Sciences,1816,Male,1,Research Director,Single,56050,1.0,12,2,1.0,2,1,0,0,3,3,2.0,3.0,3.0,6.6021959942775394,0.32599468935899967,233,9.988912732474963,0.07708319972703195
42,0,Travel_Rarely,Research & Development,20,2,Medical,1817,Male,2,Sales Representative,Married,72950,1.0,15,0,10.0,3,9,7,8,3,3,2.0,2.0,2.0,7.626456552706552,0.31481798085535617,234,9.988603988603991,0.06831497173414208
38,0,Travel_Frequently,Sales,4,3,Medical,1818,Male,2,Research Scientist,Divorced,23060,2.0,19,1,13.0,5,4,1,2,3,3,1.0,1.0,2.0,7.5931216931216925,0.28879262720860155,231,9.956637806637808,0.08218763201371902
34,0,Travel_Frequently,Research & Development,7,4,Life Sciences,1819,Male,3,Laboratory Technician,Single,23480,1.0,14,1,6.0,3,5,1,3,3,3,3.0,4.0,3.0,6.909130434782608,0.31437506418679384,230,9.987391304347826,0.0871620150623378
49,1,Travel_Rarely,Sales,7,2,Life Sciences,1820,Female,2,Healthcare Representative,Married,89980,1.0,14,2,9.0,2,9,7,7,4,3,3.0,4.0,4.0,6.313039855072463,0.3003003893212468,230,10.005507246376812,0.07872014429466499
55,1,Travel_Rarely,Human Resources,16,3,Technical Degree,1821,Male,4,Manufacturing Director,Single,43190,4.0,11,0,12.0,3,9,7,3,4,3,3.0,4.0,2.0,6.3899316939890705,0.309658772263756,244,9.973360655737705,0.08258875096509179
43,0,Travel_Rarely,Research & Development,25,2,Medical,1822,Male,2,Healthcare Representative,Married,61320,6.0,13,0,22.0,3,4,1,0,2,3,2.0,1.0,3.0,7.2855543785310735,0.29479908668275145,236,9.992372881355932,0.07967207597066955
27,0,Travel_Rarely,Sales,2,4,Medical,1823,Male,2,Manager,Divorced,33460,1.0,21,1,9.0,2,9,0,8,2,4,3.0,4.0,3.0,10.525373015873017,0.3038932090780914,245,10.018571428571429,0.07317714025500914
35,0,Travel_Rarely,Research & Development,1,3,Medical,1824,Male,1,Research Director,Single,108550,3.0,13,1,17.0,2,8,1,6,3,3,3.0,3.0,4.0,7.024023532265891,0.2922728380235457,229,9.990320232896652,0.07828430245920485
28,0,Travel_Rarely,Sales,1,2,Technical Degree,1825,Female,1,Sales Executive,Married,22310,1.0,12,0,8.0,3,8,7,5,2,3,2.0,2.0,3.0,9.9114412568306,0.30668869747833916,244,9.982718579234971,0.07129248746317654
34,0,Travel_Rarely,Sales,2,5,Life Sciences,1826,Male,4,Research Scientist,Married,23230,0.0,17,0,4.0,2,3,0,2,3,3,3.0,4.0,1.0,6.913744769874477,0.29110092728389503,239,9.956485355648535,0.08088330032152335
26,1,Travel_Frequently,Research & Development,22,4,Other,1827,Female,1,Sales Executive,Married,20240,1.0,23,0,8.0,2,8,1,7,3,4,3.0,3.0,3.0,8.012555315055314,0.27006222993608797,231,9.952813852813854,0.09122513959470482
27,0,Non-Travel,Sales,1,3,Technical Degree,1828,Female,1,Sales Executive,Married,27130,1.0,11,0,0.0,2,0,0,0,3,3,4.0,4.0,2.0,7.249490338164252,0.3070825819789849,230,9.966086956521739,0.07464061346328288
51,0,Travel_Rarely,Sales,16,3,Medical,1829,Male,3,Research Scientist,Married,94390,2.0,15,3,29.0,0,20,4,17,3,3,1.0,3.0,2.0,6.081764295676429,0.303457362126472,239,10.001324965132497,0.08208623895862384
44,0,Travel_Rarely,Sales,24,5,Medical,1830,Female,1,Sales Executive,Single,25660,9.0,11,1,10.0,3,5,2,3,3,3,4.0,2.0,2.0,6.295518755935423,0.3151327144236358,234,10.006339031339033,0.07897848065408865
25,0,Travel_Rarely,Research & Development,17,3,Medical,1831,Male,1,Laboratory Technician,Single,199260,7.0,11,3,6.0,5,4,0,1,4,3,1.0,1.0,2.0,6.377411835748792,0.28117654804294573,230,9.98768115942029,0.06560934961922248
33,0,Travel_Rarely,Research & Development,8,4,Life Sciences,1832,Male,3,Laboratory Technician,Divorced,24510,1.0,13,1,9.0,3,9,0,8,2,3,1.0,1.0,3.0,6.023360136452243,0.30342826425362274,228,9.946345029239767,0.08475408111566254
35,0,Travel_Rarely,Sales,6,4,Medical,1833,Female,2,Manager,Single,94190,1.0,24,1,6.0,5,6,1,1,2,4,3.0,1.0,2.0,6.895604075691412,0.29456574667967167,229,10.004730713245996,0.08407961771240333
36,0,Travel_Rarely,Sales,10,4,Marketing,1834,Male,3,Manager,Married,86860,1.0,13,0,18.0,2,18,4,11,3,3,2.0,4.0,2.0,9.710834500466854,0.32914329984250035,238,9.974929971988795,0.08018459423150408
32,0,Travel_Rarely,Research & Development,3,4,Medical,1835,Female,4,Sales Executive,Divorced,30380,2.0,20,0,8.0,3,5,0,3,3,4,2.0,4.0,2.0,7.831357487922705,0.3127376303155886,230,9.987173913043478,0.07942599097103553
30,0,Travel_Frequently,Research & Development,4,5,Medical,1836,Male,5,Sales Representative,Divorced,30580,9.0,14,1,10.0,2,5,0,3,3,3,2.0,4.0,2.0,6.379905817835002,0.3088008262018444,233,9.987625178826896,0.0798689527732558
53,0,Travel_Rarely,Sales,6,3,Marketing,1837,Male,4,Sales Executive,Married,23250,7.0,18,1,35.0,1,5,0,4,4,3,1.0,4.0,3.0,10.363845704948647,0.3040376509612419,238,9.984593837535014,0.08398340208094482
45,0,Travel_Rarely,Research & Development,1,5,Technical Degree,1838,Male,2,Healthcare Representative,Divorced,20880,4.0,15,3,18.0,2,5,0,2,3,3,4.0,1.0,3.0,8.491444931773879,0.29822677272972314,228,10.001608187134503,0.0806092476664006
32,0,Travel_Rarely,Sales,10,3,Marketing,1839,Female,1,Human Resources,Married,30720,5.0,12,0,9.0,4,5,1,3,1,3,3.0,3.0,2.0,6.633939603503919,0.29248696484377773,241,9.994260027662516,0.07432455432611026
52,0,Travel_Frequently,Research & Development,1,1,Life Sciences,1840,Male,2,Laboratory Technician,Married,50060,3.0,16,1,31.0,2,9,0,0,3,3,3.0,4.0,3.0,7.627005910165486,0.3158670619040229,235,9.99,0.0752521367521368
37,0,Travel_Rarely,Sales,24,2,Life Sciences,1841,Female,4,Laboratory Technician,Divorced,42570,4.0,15,0,9.0,2,1,0,0,3,3,4.0,3.0,3.0,6.102939623507805,0.30598443791442753,242,9.976790633608815,0.08193142762974895
28,0,Travel_Rarely,Research & Development,21,4,Life Sciences,1842,Female,1,Healthcare Representative,Divorced,25000,1.0,16,2,6.0,3,5,0,4,3,3,2.0,4.0,3.0,6.290355509830818,0.32213216784631926,243,9.989094650205761,0.06667925041662415
22,0,Travel_Rarely,Research & Development,2,2,Life Sciences,1843,Male,1,Sales Representative,Married,11020,6.0,19,0,4.0,3,2,2,2,2,3,4.0,4.0,1.0,6.472758112094395,0.30272895793256793,226,10.013200589970502,0.07040892057248992
44,0,Travel_Rarely,Research & Development,22,3,Medical,1844,Female,1,Laboratory Technician,Married,104530,2.0,11,1,10.0,2,3,0,2,3,3,1.0,4.0,2.0,10.991957939721097,0.29611116058785264,247,10.024696356275303,0.07437857725405861
42,0,Travel_Frequently,Sales,13,4,Life Sciences,1845,Female,2,Laboratory Technician,Single,22880,5.0,16,1,8.0,4,2,2,2,2,3,2.0,4.0,3.0,8.005260631001372,0.28153730554035916,243,10.003909465020577,0.08026816991463456
36,0,Travel_Rarely,Research & Development,14,3,Other,1846,Male,2,Research Scientist,Married,39290,0.0,24,0,6.0,6,5,0,3,2,4,1.0,1.0,3.0,7.605230090605627,0.29555802283790905,233,9.989198855507867,0.07768335923240094
25,0,Travel_Rarely,Sales,11,3,Life Sciences,1847,Female,1,Laboratory Technician,Married,23110,1.0,11,1,5.0,2,5,0,3,3,3,3.0,1.0,3.0,10.396100517890773,0.3010758981272709,236,9.978389830508473,0.06611730175902553
35,0,Travel_Rarely,Research & Development,9,2,Life Sciences,1848,Female,1,Healthcare Representative,Married,31400,1.0,13,1,17.0,2,17,5,15,2,3,4.0,3.0,3.0,8.777904693486589,0.28580628370479055,232,9.983117816091953,0.0749819158332089
35,1,Travel_Frequently,Sales,8,2,Marketing,1849,Female,1,Laboratory Technician,Divorced,36900,1.0,13,1,10.0,2,10,7,8,4,3,4.0,2.0,3.0,9.974883286647993,0.29894037657522515,238,9.997408963585434,0.08486081563427059
32,0,Non-Travel,Research & Development,21,3,Life Sciences,1850,Male,1,Sales Executive,Divorced,44500,0.0,13,0,4.0,3,3,0,2,3,3,4.0,4.0,3.0,7.89870778267254,0.30186127305764454,227,10.013950073421439,0.07768064056415402
25,0,Travel_Rarely,Sales,5,3,Marketing,1851,Female,4,Research Scientist,Married,27560,1.0,12,2,5.0,2,5,0,3,3,3,3.0,1.0,4.0,7.782481087470449,0.3096377663644383,235,10.036312056737588,0.07206611303065212
49,0,Travel_Rarely,Sales,9,3,Technical Degree,1852,Female,2,Sales Representative,Married,190330,2.0,18,1,7.0,5,4,0,2,3,3,3.0,1.0,3.0,7.517452919020717,0.3008637777240195,236,9.977401129943503,0.08749421004127102
24,0,Non-Travel,Research & Development,2,5,Technical Degree,1853,Male,2,Healthcare Representative,Married,187220,0.0,22,1,6.0,3,5,3,4,3,4,1.0,4.0,2.0,7.592135933806147,0.29507965598752894,235,9.989574468085108,0.0805662948818977
32,0,Travel_Frequently,Research & Development,12,5,Medical,1854,Male,1,Research Scientist,Married,95470,1.0,13,1,10.0,3,10,5,3,2,3,2.0,2.0,3.0,6.819206516643225,0.2914282526623327,237,10.000984528832632,0.07511672904399781
38,0,Travel_Rarely,Sales,22,2,Medical,1855,Male,1,Sales Executive,Married,137340,0.0,13,0,3.0,3,2,1,2,4,3,2.0,2.0,3.0,6.937852387511479,0.3021408612765427,242,9.966735537190084,0.07731788366501681
42,0,Travel_Rarely,Research & Development,18,1,Technical Degree,1856,Female,2,Research Scientist,Married,199990,2.0,23,1,17.0,6,5,1,3,3,4,3.0,4.0,2.0,9.599522972339427,0.2957864254977676,237,10.020956399437413,0.06744032436212215
31,0,Travel_Rarely,Research & Development,16,3,Life Sciences,1857,Female,3,Sales Executive,Married,22790,3.0,12,1,8.0,3,6,0,2,3,3,4.0,4.0,3.0,10.097114734299517,0.32624877063029284,230,9.970289855072465,0.08873742168217197
29,1,Travel_Rarely,Sales,3,3,Marketing,1858,Male,3,Laboratory Technician,Divorced,59160,6.0,12,0,5.0,2,3,0,2,3,3,2.0,3.0,3.0,9.408224932249322,0.2944484354201488,246,9.965447154471544,0.06293274708257279
53,0,Travel_Rarely,Research & Development,9,3,Life Sciences,1859,Male,1,Sales Representative,Married,20890,5.0,16,0,28.0,2,2,2,2,2,3,1.0,4.0,3.0,6.412745821042281,0.3130016001839487,226,9.99646017699115,0.08287383371572161
35,0,Travel_Rarely,Research & Development,1,3,Life Sciences,1860,Male,3,Healthcare Representative,Married,167920,3.0,12,1,16.0,3,13,4,8,4,3,4.0,2.0,3.0,7.119608585858586,0.29731621063843133,242,10.012809917355371,0.08341982632816276
37,0,Travel_Frequently,Research & Development,13,4,Life Sciences,1861,Female,3,Human Resources,Married,35640,5.0,11,0,10.0,1,5,0,0,1,3,3.0,4.0,3.0,7.4012350780532605,0.3236060716664649,242,9.981129476584023,0.08143818418054556
53,0,Travel_Rarely,Research & Development,1,1,Medical,1862,Male,1,Sales Executive,Single,44250,6.0,22,1,33.0,2,12,3,8,4,4,4.0,4.0,3.0,6.695520977408945,0.31419858240477855,241,10.014246196403873,0.06737490394959275
43,0,Travel_Frequently,Research & Development,1,3,Medical,1863,Male,1,Laboratory Technician,Married,52650,4.0,11,1,12.0,4,5,2,2,3,3,4.0,4.0,2.0,7.641500721500722,0.29957528284792073,231,10.025541125541126,0.07218056339795477
47,0,Travel_Rarely,Sales,15,4,Marketing,1864,Female,3,Research Director,Married,65530,0.0,15,0,8.0,2,7,7,7,3,3,3.0,4.0,3.0,10.676666666666668,0.28925055515140247,231,9.965151515151517,0.08091436100131756
37,0,Non-Travel,Research & Development,1,5,Medical,1865,Female,2,Research Scientist,Single,62610,1.0,12,0,10.0,1,10,0,9,3,3,1.0,2.0,3.0,8.275650860065086,0.29154723771248603,239,9.982914923291494,0.07512820888466973
50,0,Non-Travel,Research & Development,17,3,Medical,1866,Female,1,Laboratory Technician,Divorced,42980,1.0,20,1,31.0,6,31,14,7,3,4,1.0,1.0,3.0,6.584802114060964,0.3191682586564374,226,9.995722713864307,0.07598656178302195
39,0,Travel_Rarely,Research & Development,1,3,Other,1867,Female,3,Human Resources,Married,68040,8.0,14,1,13.0,3,5,0,4,2,3,4.0,4.0,3.0,6.927850445382091,0.30586735171473084,237,9.977074542897327,0.07884366532376617
33,0,Travel_Rarely,Sales,7,3,Life Sciences,1868,Male,2,Manufacturing Director,Divorced,38150,3.0,11,1,7.0,3,4,0,3,3,3,4.0,2.0,4.0,9.426710465652375,0.2739759095241435,241,9.979045643153526,0.07475931688950353
32,1,Travel_Rarely,Research & Development,9,1,Medical,1869,Female,1,Laboratory Technician,Single,27410,1.0,15,1,1.0,5,1,0,1,2,3,1.0,4.0,1.0,9.998582498807819,0.2872224130102077,233,9.986480686695279,0.07266246526236163
29,0,Travel_Rarely,Research & Development,5,4,Life Sciences,1870,Female,4,Healthcare Representative,Divorced,66730,6.0,12,1,8.0,2,4,0,3,4,3,1.0,4.0,3.0,6.395422953818016,0.3161622397216448,243,9.994650205761316,0.07731745060027885
44,0,Travel_Rarely,Research & Development,26,2,Life Sciences,1871,Male,2,Manufacturing Director,Married,76390,1.0,14,0,8.0,6,8,7,1,3,3,2.0,1.0,3.0,9.816530172413795,0.3247424383140736,232,10.014080459770113,0.06931266689887385
28,0,Travel_Rarely,Sales,24,5,Life Sciences,1872,Female,1,Research Scientist,Single,23280,1.0,11,2,4.0,3,4,0,2,3,3,1.0,4.0,3.0,6.42939393939394,0.2771705200229008,231,9.994227994227996,0.07505591107765024
58,1,Travel_Frequently,Sales,9,2,Technical Degree,1873,Male,1,Sales Executive,Divorced,21530,9.0,11,0,3.0,3,1,0,0,3,3,4.0,4.0,2.0,10.503385634588565,0.30553933437080205,239,9.929079497907951,0.0846865440736964
43,0,Travel_Rarely,Sales,7,4,Marketing,1874,Male,2,Sales Executive,Divorced,48760,4.0,16,2,4.0,4,1,0,0,3,3,1.0,2.0,4.0,6.603793981481482,0.3221407031010573,240,9.960486111111111,0.07773360743065251
20,1,Travel_Rarely,Research & Development,11,3,Medical,1875,Male,2,Sales Executive,Single,93960,1.0,12,0,2.0,6,2,0,2,1,3,3.0,3.0,2.0,7.130230716253443,0.29410348268686975,242,9.979683195592285,0.0982773081627288
21,1,Travel_Rarely,Research & Development,1,3,Medical,1876,Male,2,Sales Executive,Single,104000,1.0,13,1,1.0,2,1,0,0,3,3,4.0,4.0,2.0,7.927981562348375,0.30743104018822,229,9.95684133915575,0.0833837900184717
36,0,Travel_Rarely,Research & Development,26,4,Medical,1877,Male,1,Laboratory Technician,Married,84740,0.0,14,0,17.0,3,16,4,11,3,3,3.0,4.0,2.0,10.273963122605364,0.27789721784647897,232,9.939367816091954,0.08092783334162645
47,0,Travel_Rarely,Research & Development,2,3,Life Sciences,1878,Male,2,Manufacturing Director,Single,99810,1.0,21,1,3.0,3,3,1,2,3,4,4.0,4.0,2.0,8.480695011337868,0.30280344222926486,245,9.962380952380952,0.07678142076502732
22,1,Travel_Rarely,Research & Development,15,4,Life Sciences,1879,Female,1,Laboratory Technician,Married,124900,0.0,13,0,4.0,3,3,0,2,3,3,2.0,3.0,4.0,9.81487680148768,0.29859642928938934,239,10.008995815899581,0.060333067676163886
41,1,Travel_Rarely,Research & Development,23,3,Life Sciences,1880,Female,2,Sales Executive,Divorced,26570,4.0,11,0,10.0,3,7,1,0,4,3,2.0,4.0,2.0,10.448494277539341,0.3076087446101646,233,9.98540772532189,0.0705979293078782
28,0,Travel_Rarely,Research & Development,10,3,Life Sciences,1881,Female,3,Manager,Divorced,135910,5.0,20,1,6.0,2,2,2,2,3,4,3.0,3.0,3.0,7.680597677595628,0.29064596772405943,244,9.97568306010929,0.07067740073609337
39,1,Travel_Rarely,Research & Development,10,4,Life Sciences,1882,Female,4,Human Resources,Married,66960,7.0,11,0,8.0,3,2,2,2,3,3,4.0,1.0,1.0,10.69226602120793,0.3153164226235685,241,10.00774550484094,0.09229623866605194
27,0,Travel_Rarely,Research & Development,1,3,Medical,1883,Male,1,Research Scientist,Single,20580,1.0,14,1,1.0,5,1,0,0,3,3,2.0,3.0,3.0,7.698942495126706,0.3050227775763095,228,9.981359649122806,0.07292927390061041
34,0,Travel_Rarely,Research & Development,12,2,Technical Degree,1884,Male,2,Human Resources,Divorced,88650,1.0,11,1,1.0,0,1,1,0,3,3,2.0,2.0,3.0,7.68913912835249,0.2802799394827492,232,9.991882183908046,0.08081043916173232
42,0,Travel_Rarely,Sales,11,1,Technical Degree,1885,Male,2,Human Resources,Single,59400,7.0,16,0,10.0,2,5,0,3,2,3,3.0,3.0,3.0,6.935080409356725,0.287466523251156,228,9.99188596491228,0.07361351018883484
33,0,Travel_Rarely,Sales,2,3,Marketing,1886,Female,1,Sales Executive,Single,59140,3.0,16,1,6.0,4,3,0,2,3,3,3.0,1.0,3.0,10.528982624599909,0.2979485358157961,243,9.983813443072702,0.06494122859723296
58,0,Travel_Rarely,Research & Development,2,4,Life Sciences,1887,Male,1,Research Scientist,Divorced,26220,2.0,23,0,24.0,3,6,0,4,3,4,3.0,2.0,3.0,8.276629867046534,0.31031059453626963,234,10.007692307692308,0.0744255529877847
31,0,Travel_Rarely,Sales,1,3,Life Sciences,1888,Female,1,Sales Representative,Married,121850,3.0,14,0,13.0,2,7,5,2,3,3,2.0,3.0,4.0,6.118653198653199,0.29252410066338863,231,10.006421356421358,0.08024723424723419
35,0,Travel_Rarely,Research & Development,2,1,Life Sciences,1889,Male,3,Healthcare Representative,Married,106090,1.0,22,0,10.0,3,10,0,7,3,4,4.0,4.0,1.0,10.39381549232159,0.2806411949316137,246,9.975474254742547,0.09227811883561023
49,0,Travel_Rarely,Research & Development,25,2,Life Sciences,1890,Female,2,Sales Executive,Married,43450,4.0,15,0,29.0,3,26,1,7,2,3,1.0,2.0,2.0,6.988901018922854,0.3145919957170918,229,9.981586608442504,0.08538436247095181
48,0,Travel_Rarely,Research & Development,1,4,Medical,1891,Male,1,Research Scientist,Married,21770,4.0,18,0,13.0,4,0,0,0,3,3,4.0,3.0,2.0,6.698589651883643,0.31221335438493114,233,9.978612303290415,0.09175922500123325
31,0,Non-Travel,Research & Development,1,2,Technical Degree,1892,Female,2,Sales Executive,Married,27930,1.0,16,0,9.0,4,9,0,0,3,3,4.0,3.0,2.0,7.084774743230625,0.2922055580727255,238,10.0,0.07534224097515238
36,0,Travel_Rarely,Human Resources,2,4,Technical Degree,1893,Male,1,Sales Executive,Single,79180,2.0,12,2,8.0,3,6,0,1,2,3,2.0,4.0,3.0,6.518061415846226,0.29372991025680084,237,9.983403656821379,0.09056614380954658
38,0,Travel_Rarely,Sales,6,3,Other,1894,Male,2,Sales Executive,Married,87890,1.0,11,3,15.0,4,15,5,11,3,3,4.0,1.0,3.0,7.100772386310361,0.3053103710430692,237,9.997960618846696,0.0774075464651521
32,0,Non-Travel,Sales,18,3,Marketing,1895,Male,1,Laboratory Technician,Married,23890,6.0,12,1,5.0,4,3,0,2,2,3,3.0,2.0,3.0,7.129615029967727,0.30798108899827975,241,9.997648686030429,0.08428380013831258
25,1,Travel_Rarely,Research & Development,1,2,Life Sciences,1896,Male,1,Sales Executive,Married,32120,1.0,15,1,1.0,3,1,0,0,2,3,3.0,2.0,3.0,8.87862433862434,0.29644472808656297,231,9.98961038961039,0.08489158667419526
40,0,Travel_Rarely,Research & Development,1,4,Medical,1897,Male,2,Research Scientist,Divorced,192320,2.0,14,1,11.0,3,1,0,0,3,3,1.0,2.0,2.0,6.146567632850241,0.31237282967731167,230,10.033913043478261,0.07521315106638822
26,0,Travel_Frequently,Sales,11,3,Marketing,1898,Male,2,Healthcare Representative,Single,22670,1.0,19,3,7.0,2,7,0,7,2,3,3.0,1.0,3.0,7.617936170212767,0.296803987450807,235,10.013758865248228,0.0771484411307107
41,0,Travel_Rarely,Research & Development,1,4,Medical,1899,Male,1,Research Scientist,Single,195170,2.0,13,0,20.0,5,18,2,17,3,3,4.0,1.0,3.0,10.680597461685823,0.29944173362848586,232,10.003160919540228,0.07786634821117579
36,0,Travel_Rarely,Research & Development,9,3,Life Sciences,1900,Female,2,Healthcare Representative,Single,24360,4.0,13,0,16.0,3,11,3,9,1,3,3.0,3.0,3.0,7.10312833575934,0.31641939593047264,229,10.016739446870451,0.07354166134647648
19,1,Travel_Rarely,Research & Development,15,3,Life Sciences,1901,Male,2,Research Scientist,Single,160640,1.0,15,1,1.0,3,1,0,0,3,3,4.0,2.0,4.0,10.603697033898305,0.2838397217810096,236,9.942514124293785,0.0642274111471732
20,1,Travel_Rarely,Research & Development,29,3,Life Sciences,1902,Female,3,Laboratory Technician,Single,27070,1.0,11,0,1.0,2,1,0,0,3,3,1.0,1.0,3.0,6.124794945159752,0.29049123381811126,233,10.006723891273246,0.07848189326295366
31,0,Travel_Rarely,Research & Development,1,4,Life Sciences,1903,Male,4,Research Director,Married,190680,0.0,12,0,10.0,1,9,8,5,3,3,4.0,4.0,1.0,8.312946343779677,0.3089981232812987,234,9.978418803418805,0.06923778474744141
40,0,Travel_Frequently,Sales,1,3,Marketing,1904,Male,1,Research Scientist,Divorced,39310,8.0,19,0,3.0,2,1,0,0,2,3,4.0,2.0,3.0,8.087346986817325,0.3128783899784301,236,9.996257062146894,0.08604621448892098
32,0,Travel_Rarely,Research & Development,24,3,Life Sciences,1905,Male,4,Laboratory Technician,Married,37300,1.0,25,1,8.0,4,8,6,3,3,4,3.0,1.0,4.0,7.884835434173669,0.31562725521947005,238,9.956092436974789,0.0769423317850347
36,1,Travel_Rarely,Research & Development,10,3,Medical,1906,Male,3,Sales Executive,Married,22320,1.0,12,1,16.0,2,16,3,7,3,3,3.0,4.0,3.0,9.798302083333333,0.29852437571511864,240,9.964166666666666,0.07541678289167829
33,0,Travel_Rarely,Research & Development,1,4,Medical,1907,Female,4,Manufacturing Director,Single,44650,0.0,13,0,6.0,3,5,1,4,3,3,2.0,4.0,3.0,6.025150462962964,0.2855244905739034,240,9.978472222222223,0.07679402990856966
37,1,Travel_Rarely,Sales,10,4,Marketing,1908,Female,3,Human Resources,Married,30720,5.0,14,0,17.0,3,14,11,7,2,3,1.0,3.0,1.0,6.278001713166911,0.28808217948872294,227,10.004478707782672,0.07989012774030908
45,0,Non-Travel,Research & Development,8,1,Life Sciences,1909,Male,2,Sales Executive,Married,33190,1.0,12,1,9.0,3,9,0,8,3,3,3.0,2.0,2.0,6.265175925925926,0.2885897427786261,240,9.992222222222221,0.07728932279559891
29,0,Travel_Frequently,Research & Development,29,1,Life Sciences,1910,Male,1,Sales Representative,Married,192020,1.0,12,0,3.0,5,3,0,2,3,3,3.0,3.0,3.0,7.607713414634146,0.2957881789779511,246,10.019173441734418,0.07915582194937612
35,0,Travel_Rarely,Human Resources,1,3,Human Resources,1911,Male,3,Laboratory Technician,Married,136750,1.0,15,3,5.0,5,5,1,0,2,3,3.0,3.0,3.0,6.359511784511785,0.3000845528683264,231,9.991919191919191,0.08126050358659052
52,0,Travel_Rarely,Research & Development,5,4,Other,1912,Male,1,Laboratory Technician,Married,29110,2.0,17,2,26.0,3,9,7,8,3,3,4.0,4.0,3.0,7.022838114754098,0.2962046387550763,244,9.930737704918034,0.07484691582900448
58,1,Travel_Rarely,Sales,9,2,Medical,1913,Female,4,Sales Executive,Single,59570,4.0,14,1,7.0,2,1,0,0,1,3,4.0,3.0,3.0,7.52389231824417,0.2828785212883274,243,9.978669410150891,0.08525134434505925
53,0,Travel_Rarely,Research & Development,9,3,Technical Degree,1914,Male,1,Manager,Divorced,39200,6.0,16,1,22.0,3,17,15,2,3,3,3.0,3.0,4.0,6.507214944201844,0.29118770420172063,229,10.001746724890829,0.07314752036568865
30,0,Travel_Rarely,Sales,3,4,Marketing,1915,Male,1,Sales Executive,Divorced,64340,5.0,14,1,10.0,3,8,7,7,2,3,3.0,3.0,4.0,8.010463728191,0.28414939991452814,242,9.987534435261708,0.07626051632888665
38,0,Non-Travel,Sales,4,3,Life Sciences,1916,Male,2,Research Director,Single,100480,1.0,23,1,6.0,2,5,1,3,3,4,3.0,4.0,3.0,8.10753457814661,0.3065849391784554,241,10.014730290456432,0.07376938297218381
35,0,Travel_Rarely,Sales,1,2,Life Sciences,1917,Female,2,Healthcare Representative,Divorced,109380,6.0,14,2,12.0,2,10,0,8,1,3,4.0,4.0,3.0,7.291010768477729,0.28824602071264094,227,10.008076358296622,0.0772501180374168
39,0,Travel_Rarely,Sales,1,1,Marketing,1918,Male,2,Research Scientist,Single,23400,0.0,11,1,9.0,2,8,0,7,2,3,1.0,3.0,3.0,6.524470560303894,0.31997492699624097,234,9.95071225071225,0.07390983863802181
40,1,Non-Travel,Research & Development,2,4,Life Sciences,1919,Male,1,Human Resources,Single,65450,4.0,15,0,22.0,2,1,0,0,3,3,2.0,2.0,2.0,9.496721981721981,0.32484486823583697,231,10.007142857142856,0.08998619737750174
47,0,Travel_Frequently,Research & Development,7,4,Life Sciences,1920,Male,3,Sales Executive,Divorced,69310,1.0,11,0,20.0,3,19,2,7,3,3,3.0,3.0,4.0,10.112135053463504,0.286841753041878,239,9.979986052998605,0.07419042930979923
36,0,Non-Travel,Sales,28,1,Life Sciences,1921,Male,2,Research Scientist,Divorced,48980,4.0,13,1,12.0,3,7,0,7,3,3,1.0,4.0,3.0,6.763366620752985,0.328314440369337,242,10.004338842975207,0.06932756935633208
31,1,Non-Travel,Research & Development,28,4,Medical,1922,Male,2,Research Scientist,Single,25930,0.0,21,0,4.0,2,3,1,2,3,4,3.0,1.0,3.0,8.197051553672317,0.2759485098462386,236,9.98707627118644,0.07928734924069407
33,0,Non-Travel,Sales,15,3,Other,1923,Male,4,Research Director,Single,194360,1.0,19,2,10.0,4,10,6,0,3,3,4.0,3.0,3.0,7.913949952107279,0.3039476539632087,232,9.976939655172412,0.09403662549136682
29,1,Travel_Rarely,Human Resources,3,5,Life Sciences,1924,Male,1,Sales Executive,Single,27230,6.0,11,1,3.0,2,0,0,0,2,3,4.0,1.0,3.0,10.298806458897923,0.2969483571697903,246,9.980352303523034,0.0751271316114522
33,0,Travel_Rarely,Research & Development,2,2,Technical Degree,1925,Male,2,Laboratory Technician,Single,34790,3.0,12,0,5.0,3,3,0,2,3,3,2.0,4.0,3.0,7.516345598845599,0.30059555440620583,231,9.98852813852814,0.08422410439801754
45,0,Travel_Rarely,Research & Development,26,1,Medical,1926,Female,3,Healthcare Representative,Divorced,27940,3.0,19,1,8.0,2,5,0,2,3,3,4.0,4.0,3.0,6.998797112090064,0.27620968050356476,227,9.966740088105727,0.0831477330318506
50,0,Travel_Rarely,Sales,10,1,Life Sciences,1927,Female,1,Manufacturing Director,Divorced,52490,9.0,21,2,32.0,2,5,1,3,2,4,4.0,4.0,2.0,7.395396486229819,0.2900314707211767,234,9.994871794871795,0.07909376031693632
33,0,Travel_Frequently,Sales,1,3,Marketing,1928,Male,2,Human Resources,Married,21760,1.0,14,1,6.0,2,6,1,2,2,3,3.0,2.0,3.0,8.975154958677686,0.30654071855750936,242,9.971280991735538,0.0803094172582102
41,0,Travel_Frequently,Sales,11,3,Other,1929,Male,1,Laboratory Technician,Divorced,168720,2.0,15,1,21.0,2,18,0,11,3,3,1.0,3.0,4.0,7.89010795730228,0.29851537883062557,229,10.008879184861717,0.074920814287052
27,0,Travel_Rarely,Research & Development,20,4,Other,1930,Male,2,Manufacturing Director,Married,34850,9.0,17,2,4.0,2,2,2,2,3,3,3.0,2.0,3.0,7.092681010928962,0.3068149946185754,244,10.017486338797813,0.07267422249207316
45,0,Non-Travel,Sales,2,3,Medical,1931,Female,1,Sales Executive,Married,66440,1.0,12,0,9.0,3,9,0,8,4,3,4.0,1.0,3.0,8.691242030965393,0.27744650388068753,244,9.987090163934427,0.07902903801899445
47,0,Travel_Rarely,Sales,18,4,Medical,1932,Female,2,Research Scientist,Single,55820,1.0,16,0,9.0,3,9,0,7,3,3,4.0,4.0,3.0,8.015667824074074,0.2822381270958764,240,9.97548611111111,0.08760087846737952
30,1,Travel_Rarely,Sales,2,3,Life Sciences,1933,Male,2,Healthcare Representative,Married,40000,4.0,12,0,7.0,5,5,0,1,2,3,1.0,3.0,3.0,10.489197796934867,0.29286652413924336,232,10.00323275862069,0.08184736838831665
50,0,Travel_Rarely,Research & Development,1,3,Technical Degree,1934,Female,2,Sales Executive,Married,134960,3.0,18,1,22.0,3,12,1,5,3,3,4.0,3.0,3.0,9.49256083562902,0.2931401076257089,242,9.970110192837467,0.0883629200339876
38,0,Travel_Frequently,Research & Development,13,3,Technical Degree,1935,Male,1,Manufacturing Director,Married,32100,0.0,17,2,3.0,5,2,0,2,2,3,3.0,3.0,2.0,7.698125300625301,0.3324568849136673,231,10.026046176046176,0.07531019302758424
46,0,Travel_Rarely,Research & Development,28,3,Medical,1936,Female,3,Human Resources,Divorced,190450,6.0,11,3,13.0,2,8,0,7,3,3,4.0,3.0,3.0,6.909803051001822,0.3064639375685614,244,10.005669398907104,0.08401093552062487
24,0,Travel_Rarely,Sales,28,3,Life Sciences,1937,Female,1,Healthcare Representative,Divorced,118490,1.0,16,1,5.0,3,4,3,2,3,3,4.0,3.0,3.0,6.552236286919832,0.2979677744433863,237,9.986708860759494,0.07886332212925219
35,1,Travel_Rarely,Sales,24,3,Medical,1938,Male,3,Healthcare Representative,Divorced,20700,1.0,13,3,5.0,1,4,0,2,2,3,3.0,2.0,1.0,9.331365176151762,0.3079266133286568,246,10.004810298102981,0.07766497520417379
31,0,Travel_Frequently,Research & Development,5,2,Technical Degree,1939,Male,2,Sales Executive,Married,65020,1.0,12,0,4.0,3,4,0,3,3,3,3.0,1.0,3.0,6.272699249882795,0.2930313156913265,237,9.971308016877636,0.0641897601849865
18,0,Non-Travel,Sales,5,4,Other,1940,Male,2,Manager,Single,32300,1.0,12,1,0.0,3,0,0,0,3,3,2.0,4.0,3.0,6.321853070175439,0.28950270030760145,228,9.969590643274854,0.07359640535504192
54,0,Travel_Rarely,Sales,23,3,Medical,1941,Female,1,Laboratory Technician,Married,136030,8.0,13,1,22.0,2,10,0,8,3,3,3.0,3.0,3.0,6.600274276377218,0.3065349660222507,238,10.005322128851542,0.08148351042245303
35,0,Travel_Rarely,Research & Development,6,4,Medical,1942,Female,1,Manufacturing Director,Divorced,119960,1.0,19,2,16.0,3,16,10,1,3,3,3.0,3.0,2.0,9.598844907407408,0.27238968533800767,240,10.004652777777778,0.07885668971796063
30,0,Travel_Rarely,Research & Development,4,3,Life Sciences,1943,Female,5,Healthcare Representative,Married,56050,0.0,12,1,9.0,0,8,1,7,2,3,2.0,1.0,2.0,10.098746584699454,0.29915316862945796,244,9.999795081967214,0.07272400904750131
20,1,Travel_Rarely,Research & Development,2,2,Life Sciences,1944,Female,2,Research Scientist,Single,63970,1.0,17,1,1.0,3,1,0,0,3,3,4.0,1.0,3.0,8.311527171276081,0.2929164461372526,229,9.980640465793304,0.06777414940796922
30,1,Travel_Frequently,Research & Development,8,4,Medical,1945,Male,1,Sales Executive,Single,191440,0.0,11,0,4.0,3,3,1,2,3,3,2.0,2.0,3.0,7.59495867768595,0.31503512944045586,242,9.998415977961432,0.07183127483815913
26,0,Travel_Rarely,Sales,1,3,Marketing,1946,Female,2,Research Scientist,Married,175840,1.0,20,0,8.0,2,8,1,3,3,4,4.0,4.0,3.0,7.939711492608487,0.2809204307239122,233,9.983118741058655,0.10153850739151157
22,0,Travel_Rarely,Research & Development,8,3,Other,1947,Male,2,Sales Representative,Married,49070,1.0,21,1,4.0,2,4,1,1,3,4,2.0,1.0,2.0,7.302466475095786,0.3195969973799668,232,10.016666666666667,0.07335257335257342
48,0,Travel_Rarely,Human Resources,2,4,Medical,1948,Male,2,Sales Executive,Single,45540,2.0,11,2,19.0,3,2,2,2,3,3,1.0,3.0,3.0,8.018559101654846,0.29681322748961414,235,9.993049645390071,0.07612432563496396
48,0,Travel_Rarely,Sales,3,3,Medical,1949,Male,1,Research Director,Single,54150,7.0,11,1,27.0,1,15,4,8,3,3,3.0,3.0,3.0,6.501231884057971,0.2963939224815474,230,10.0268115942029,0.07189566061219758
41,0,Travel_Rarely,Research & Development,2,3,Life Sciences,1950,Male,2,Research Scientist,Single,47410,6.0,16,0,8.0,3,2,2,1,3,3,4.0,3.0,3.0,6.912519353369764,0.2937599939093295,244,9.9823087431694,0.08248980094747656
39,0,Travel_Rarely,Sales,2,3,Life Sciences,1951,Male,3,Human Resources,Married,21150,1.0,18,0,21.0,3,21,11,8,4,3,4.0,4.0,3.0,7.095823129251701,0.30305619451211235,245,10.000544217687075,0.08618595033641878
27,0,Travel_Rarely,Research & Development,3,3,Life Sciences,1952,Male,2,Human Resources,Married,31610,0.0,13,2,4.0,0,3,2,2,3,3,1.0,4.0,3.0,7.298778935185185,0.2885275537006537,240,9.975,0.077810320781032
35,0,Travel_Rarely,Sales,24,3,Medical,1953,Male,5,Sales Executive,Divorced,57450,1.0,17,3,3.0,4,3,1,2,3,3,2.0,4.0,2.0,6.932994754411063,0.32526508035432866,233,9.981831187410586,0.0682963449426932
42,0,Travel_Rarely,Research & Development,23,4,Other,1954,Male,1,Research Scientist,Married,23730,6.0,14,1,21.0,3,1,0,0,4,3,4.0,3.0,3.0,8.008321411540297,0.29421349264224045,233,9.990128755364806,0.08361382434676792
50,0,Travel_Rarely,Sales,27,3,Medical,1955,Male,2,Sales Executive,Married,33100,4.0,22,1,8.0,3,1,0,0,4,4,1.0,4.0,3.0,6.182229468599033,0.3101565410861575,230,10.003695652173912,0.07783562749193078
59,0,Travel_Rarely,Research & Development,16,4,Medical,1956,Female,5,Laboratory Technician,Single,186650,3.0,12,0,30.0,3,5,4,3,2,3,3.0,4.0,3.0,10.114922586520947,0.28279477528588387,244,10.007445355191257,0.08294959691020705
37,1,Travel_Rarely,Sales,15,3,Marketing,1957,Male,2,Laboratory Technician,Married,44850,5.0,11,1,15.0,2,1,0,0,4,3,1.0,2.0,1.0,6.593880820654679,0.28950916138471644,241,9.997164591977869,0.0889583621484555
55,0,Travel_Frequently,Research & Development,26,2,Life Sciences,1958,Female,2,Sales Executive,Married,27890,3.0,13,1,17.0,2,8,6,7,2,3,3.0,2.0,3.0,8.587631458619114,0.2907173697118552,243,10.013031550068586,0.08690936676907493
41,0,Non-Travel,Research & Development,19,1,Life Sciences,1959,Male,2,Research Scientist,Divorced,58280,1.0,13,0,21.0,0,21,5,10,3,3,2.0,3.0,3.0,6.287888176638177,0.2926268184828136,234,9.981196581196583,0.09704357873885772
38,0,Travel_Rarely,Research & Development,24,2,Other,1960,Female,1,Laboratory Technician,Single,23260,8.0,14,0,19.0,3,1,0,0,4,3,2.0,4.0,3.0,8.395889577594122,0.3114347584027696,242,10.002134986225894,0.07856965067498821
26,1,Non-Travel,Research & Development,21,1,Life Sciences,1961,Female,1,Manufacturing Director,Single,135250,8.0,17,1,7.0,4,2,2,2,2,3,2.0,1.0,3.0,7.7122782546495,0.3145781325000134,233,10.01931330472103,0.07272165285383057
52,1,Travel_Rarely,Research & Development,5,4,Medical,1962,Female,4,Human Resources,Married,14200,1.0,13,1,33.0,2,32,6,9,4,3,1.0,4.0,3.0,6.017824074074074,0.30531271748673006,240,10.01576388888889,0.0824782610801178
44,0,Travel_Rarely,Research & Development,16,3,Life Sciences,1963,Female,1,Healthcare Representative,Married,80200,3.0,11,1,23.0,2,12,11,11,3,3,4.0,4.0,3.0,10.903643162393164,0.29093021557459264,234,10.024572649572649,0.08430656432265878
50,0,Non-Travel,Human Resources,2,2,Life Sciences,1964,Male,1,Laboratory Technician,Married,36880,0.0,11,0,19.0,3,18,0,13,2,3,4.0,3.0,3.0,6.506327025715672,0.30226842072527205,229,10.00887918486172,0.08715278309796796
36,1,Travel_Rarely,Sales,2,4,Technical Degree,1965,Male,4,Sales Executive,Single,54820,1.0,18,0,18.0,3,17,15,14,3,3,3.0,1.0,3.0,7.778434449093444,0.30345276109195723,239,9.992189679218967,0.07385564267548027
39,0,Travel_Frequently,Sales,11,3,Marketing,1966,Male,1,Sales Executive,Single,160150,1.0,11,0,21.0,3,21,2,8,4,3,4.0,1.0,3.0,10.819688697318007,0.2774090750624633,232,10.017672413793106,0.0828104319052595
33,0,Non-Travel,Sales,9,2,Technical Degree,1967,Male,5,Sales Representative,Single,12000,0.0,11,1,3.0,3,2,2,2,3,3,2.0,4.0,2.0,7.579043209876543,0.3132109122254035,234,9.983262108262108,0.07749045747078658
45,0,Travel_Rarely,Research & Development,7,2,Other,1968,Male,1,Human Resources,Married,56610,3.0,12,0,26.0,2,9,1,1,2,3,4.0,4.0,4.0,7.403393108298171,0.31183148310811853,237,9.989310829817159,0.07970164167600341
32,0,Non-Travel,Research & Development,15,3,Medical,1969,Male,2,Manager,Single,69290,9.0,20,0,10.0,6,8,7,7,1,4,4.0,3.0,3.0,7.2294230769230765,0.3032730057992792,234,9.989814814814816,0.0758078339426695
34,0,Travel_Rarely,Sales,6,4,Marketing,1970,Male,2,Research Director,Divorced,96130,0.0,12,1,16.0,5,15,0,9,2,3,2.0,4.0,2.0,7.093754172627563,0.28223869322975553,233,10.034048640915595,0.06642189992271391
59,0,Travel_Rarely,Research & Development,5,3,Life Sciences,1971,Male,2,Research Scientist,Married,56740,3.0,12,0,14.0,6,6,0,4,3,3,2.0,4.0,1.0,8.101909007773205,0.28971215066595246,243,9.97434842249657,0.074855806474774
45,0,Travel_Rarely,Research & Development,16,1,Medical,1972,Male,2,Sales Executive,Single,54840,1.0,20,3,6.0,6,6,0,4,3,4,2.0,2.0,3.0,6.705666438042981,0.28283920674691787,243,9.986488340192045,0.07462269534098936
53,0,Travel_Frequently,Sales,8,2,Medical,1973,Male,2,Research Scientist,Married,120610,2.0,20,1,30.0,2,15,6,12,4,4,3.0,2.0,3.0,7.802464975845411,0.27635045921044626,230,9.990289855072463,0.0628844376938169
36,1,Travel_Rarely,Research & Development,7,2,Life Sciences,1974,Female,1,Research Scientist,Divorced,56600,7.0,12,0,9.0,3,1,0,0,3,3,1.0,3.0,2.0,6.082717127607957,0.2915229706610307,229,9.979112081513826,0.06628570911752939
26,1,Travel_Frequently,Sales,2,3,Life Sciences,1975,Male,2,Research Scientist,Married,48210,6.0,14,2,6.0,2,3,1,2,3,3,1.0,1.0,3.0,8.196520890725436,0.28332790154668686,242,10.02210743801653,0.07552237291816699
34,0,Travel_Rarely,Research & Development,2,2,Life Sciences,1976,Male,1,Sales Representative,Married,64100,1.0,13,1,1.0,5,1,0,0,2,3,3.0,3.0,3.0,9.19380871725384,0.302243710526914,246,10.018563685636856,0.07403040023597518
28,0,Travel_Rarely,Research & Development,10,3,Other,1977,Male,2,Sales Representative,Married,52100,1.0,15,0,1.0,1,1,0,0,4,3,4.0,2.0,3.0,7.8358046372819095,0.3036228538595435,242,9.982920110192838,0.08059457265983105
38,0,Travel_Frequently,Sales,9,4,Medical,1978,Male,2,Research Scientist,Married,26950,3.0,14,1,8.0,4,2,2,2,1,3,3.0,3.0,3.0,7.57216550925926,0.283388837301836,240,10.001805555555556,0.0690738997365566
50,0,Travel_Rarely,Research & Development,5,4,Life Sciences,1979,Male,1,Sales Executive,Married,118780,2.0,13,1,29.0,2,8,7,7,3,3,2.0,3.0,2.0,9.595780261969287,0.2915460759346566,246,9.984281842818428,0.07467936876647668
37,0,Travel_Rarely,Research & Development,1,3,Life Sciences,1980,Male,1,Laboratory Technician,Single,170680,3.0,23,0,8.0,6,4,0,1,3,4,4.0,2.0,2.0,7.3082512077294695,0.3104735606175987,230,10.018188405797101,0.07640354513427419
40,0,Travel_Rarely,Human Resources,2,3,Medical,1981,Male,5,Sales Executive,Married,24550,1.0,15,1,8.0,2,7,7,5,3,3,3.0,1.0,2.0,6.077394296951819,0.3244075962471576,226,10.007669616519175,0.09210634764558075
26,0,Travel_Frequently,Research & Development,3,3,Medical,1982,Male,2,Laboratory Technician,Divorced,139640,1.0,11,2,5.0,1,5,1,3,2,3,1.0,3.0,3.0,7.70509728082513,0.3091021456319884,237,9.981926863572433,0.0925168458525033
46,0,Travel_Rarely,Research & Development,2,1,Medical,1983,Female,3,Research Scientist,Divorced,49410,9.0,13,2,23.0,2,2,2,2,2,3,4.0,4.0,3.0,7.416584490740741,0.30479192012041345,240,10.0,0.07964900046489998
54,0,Travel_Rarely,Research & Development,5,3,Medical,1984,Female,2,Manufacturing Director,Married,24780,6.0,11,0,13.0,0,9,7,0,3,3,3.0,3.0,3.0,7.663896166909267,0.29218688976926377,229,9.991048034934497,0.06801283442716442
56,0,Travel_Frequently,Research & Development,1,2,Life Sciences,1985,Female,2,Manufacturing Director,Married,52280,2.0,11,0,18.0,4,5,0,3,3,3,1.0,3.0,3.0,6.907202297233943,0.28730583102933244,237,9.972925457102672,0.09013603820512206
36,0,Travel_Rarely,Research & Development,4,2,Life Sciences,1986,Female,2,Human Resources,Single,44780,0.0,18,1,15.0,3,14,7,8,3,3,4.0,4.0,2.0,6.6154351454458755,0.31122799401246926,233,10.000214592274679,0.07977366064821668
55,0,Non-Travel,Research & Development,2,3,Medical,1987,Female,2,Manager,Single,75470,7.0,16,0,31.0,2,9,6,2,2,3,3.0,1.0,4.0,6.079126492194675,0.31280296616438563,242,9.976584022038566,0.07064582071183342
43,0,Travel_Rarely,Sales,25,2,Life Sciences,1988,Male,3,Research Scientist,Divorced,50550,5.0,22,0,18.0,2,1,0,0,2,4,3.0,4.0,3.0,7.917314030131827,0.3175125218685418,236,10.003601694915256,0.06805434847938456
20,1,Travel_Frequently,Sales,8,3,Marketing,1989,Male,3,Sales Executive,Single,34640,1.0,20,0,2.0,3,2,0,2,2,4,4.0,4.0,3.0,9.131183523266856,0.28878975311638716,234,9.982264957264956,0.0640296118997836
21,1,Travel_Rarely,Research & Development,1,4,Life Sciences,1990,Male,1,Manager,Single,57750,1.0,18,0,1.0,2,1,1,0,3,3,3.0,1.0,2.0,6.645199093943729,0.2753189313329633,233,9.974034334763948,0.07400079958232617
46,0,Travel_Rarely,Sales,12,3,Marketing,1991,Female,3,Healthcare Representative,Divorced,89430,8.0,12,1,19.0,6,16,1,7,3,3,4.0,1.0,3.0,10.97084705075446,0.3262278618308464,243,10.005898491083677,0.06655138175620767
51,1,Travel_Rarely,Sales,23,3,Medical,1992,Female,2,Research Scientist,Married,192720,9.0,20,0,18.0,2,10,2,7,3,4,1.0,3.0,4.0,8.685112064854554,0.29200149436411915,233,10.010300429184548,0.07729526375939354
28,1,Non-Travel,Research & Development,19,4,Life Sciences,1993,Female,4,Laboratory Technician,Single,52380,1.0,17,1,10.0,4,10,1,9,2,3,2.0,1.0,2.0,7.391012396694215,0.3283471698772122,242,9.992355371900825,0.06556026599453611
26,0,Travel_Rarely,Research & Development,5,4,Medical,1994,Female,2,Sales Executive,Married,46820,1.0,11,1,6.0,3,5,1,3,1,3,1.0,1.0,3.0,7.490146923783287,0.30185160958538493,242,9.990013774104684,0.07487796200404652
30,0,Travel_Rarely,Research & Development,8,3,Medical,1995,Female,1,Sales Executive,Married,183000,0.0,14,0,7.0,6,6,0,2,3,3,3.0,1.0,2.0,6.240185185185184,0.2864084271439432,243,9.973182441700962,0.07676751616426145
41,0,Travel_Rarely,Sales,1,4,Life Sciences,1996,Female,1,Research Director,Married,52570,1.0,14,0,10.0,2,10,0,8,4,3,2.0,3.0,3.0,7.8935056689342415,0.3262586986491769,245,9.972721088435375,0.06918108992230766
40,0,Travel_Rarely,Sales,1,4,Marketing,1998,Male,1,Sales Executive,Married,48690,4.0,12,0,14.0,2,11,11,1,3,3,1.0,4.0,3.0,7.923896041964712,0.3222797161461567,233,9.977896995708154,0.06292529968921118
27,0,Non-Travel,Sales,11,3,Technical Degree,1999,Female,2,Laboratory Technician,Married,99850,1.0,14,1,3.0,3,3,1,2,2,3,1.0,3.0,3.0,7.991452282157677,0.28534985951485164,241,9.986652835408021,0.07920189795604729
55,0,Travel_Frequently,Research & Development,23,5,Life Sciences,2000,Male,3,Laboratory Technician,Married,36970,3.0,13,1,23.0,1,3,1,2,3,3,4.0,2.0,3.0,6.704065972222223,0.3017268972426676,240,9.99451388888889,0.0792526683325586
28,0,Travel_Rarely,Research & Development,1,3,Life Sciences,2001,Male,2,Healthcare Representative,Single,74570,3.0,11,2,10.0,1,8,1,7,4,3,3.0,3.0,4.0,6.568142791551883,0.3036256512649459,242,9.978856749311294,0.06870163822304527
44,1,Travel_Rarely,Research & Development,18,4,Life Sciences,2002,Female,2,Sales Executive,Married,21190,9.0,15,0,24.0,3,20,3,6,3,3,2.0,1.0,3.0,6.171379184861718,0.29743640246738406,229,9.993886462882095,0.06823975118533843
33,0,Travel_Rarely,Sales,23,4,Marketing,2003,Female,4,Sales Executive,Divorced,39830,4.0,12,0,9.0,3,3,1,2,3,3,4.0,4.0,3.0,6.380267489711934,0.2978396545265975,243,9.989300411522635,0.0785535489575894
35,1,Travel_Rarely,Sales,7,4,Life Sciences,2004,Male,3,Sales Representative,Single,61180,0.0,21,1,9.0,3,8,4,7,2,4,4.0,1.0,3.0,9.781843220338983,0.3150399378146337,236,9.971468926553671,0.08009977160716421
33,1,Travel_Frequently,Research & Development,1,2,Life Sciences,2005,Female,1,Sales Executive,Single,62140,1.0,19,2,14.0,3,13,3,8,3,3,1.0,3.0,3.0,7.778514292300599,0.3182806066969928,241,9.968741355463345,0.07448641847241415
28,0,Travel_Rarely,Human Resources,1,1,Human Resources,2006,Male,2,Research Scientist,Divorced,63470,1.0,15,1,4.0,2,4,2,2,3,3,1.0,3.0,2.0,6.709533195020747,0.29783843961211176,241,10.018948824343015,0.06811861264791765
34,0,Travel_Frequently,Sales,29,4,Marketing,2007,Male,1,Research Scientist,Single,115100,0.0,14,1,7.0,5,6,0,4,3,3,1.0,4.0,2.0,6.721144957983193,0.3067466839461189,238,10.01659663865546,0.06800632418931007
37,0,Travel_Rarely,Research & Development,7,4,Life Sciences,2008,Male,4,Sales Executive,Divorced,71430,2.0,21,0,8.0,6,1,0,0,2,4,4.0,4.0,3.0,10.592145947176686,0.3019648335407433,244,9.990232240437157,0.08904343006738773
25,1,Travel_Rarely,Human Resources,25,4,Human Resources,2009,Female,2,Research Scientist,Married,82680,1.0,12,0,7.0,3,7,5,6,2,3,4.0,4.0,4.0,10.865674264007598,0.28166479683477547,234,10.02022792022792,0.0642767241765811
26,1,Travel_Rarely,Sales,8,2,Marketing,2010,Male,2,Sales Executive,Divorced,80950,1.0,15,0,1.0,3,1,0,0,4,3,1.0,3.0,2.0,7.7896793037672865,0.31928542208244703,233,10.023605150214593,0.07967506947527661
33,1,Travel_Rarely,Research & Development,8,2,Life Sciences,2011,Male,4,Manufacturing Director,Single,29040,4.0,13,0,5.0,2,2,2,2,3,3,1.0,2.0,3.0,10.216215419501133,0.2958353448011892,245,10.000680272108843,0.07865618378498941
42,0,Travel_Rarely,Research & Development,11,1,Life Sciences,2012,Male,4,Research Scientist,Married,60320,0.0,14,0,23.0,2,22,13,7,2,3,4.0,1.0,3.0,6.808238425925926,0.29742763162372776,240,9.96763888888889,0.0719214125213079
28,1,Travel_Frequently,Research & Development,7,3,Life Sciences,2013,Male,2,Manager,Divorced,29760,1.0,14,0,1.0,3,1,0,0,3,3,1.0,2.0,3.0,6.281261134552274,0.28163464773161934,237,9.996694796061885,0.08082353969502638
50,1,Travel_Frequently,Research & Development,1,4,Medical,2014,Male,2,Research Scientist,Single,159920,3.0,14,0,5.0,3,0,0,0,3,3,4.0,3.0,3.0,10.508785612535615,0.30689590091967706,234,9.996367521367521,0.0894133102233961
33,0,Travel_Frequently,Sales,9,3,Medical,2015,Female,2,Research Scientist,Married,46490,0.0,12,0,4.0,2,3,0,2,2,3,4.0,2.0,3.0,8.008199152542373,0.2812478590130712,236,9.997457627118644,0.07892258684938105
34,0,Non-Travel,Sales,1,1,Marketing,2016,Female,2,Research Director,Married,26960,3.0,23,0,6.0,3,0,0,0,3,4,3.0,4.0,3.0,7.104967992684042,0.30516586343406465,243,10.006035665294922,0.06960299780445689
48,0,Non-Travel,Sales,2,1,Life Sciences,2017,Male,2,Sales Executive,Single,23700,2.0,11,0,27.0,3,5,2,1,3,3,1.0,4.0,3.0,6.198536324786325,0.28416897354084003,234,9.983760683760684,0.07983529584387956
45,0,Non-Travel,Research & Development,1,3,Medical,2018,Female,2,Human Resources,Married,125040,1.0,12,1,15.0,2,15,4,12,3,3,2.0,3.0,3.0,6.020285913528592,0.29767902691328946,239,9.978870292887029,0.07422369505682322
52,0,Travel_Rarely,Sales,1,3,Life Sciences,2019,Male,1,Sales Executive,Single,59740,7.0,18,1,18.0,6,8,4,0,3,3,2.0,2.0,3.0,8.013191411935953,0.29559652069226316,229,9.974526928675399,0.07358073282429739
38,0,Travel_Rarely,Research & Development,6,2,Medical,2020,Male,1,Research Scientist,Divorced,47360,0.0,11,1,9.0,3,8,2,7,2,3,3.0,3.0,3.0,10.692461645746167,0.2781489119896003,239,9.99323570432357,0.07748089612413998
29,0,Travel_Rarely,Research & Development,8,3,Medical,2021,Female,4,Research Scientist,Divorced,52960,4.0,14,0,11.0,3,7,1,7,4,3,3.0,4.0,3.0,6.31456611570248,0.2970867190950708,242,9.968319559228648,0.08300094494549426
28,0,Travel_Rarely,Human Resources,1,3,Human Resources,2022,Female,4,Laboratory Technician,Divorced,67810,0.0,15,1,10.0,2,9,1,7,3,3,4.0,2.0,2.0,6.909151101532567,0.2986056306037289,232,10.005387931034482,0.09755982961801933
46,0,Travel_Rarely,Research & Development,6,4,Medical,2023,Male,3,Sales Executive,Married,21740,3.0,11,1,23.0,3,12,4,9,3,3,1.0,3.0,3.0,6.393413225172075,0.30372726551855556,226,10.008480825958701,0.08883269419862344
38,0,Travel_Rarely,Research & Development,7,4,Medical,2024,Male,1,Sales Executive,Single,66530,7.0,20,1,10.0,2,1,0,0,3,4,4.0,2.0,3.0,7.378476430976431,0.3166486443389233,231,9.944660894660897,0.07208731204383372
43,0,Travel_Frequently,Research & Development,5,3,Medical,2025,Female,2,Laboratory Technician,Married,96990,8.0,19,1,18.0,3,8,0,1,3,3,3.0,1.0,3.0,7.070169880624427,0.2871119832175263,242,9.97086776859504,0.07667314887844871
39,1,Travel_Frequently,Sales,1,3,Marketing,2026,Male,2,Healthcare Representative,Divorced,67550,7.0,14,1,21.0,2,18,11,5,3,3,1.0,4.0,3.0,7.2104051431344,0.2958719458689005,229,10.018122270742358,0.07518549375622455
40,0,Travel_Rarely,Research & Development,1,1,Life Sciences,2027,Male,1,Healthcare Representative,Single,22130,1.0,17,0,21.0,4,20,4,9,3,3,3.0,3.0,4.0,6.0084750800182904,0.3053834793477913,243,9.981893004115229,0.0811813420399279
21,0,Travel_Rarely,Research & Development,1,4,Life Sciences,2028,Female,1,Research Scientist,Single,26100,1.0,11,1,2.0,3,2,2,2,2,3,4.0,2.0,4.0,10.507815055315055,0.30712620628786647,231,10.018109668109668,0.0737297927515318
39,0,Non-Travel,Research & Development,6,3,Life Sciences,2029,Male,1,Laboratory Technician,Single,28510,9.0,15,0,9.0,2,5,0,3,3,3,3.0,2.0,2.0,6.212142203932327,0.3019384358144876,243,9.9679012345679,0.07029690847872666
36,0,Non-Travel,Research & Development,1,3,Medical,2030,Male,3,Sales Representative,Single,34520,2.0,13,3,18.0,4,11,0,9,4,3,1.0,4.0,3.0,7.214043468154347,0.29664846679623114,239,10.00376569037657,0.08000443413069545
31,0,Travel_Frequently,Research & Development,7,3,Life Sciences,2031,Male,1,Sales Executive,Married,52580,0.0,14,3,3.0,5,2,2,2,3,3,3.0,4.0,3.0,6.611494928538497,0.30691254803251533,241,9.98713692946058,0.07518338904256947
28,0,Travel_Rarely,Sales,2,4,Marketing,2032,Male,1,Sales Executive,Married,93550,0.0,11,0,6.0,4,5,0,4,3,3,1.0,2.0,1.0,7.515389123300516,0.2925684678280986,237,9.958649789029534,0.0697118226894563
35,0,Travel_Frequently,Research & Development,9,2,Other,2033,Female,1,Manufacturing Director,Divorced,104960,1.0,13,1,5.0,2,5,0,2,3,3,4.0,4.0,3.0,6.602540381791483,0.29522144180798565,227,9.968942731277533,0.07798275137638128
49,0,Travel_Rarely,Sales,2,2,Medical,2034,Female,1,Sales Executive,Married,63800,6.0,23,1,22.0,1,9,2,3,2,4,4.0,2.0,3.0,7.179248024174802,0.29804425464873063,239,10.001673640167365,0.06814611339654418
34,0,Travel_Frequently,Sales,9,1,Technical Degree,2035,Male,2,Sales Executive,Single,26570,2.0,13,1,5.0,3,3,0,2,2,3,4.0,3.0,2.0,8.006655188246096,0.29383867307006406,242,9.963016528925621,0.07807675491238304
29,0,Travel_Frequently,Research & Development,1,4,Medical,2036,Male,3,Research Scientist,Divorced,27160,0.0,18,0,8.0,2,7,1,1,1,3,4.0,2.0,2.0,7.090194444444444,0.2740536633643674,240,9.992222222222221,0.07949294901596163
42,0,Travel_Rarely,Sales,21,2,Life Sciences,2037,Female,1,Healthcare Representative,Single,22010,4.0,12,1,16.0,3,1,0,0,4,3,2.0,4.0,3.0,7.204965127465128,0.28896026464002017,231,10.004401154401153,0.077182236443106
29,0,Travel_Rarely,Sales,4,2,Other,2038,Female,2,Healthcare Representative,Married,65400,1.0,22,0,10.0,2,10,1,2,1,4,2.0,4.0,2.0,10.868111343561132,0.27852131600598184,239,9.971408647140866,0.08671878235255057
38,0,Travel_Rarely,Research & Development,1,3,Medical,2039,Female,1,Human Resources,Married,38160,1.0,13,2,7.0,2,7,5,0,2,3,3.0,3.0,4.0,6.522217412217413,0.29086745916523543,231,9.99862914862915,0.05921671162975516
28,0,Travel_Frequently,Sales,6,4,Life Sciences,2040,Male,1,Manager,Divorced,52530,1.0,15,0,3.0,2,3,0,2,3,3,3.0,3.0,3.0,10.723506375227688,0.28473471055143973,244,9.97233606557377,0.0674242871438531
18,1,Non-Travel,Research & Development,2,4,Medical,2041,Male,3,Laboratory Technician,Single,109650,1.0,18,0,0.0,5,0,0,0,4,3,3.0,3.0,3.0,6.990631091617934,0.2820570835500655,228,10.009941520467837,0.08026294321216651
33,1,Travel_Rarely,Research & Development,3,2,Life Sciences,2042,Male,1,Sales Executive,Single,49360,0.0,14,0,6.0,2,5,0,3,2,3,1.0,1.0,3.0,8.961151761517616,0.3312759032745346,246,9.974119241192412,0.07824808731080508
41,0,Travel_Rarely,Research & Development,4,2,Medical,2043,Male,2,Research Scientist,Married,25430,3.0,12,0,6.0,3,1,0,0,3,3,2.0,4.0,3.0,8.104184472934472,0.31332690312909284,234,9.983903133903135,0.07706452848799053
31,1,Travel_Frequently,Sales,10,3,Technical Degree,2044,Female,1,Research Director,Married,53040,1.0,17,0,2.0,3,2,2,2,4,3,3.0,3.0,2.0,7.059042185338866,0.3094879042234379,241,9.991562932226831,0.0706437970646996
37,0,Travel_Rarely,Research & Development,23,3,Life Sciences,2045,Male,3,Manufacturing Director,Divorced,166590,7.0,16,1,9.0,2,6,1,3,3,3,3.0,4.0,3.0,7.960137759710931,0.31634628813391263,246,9.98482384823848,0.07763495750603767
27,0,Travel_Rarely,Research & Development,6,2,Medical,2046,Female,1,Healthcare Representative,Married,42600,1.0,11,2,4.0,2,4,2,2,3,3,4.0,3.0,3.0,7.396815776815776,0.30498324720872055,231,9.986796536796536,0.07860389610389608
34,0,Travel_Rarely,Sales,1,1,Marketing,2047,Female,2,Laboratory Technician,Married,24760,1.0,19,0,6.0,2,6,1,3,3,3,2.0,3.0,2.0,7.093543131739335,0.31180800229197175,237,10.002601969057666,0.07574531971362046
35,0,Travel_Rarely,Research & Development,6,3,Life Sciences,2048,Female,3,Laboratory Technician,Single,31020,1.0,13,1,6.0,3,5,1,4,2,3,3.0,3.0,1.0,6.788368770004573,0.3134740838594987,243,10.018792866941014,0.07763434948058966
29,1,Travel_Rarely,Research & Development,6,3,Life Sciences,2049,Male,1,Sales Executive,Married,22440,1.0,12,3,11.0,5,11,3,10,1,3,4.0,1.0,1.0,6.798305898491083,0.3002230276379695,243,10.024211248285322,0.07998416639269612
40,0,Travel_Frequently,Research & Development,2,4,Medical,2050,Male,4,Human Resources,Single,75960,9.0,11,0,20.0,0,18,2,13,1,3,2.0,3.0,2.0,6.733001867413632,0.2930632699902291,238,9.991386554621847,0.07329281853388338
42,1,Travel_Frequently,Sales,2,4,Life Sciences,2051,Male,1,Laboratory Technician,Single,22850,0.0,16,0,22.0,3,21,13,14,1,3,3.0,1.0,2.0,8.040693296602388,0.3215738429480487,242,9.99662534435262,0.07902613936421923
42,0,Travel_Rarely,Research & Development,1,2,Life Sciences,2052,Male,4,Laboratory Technician,Single,30340,7.0,21,1,9.0,3,6,1,5,2,4,2.0,1.0,4.0,7.692869167869168,0.2875073297133706,231,9.984054834054835,0.0735791873183177
35,0,Travel_Rarely,Research & Development,5,3,Medical,2053,Male,1,Healthcare Representative,Married,57150,6.0,24,2,10.0,0,8,1,7,3,4,4.0,3.0,3.0,7.069662261380323,0.3049518038626373,227,9.991556534508078,0.07716167660779955
24,0,Travel_Rarely,Sales,7,4,Life Sciences,2054,Female,1,Laboratory Technician,Single,25760,8.0,17,3,6.0,3,4,1,2,3,3,4.0,2.0,3.0,7.866042884990253,0.29641140947231803,228,9.988377192982453,0.08108922959012799
28,1,Travel_Rarely,Research & Development,15,4,Life Sciences,2055,Male,2,Sales Executive,Married,41970,1.0,13,0,1.0,3,1,0,0,1,3,3.0,4.0,2.0,10.264871332371333,0.2975916455803142,231,9.995382395382393,0.08515491352447882
26,0,Travel_Rarely,Research & Development,1,4,Life Sciences,2056,Male,2,Sales Representative,Married,143360,1.0,21,1,8.0,3,8,0,7,3,4,1.0,4.0,3.0,7.49410320881226,0.3033641964520207,232,9.991666666666667,0.06916546416546401
30,0,Travel_Rarely,Research & Development,7,2,Life Sciences,2057,Female,1,Manufacturing Director,Married,34480,1.0,11,0,10.0,3,10,1,4,3,3,3.0,3.0,3.0,7.706898540489642,0.3115717158532552,236,10.005508474576272,0.08289387746924702
40,0,Travel_Frequently,Research & Development,26,4,Life Sciences,2058,Male,2,Research Scientist,Married,194060,3.0,20,3,16.0,2,1,0,0,3,4,3.0,4.0,1.0,10.537147754137116,0.28747503809050845,235,9.975248226950354,0.08630899557495313
35,0,Travel_Rarely,Research & Development,18,5,Medical,2059,Female,2,Research Scientist,Divorced,65380,2.0,16,1,15.0,3,7,6,4,3,3,3.0,2.0,4.0,6.889265710382514,0.2924270185677666,244,9.986612021857924,0.07514695630664063
34,0,Travel_Frequently,Research & Development,6,2,Life Sciences,2060,Male,1,Research Director,Single,43060,0.0,11,0,14.0,2,13,4,9,3,3,4.0,1.0,3.0,7.55042194092827,0.2959949897636534,237,10.025879043600563,0.07602470658815867
35,0,Travel_Frequently,Research & Development,3,3,Medical,2061,Female,2,Laboratory Technician,Married,22580,1.0,11,1,2.0,2,2,2,2,3,3,4.0,4.0,4.0,7.985769774011299,0.27385994411864506,236,9.966949152542371,0.07283207116239927
43,1,Travel_Rarely,Sales,5,3,Marketing,2062,Female,3,Research Scientist,Single,45220,8.0,15,1,7.0,3,4,1,3,3,3,1.0,3.0,2.0,7.502324074074074,0.2797930866885625,240,10.001597222222221,0.08035657349294903
32,0,Non-Travel,Research & Development,11,2,Other,2063,Female,2,Research Scientist,Divorced,44870,1.0,11,0,1.0,5,1,0,0,2,3,3.0,1.0,3.0,6.622759181775917,0.2873337323343437,239,9.988981868898186,0.07165213365680999
56,0,Travel_Rarely,Research & Development,3,2,Other,2064,Male,2,Healthcare Representative,Divorced,44490,4.0,15,0,28.0,3,5,4,2,1,3,4.0,1.0,3.0,6.281313969571231,0.3078278480114209,241,9.976210235131395,0.08848030006147228
29,0,Travel_Rarely,Research & Development,26,1,Life Sciences,2065,Male,1,Laboratory Technician,Married,22180,1.0,24,1,10.0,1,10,0,8,3,4,2.0,4.0,3.0,7.507831425846447,0.3185231406186769,233,9.988841201716737,0.07081603645602083
19,0,Travel_Rarely,Research & Development,23,4,Life Sciences,2066,Male,2,Laboratory Technician,Single,191970,1.0,12,0,1.0,2,1,0,0,3,3,3.0,1.0,3.0,7.278348570089077,0.3021105575145841,237,9.948663853727144,0.07143535404101803
45,0,Travel_Rarely,Research & Development,22,3,Life Sciences,2067,Female,2,Sales Representative,Married,132120,4.0,13,0,7.0,4,3,0,2,3,3,1.0,3.0,2.0,8.794382716049382,0.29812197212242125,234,10.02193732193732,0.06700357449999794
37,0,Travel_Rarely,Research & Development,14,4,Life Sciences,2068,Male,3,Research Scientist,Married,65770,1.0,13,0,14.0,1,14,3,11,1,3,4.0,4.0,2.0,6.77259789525208,0.2871097845200029,227,9.98876651982379,0.0841370165339017
20,0,Travel_Rarely,Research & Development,6,3,Medical,2069,Male,5,Research Director,Single,83920,1.0,17,0,2.0,5,2,1,2,3,3,1.0,3.0,2.0,6.7084629629629635,0.2975619469800865,240,10.015069444444444,0.07261133871842557
44,1,Travel_Rarely,Human Resources,6,2,Human Resources,2070,Male,3,Sales Executive,Single,45580,1.0,13,1,6.0,2,6,0,2,1,3,3.0,3.0,3.0,10.428269318701417,0.3003219951611128,243,10.001783264746228,0.07763684355715778
53,0,Travel_Rarely,Research & Development,6,4,Life Sciences,2071,Male,1,Research Director,Divorced,40310,3.0,12,1,26.0,3,7,4,7,2,3,4.0,3.0,3.0,5.99468024691358,0.2872326612833948,225,10.000444444444446,0.07253948412698395
29,0,Travel_Rarely,Research & Development,23,3,Medical,2072,Male,1,Sales Executive,Married,79690,0.0,14,0,6.0,3,5,1,3,3,3,2.0,4.0,2.0,8.899403910348116,0.29413312008576414,233,9.980257510729611,0.0913901632874551
22,1,Travel_Frequently,Research & Development,22,4,Medical,2073,Male,1,Sales Representative,Married,26540,0.0,24,0,1.0,5,0,0,0,2,4,3.0,4.0,3.0,9.89105984740105,0.28716116470977304,233,9.998783977110158,0.07668074671534045
46,0,Travel_Rarely,Research & Development,2,3,Life Sciences,2074,Male,2,Research Scientist,Married,165550,8.0,14,2,28.0,4,26,15,9,3,3,3.0,1.0,3.0,6.031081999029597,0.294209447240469,229,9.985443959243087,0.08556935612928489
44,0,Non-Travel,Research & Development,20,3,Life Sciences,2075,Male,1,Sales Representative,Single,45560,2.0,13,0,6.0,4,0,0,0,3,3,4.0,3.0,3.0,6.196875603864733,0.2886340883065524,230,10.005144927536232,0.06951853785625385
33,0,Travel_Rarely,Research & Development,28,4,Life Sciences,2076,Female,1,Manager,Married,60910,1.0,15,0,5.0,6,5,1,4,1,3,2.0,3.0,3.0,7.840530612244898,0.29757446189150594,245,9.983537414965987,0.07555437530203327
41,1,Non-Travel,Research & Development,12,3,Life Sciences,2077,Male,2,Sales Representative,Divorced,195660,6.0,16,0,5.0,2,1,0,0,4,3,1.0,1.0,1.0,7.201252314814814,0.3036237227959418,240,9.969583333333333,0.07962418642491868
30,0,Travel_Rarely,Sales,20,3,Marketing,2078,Male,3,Sales Executive,Divorced,48100,8.0,18,0,8.0,3,4,0,3,2,3,3.0,1.0,3.0,7.487695162835249,0.28144565325609233,232,10.000646551724138,0.0713908740525118
40,0,Travel_Frequently,Sales,9,3,Medical,2079,Male,1,Manufacturing Director,Married,45230,5.0,16,1,5.0,5,0,0,0,4,3,2.0,2.0,3.0,6.7654257741347905,0.2915018982510642,244,9.996174863387978,0.0660072559910649
50,0,Travel_Frequently,Research & Development,25,4,Life Sciences,2080,Female,2,Healthcare Representative,Married,32020,2.0,24,1,32.0,2,2,2,2,3,4,4.0,1.0,3.0,7.20008226037196,0.2982749915788463,233,9.979613733905579,0.07810631567263583
28,0,Travel_Rarely,Research & Development,6,3,Technical Degree,2081,Male,2,Research Scientist,Married,23510,1.0,16,0,6.0,4,6,3,3,3,3,4.0,1.0,3.0,7.164030683403069,0.29762153672060176,239,9.991492329149233,0.08755336583726939
46,0,Travel_Rarely,Research & Development,8,4,Other,2082,Male,3,Manager,Married,17020,5.0,21,0,25.0,2,4,0,3,3,4,4.0,2.0,3.0,7.305633101851852,0.294041891638552,240,10.017291666666667,0.08273438226406327
35,0,Travel_Rarely,Sales,4,4,Marketing,2083,Male,1,Laboratory Technician,Married,180410,3.0,20,1,15.0,3,7,1,7,2,4,3.0,1.0,3.0,8.515865209471768,0.30517086749229977,244,10.00006830601093,0.08465134419483236
24,1,Travel_Rarely,Human Resources,28,4,Human Resources,2084,Male,3,Manufacturing Director,Married,28860,1.0,19,1,1.0,5,1,0,0,3,3,4.0,2.0,1.0,6.630590886939571,0.30606498344336475,228,9.98187134502924,0.07198267941022407
33,0,Travel_Frequently,Research & Development,9,2,Medical,2085,Female,1,Sales Executive,Married,20970,1.0,14,2,10.0,5,10,0,1,2,3,2.0,3.0,2.0,5.950504160548213,0.29343274727465557,227,9.991483113069016,0.07765821345496597
36,0,Travel_Rarely,Research & Development,9,2,Medical,2086,Male,2,Sales Executive,Divorced,119350,1.0,11,3,7.0,6,7,1,7,4,3,3.0,3.0,3.0,6.629711352657005,0.2783946586971451,230,10.01376811594203,0.06906240111385366
30,0,Travel_Rarely,Sales,29,3,Marketing,2087,Male,1,Sales Executive,Divorced,25460,1.0,14,1,10.0,2,10,8,9,3,3,3.0,3.0,2.0,5.99736409155937,0.29972750869700493,233,9.9914878397711,0.0802109951819513
44,0,Travel_Rarely,Research & Development,3,4,Medical,2088,Male,2,Research Scientist,Single,25640,1.0,12,3,20.0,3,20,13,17,1,3,4.0,4.0,3.0,7.625331284153006,0.2926408383125734,244,9.983538251366122,0.06434723721393938
20,0,Travel_Rarely,Research & Development,18,4,Medical,2089,Male,1,Human Resources,Single,84120,1.0,13,0,2.0,2,2,2,2,2,3,3.0,4.0,3.0,6.315777550091074,0.292179592943781,244,9.97445355191257,0.08012887254791716
46,0,Travel_Rarely,Sales,9,1,Medical,2090,Female,1,Sales Executive,Divorced,141180,2.0,22,0,12.0,3,6,1,4,3,4,4.0,4.0,2.0,6.200008101851852,0.28842235533730215,240,9.988541666666666,0.07363500987912601
42,0,Non-Travel,Research & Development,5,4,Medical,2091,Male,5,Sales Executive,Married,170460,7.0,11,0,10.0,3,4,0,3,2,3,4.0,1.0,4.0,7.506798185941043,0.2922578518707409,245,10.003945578231292,0.07288965094234413
60,0,Travel_Rarely,Sales,2,2,Life Sciences,2092,Male,2,Sales Executive,Divorced,25640,0.0,14,1,12.0,3,11,1,9,3,3,2.0,4.0,3.0,8.590920138888889,0.29956711409668546,240,9.978055555555557,0.07507430652409738
32,0,Travel_Frequently,Sales,10,3,Life Sciences,2093,Female,1,Sales Executive,Married,102660,1.0,11,0,2.0,3,2,2,2,3,3,3.0,2.0,3.0,7.303264760576476,0.3031470031095946,239,10.020502092050208,0.07674176365106715
32,0,Travel_Frequently,Research & Development,9,3,Life Sciences,2094,Female,2,Research Scientist,Single,50700,4.0,12,1,10.0,6,8,0,7,3,3,4.0,3.0,3.0,8.455582287308228,0.31218873635573846,239,10.00083682008368,0.0809143294695842
36,0,Travel_Rarely,Sales,3,2,Marketing,2095,Male,4,Healthcare Representative,Divorced,178610,2.0,18,0,17.0,2,7,7,7,2,3,3.0,1.0,3.0,8.00474648229015,0.27260630640802286,229,9.997671033478891,0.06643948389897604
33,0,Travel_Rarely,Sales,26,2,Marketing,2096,Male,1,Research Scientist,Married,42300,0.0,12,0,15.0,0,14,4,10,3,3,1.0,4.0,3.0,6.08662962962963,0.30589097420532163,240,10.026111111111112,0.068745854641252
40,0,Travel_Rarely,Research & Development,1,3,Medical,2097,Female,2,Research Scientist,Divorced,37800,7.0,12,0,7.0,2,5,1,3,1,3,2.0,2.0,4.0,7.340324473180076,0.3176272846685945,232,9.993247126436781,0.0775804639166708
25,0,Travel_Rarely,Research & Development,6,2,Medical,2098,Female,1,Laboratory Technician,Single,27680,0.0,22,1,5.0,0,4,1,1,3,4,3.0,4.0,3.0,8.001937260536398,0.300768571642184,232,10.00625,0.07550069143819142
30,0,Travel_Rarely,Sales,9,3,Marketing,2099,Female,1,Research Scientist,Married,90710,0.0,19,1,12.0,2,11,5,7,2,3,4.0,2.0,3.0,9.193778475127846,0.3111633511846769,239,9.995048814504882,0.08393546679480715
42,0,Travel_Frequently,Human Resources,8,2,Medical,2100,Male,1,Sales Executive,Married,106480,3.0,13,1,20.0,1,1,0,0,3,3,1.0,1.0,3.0,9.488813457854407,0.3016738383452296,232,9.986494252873563,0.07214244248727014
35,0,Non-Travel,Research & Development,1,1,Life Sciences,2101,Male,2,Sales Executive,Married,136100,4.0,22,2,16.0,4,13,4,12,2,4,3.0,4.0,2.0,9.791557621671258,0.2847637066263239,242,9.974035812672174,0.06824537814965964
27,0,Travel_Rarely,Research & Development,7,3,Life Sciences,2102,Male,3,Manufacturing Director,Married,34080,1.0,24,0,9.0,2,9,6,8,3,4,1.0,1.0,2.0,9.207650759734094,0.2969222020916483,234,9.959757834757834,0.08417118573949758
54,0,Travel_Frequently,Research & Development,9,2,Medical,2103,Male,2,Sales Representative,Divorced,29830,7.0,14,1,33.0,2,5,1,4,2,3,4.0,3.0,1.0,6.369145390070921,0.3026663786009455,235,9.972624113475177,0.06992399628215235
44,0,Travel_Rarely,Human Resources,4,4,Life Sciences,2104,Male,5,Laboratory Technician,Married,76320,1.0,21,0,10.0,3,10,7,7,3,4,1.0,4.0,3.0,5.98418388429752,0.31086759907302497,242,9.991391184573004,0.08089031106996025
19,1,Non-Travel,Sales,2,2,Other,2105,Male,3,Healthcare Representative,Single,98240,1.0,18,0,1.0,2,1,0,0,3,3,1.0,2.0,4.0,8.402396125116713,0.27801304834913837,238,9.961484593837536,0.07489567697683858
29,0,Travel_Rarely,Research & Development,19,4,Life Sciences,2106,Male,1,Manufacturing Director,Divorced,99500,1.0,20,0,3.0,3,3,1,2,3,4,1.0,4.0,3.0,7.395566059757236,0.26789674361692634,238,9.991526610644259,0.09187703140327867
54,0,Travel_Rarely,Research & Development,9,4,Life Sciences,2107,Male,2,Sales Executive,Married,20930,3.0,19,0,36.0,2,10,0,9,3,3,4.0,4.0,3.0,7.6952370689655165,0.329189229289683,232,9.978089080459771,0.07594279722512486
31,0,Travel_Rarely,Research & Development,21,3,Life Sciences,2108,Male,2,Laboratory Technician,Married,99800,1.0,12,0,6.0,1,6,0,1,3,3,3.0,1.0,2.0,8.594112021857923,0.32005867894492823,244,9.960177595628416,0.08021720655587784
31,0,Travel_Rarely,Sales,24,1,Marketing,2109,Female,1,Sales Executive,Single,38940,1.0,12,0,10.0,3,10,1,8,4,3,3.0,1.0,3.0,7.301323529411765,0.29305916826279943,238,10.00217086834734,0.08510895708494366
59,0,Travel_Rarely,Research & Development,3,4,Technical Degree,2110,Male,1,Research Scientist,Single,40510,5.0,16,3,13.0,3,6,0,5,3,3,3.0,4.0,3.0,7.442859274563819,0.2926853186727226,242,9.990633608815427,0.07511937557392101
43,0,Travel_Rarely,Research & Development,11,2,Life Sciences,2111,Male,3,Laboratory Technician,Married,168350,3.0,17,1,25.0,3,8,0,7,3,3,3.0,4.0,3.0,6.6082968455743885,0.30027774056066303,236,9.990466101694915,0.06447018371599154
49,0,Travel_Rarely,Sales,14,4,Life Sciences,2112,Male,2,Research Scientist,Married,62300,2.0,14,0,23.0,2,1,0,0,2,3,1.0,3.0,4.0,6.688532088122606,0.3058182204491421,232,9.9875,0.08941498316498313
36,0,Travel_Frequently,Sales,5,2,Marketing,2113,Female,1,Laboratory Technician,Married,47170,1.0,19,1,12.0,3,11,0,7,3,3,3.0,2.0,2.0,6.095977496483824,0.30669692726448317,237,9.948523206751055,0.07479183055615153
48,0,Travel_Rarely,Research & Development,1,4,Life Sciences,2114,Female,2,Laboratory Technician,Single,132370,5.0,13,1,7.0,2,1,0,0,4,3,4.0,2.0,2.0,6.110347222222223,0.3032895130500525,228,9.9781432748538,0.06704954766382434
27,0,Travel_Rarely,Research & Development,6,4,Life Sciences,2115,Male,2,Laboratory Technician,Divorced,37550,1.0,19,0,5.0,2,5,0,3,3,3,1.0,3.0,3.0,8.001521438450899,0.3097641840265895,241,9.986099585062242,0.08252703818964187
29,0,Travel_Rarely,Sales,17,4,Medical,2116,Male,1,Laboratory Technician,Divorced,65820,1.0,19,1,6.0,3,6,1,0,3,3,3.0,4.0,3.0,8.799048288795126,0.30475619414656574,237,9.984810126582278,0.08896555936971082
48,0,Travel_Rarely,Sales,1,1,Marketing,2117,Male,2,Manufacturing Director,Single,74060,6.0,14,2,25.0,2,1,0,0,3,3,4.0,4.0,4.0,6.18902658045977,0.3011057031327005,232,9.990948275862069,0.07266903435006887
29,0,Travel_Rarely,Research & Development,3,3,Technical Degree,2118,Female,2,Healthcare Representative,Divorced,48050,3.0,16,1,9.0,2,7,1,7,3,3,4.0,4.0,2.0,6.878174931129477,0.29265441721881874,242,9.990633608815427,0.07330517548171256
34,0,Travel_Rarely,Sales,9,4,Medical,2119,Female,2,Laboratory Technician,Married,27410,0.0,15,1,2.0,3,1,0,0,3,3,3.0,3.0,2.0,6.000829861111112,0.31387020540007543,240,9.99673611111111,0.08401185010847673
44,0,Travel_Rarely,Research & Development,4,3,Life Sciences,2120,Female,1,Laboratory Technician,Married,42620,7.0,18,0,26.0,2,22,3,10,3,3,2.0,2.0,3.0,6.99462077294686,0.30395396350179865,230,9.984565217391303,0.08443200324873959
33,0,Travel_Rarely,Research & Development,8,2,Life Sciences,2121,Female,2,Research Scientist,Divorced,161840,0.0,13,1,10.0,2,9,0,8,4,3,4.0,3.0,3.0,11.025822087269457,0.3233744882783086,247,10.008164642375169,0.07015099897962546
19,0,Travel_Rarely,Sales,2,4,Marketing,2122,Male,3,Laboratory Technician,Single,115570,1.0,22,0,1.0,0,1,0,1,3,4,2.0,4.0,3.0,10.811617104656523,0.292504151099484,241,9.995712309820192,0.0731945020746887
23,0,Travel_Rarely,Sales,2,3,Medical,2123,Male,3,Laboratory Technician,Married,18780,1.0,13,1,1.0,2,1,0,1,3,3,4.0,3.0,3.0,7.476028368794326,0.3215573969407662,235,9.944397163120568,0.07252664120749233
25,1,Travel_Frequently,Research & Development,1,1,Life Sciences,2124,Male,1,Manufacturing Director,Single,109320,1.0,11,1,1.0,3,1,1,0,3,3,3.0,4.0,3.0,9.166382797270954,0.3120818042011484,228,9.98486842105263,0.0863987589200608
26,0,Travel_Rarely,Human Resources,9,3,Life Sciences,2125,Male,2,Research Scientist,Single,68110,1.0,11,1,8.0,4,8,2,2,3,3,3.0,4.0,2.0,8.707262583095915,0.3120709151141583,234,9.977564102564102,0.07837024503870006
45,1,Travel_Rarely,Human Resources,12,3,Human Resources,2126,Male,2,Laboratory Technician,Single,43060,2.0,11,2,26.0,3,24,1,11,3,3,1.0,2.0,3.0,9.911379818594105,0.2892700125702658,245,9.986122448979593,0.08350425634734769
55,0,Non-Travel,Research & Development,27,3,Life Sciences,2127,Female,2,Manager,Divorced,48590,1.0,24,1,34.0,3,33,15,0,4,4,4.0,2.0,3.0,9.58409155937053,0.2855321894078269,233,9.979899856938482,0.0693032945258415
21,1,Travel_Frequently,Research & Development,20,2,Medical,2128,Female,4,Research Scientist,Single,53370,1.0,14,1,2.0,2,2,2,2,3,3,1.0,3.0,1.0,7.613900511390051,0.28301475997146225,239,9.985146443514644,0.0800597240290817
46,0,Travel_Rarely,Research & Development,1,4,Life Sciences,2129,Male,1,Manufacturing Director,Married,23400,2.0,13,1,26.0,2,11,0,8,1,3,4.0,2.0,3.0,6.879879070881225,0.29570955596839515,232,9.969181034482759,0.0841458872385596
34,0,Travel_Rarely,Sales,13,4,Medical,2130,Male,3,Sales Representative,Single,74910,0.0,14,1,4.0,3,3,0,2,2,3,3.0,1.0,3.0,8.909026019690575,0.290270205999082,237,9.965260196905765,0.08212371967547896
51,0,Travel_Frequently,Research & Development,14,3,Life Sciences,2131,Male,2,Research Director,Divorced,105270,4.0,14,0,31.0,3,29,11,10,3,3,4.0,2.0,2.0,11.006115879828327,0.3023875620095665,233,10.003576537911302,0.08308820688010789
59,0,Travel_Rarely,Research & Development,4,2,Life Sciences,2132,Male,2,Research Scientist,Single,165950,6.0,21,1,25.0,2,9,5,4,3,4,4.0,4.0,2.0,6.608805441243714,0.30534938734433076,243,9.999245541838134,0.08487431365658075
34,0,Travel_Frequently,Sales,14,4,Medical,2133,Female,3,Research Scientist,Divorced,88340,4.0,13,1,15.0,1,11,5,10,3,3,3.0,2.0,4.0,6.784572368421053,0.29095876767761414,228,9.990423976608186,0.08694778812547765
28,0,Travel_Frequently,Research & Development,2,3,Other,2134,Female,1,Manager,Single,55770,0.0,19,0,5.0,3,4,0,2,3,3,4.0,3.0,2.0,10.42061614083219,0.3016536170480954,243,10.008367626886145,0.08547836199631921
44,0,Travel_Rarely,Research & Development,3,4,Life Sciences,2135,Male,2,Research Scientist,Divorced,47070,1.0,17,0,26.0,4,25,14,13,1,3,3.0,1.0,2.0,7.802089424951267,0.28683988921742726,228,10.007090643274854,0.08654886497325054
34,0,Travel_Frequently,Sales,1,3,Life Sciences,2136,Male,2,Sales Executive,Married,24000,4.0,18,1,14.0,3,10,1,8,3,3,3.0,2.0,4.0,7.470801005747127,0.29225215625795026,232,9.967097701149426,0.08029803370320612
35,0,Travel_Rarely,Research & Development,9,3,Life Sciences,2137,Male,4,Healthcare Representative,Married,98240,0.0,19,0,4.0,2,3,2,2,3,3,3.0,3.0,3.0,10.503479591836735,0.33603585838351435,245,9.97795918367347,0.07746530798111592
42,0,Travel_Rarely,Research & Development,23,4,Life Sciences,2138,Female,1,Manager,Married,64470,6.0,13,0,18.0,3,1,0,0,3,3,2.0,2.0,3.0,9.41620634920635,0.306602414337585,245,9.9921768707483,0.07365097951748999
43,0,Travel_Rarely,Research & Development,7,2,Medical,2139,Female,1,Laboratory Technician,Single,195020,3.0,18,2,23.0,3,21,15,17,4,3,4.0,4.0,4.0,6.409671276079573,0.3017311278864405,229,9.99745269286754,0.061342166977365754
36,0,Travel_Rarely,Research & Development,2,4,Medical,2140,Male,1,Healthcare Representative,Single,27250,9.0,21,1,18.0,4,16,5,12,2,4,3.0,2.0,3.0,10.607794995408632,0.27020297430893636,242,9.989669421487603,0.08045761271713735
44,1,Travel_Rarely,Research & Development,21,4,Life Sciences,2141,Female,2,Laboratory Technician,Married,62720,1.0,19,1,10.0,3,10,0,5,3,3,1.0,4.0,3.0,6.012525584795322,0.31527395146568915,228,9.973611111111111,0.07877559552945015
28,0,Travel_Frequently,Research & Development,2,3,Life Sciences,2142,Female,2,Sales Representative,Married,21270,1.0,14,0,2.0,3,2,2,2,3,3,4.0,4.0,3.0,9.679196599616857,0.275216797360349,232,9.964798850574713,0.08062420178799483
51,0,Travel_Frequently,Sales,21,4,Medical,2143,Male,2,Research Scientist,Single,182000,0.0,17,0,8.0,3,7,7,7,3,3,2.0,3.0,3.0,7.017285781544256,0.30354507372425854,236,9.99159604519774,0.07292079877389107
30,0,Non-Travel,Research & Development,2,4,Other,2144,Male,1,Research Scientist,Single,20960,7.0,11,3,10.0,2,8,1,7,3,3,3.0,3.0,3.0,9.497514124293783,0.31835732656116794,236,9.973728813559323,0.0816969587690828
29,1,Travel_Rarely,Research & Development,29,4,Technical Degree,2145,Female,1,Sales Representative,Divorced,28860,3.0,13,0,10.0,4,7,7,7,3,3,2.0,3.0,3.0,8.39062440645774,0.2989797530574282,234,10.017378917378917,0.0767639158912406
28,0,Travel_Rarely,Sales,1,4,Life Sciences,2146,Female,2,Sales Representative,Single,20330,2.0,15,1,5.0,5,3,1,2,3,3,4.0,1.0,2.0,6.765892330383481,0.3015421256944881,226,10.016740412979352,0.08730740194471764
25,0,Travel_Rarely,Research & Development,18,2,Life Sciences,2147,Male,1,Research Scientist,Single,36220,1.0,25,0,2.0,0,2,2,1,3,4,4.0,2.0,2.0,7.982099673202614,0.3362403839637528,238,9.993977591036414,0.09247647019426633
32,0,Travel_Rarely,Research & Development,10,4,Other,2148,Female,1,Sales Executive,Married,42330,1.0,11,0,10.0,5,10,0,8,3,3,3.0,4.0,4.0,6.8195002374169045,0.2965040557049517,234,10.014245014245013,0.06407136364933216
45,0,Travel_Frequently,Research & Development,19,3,Medical,2149,Male,3,Laboratory Technician,Single,36810,3.0,17,1,22.0,2,0,0,0,3,3,3.0,2.0,3.0,5.978748241912799,0.2809440084309614,237,10.02967651195499,0.070005403386652
39,0,Travel_Rarely,Sales,29,1,Marketing,2150,Female,1,Laboratory Technician,Divorced,54600,6.0,13,2,21.0,3,19,15,2,3,3,3.0,2.0,3.0,8.400860404896422,0.29292472725278057,236,9.974223163841808,0.07048520956044396
58,0,Travel_Rarely,Research & Development,27,3,Other,2151,Male,2,Laboratory Technician,Divorced,21870,1.0,18,1,2.0,1,2,2,2,1,3,1.0,3.0,3.0,5.993010869565217,0.3063511856140062,230,9.971086956521738,0.06356965276459296
32,1,Travel_Rarely,Research & Development,5,3,Technical Degree,2152,Female,1,Sales Executive,Married,96020,1.0,13,1,10.0,3,10,1,1,3,3,4.0,3.0,3.0,6.479733992467042,0.2762114037307593,236,9.991666666666669,0.07227541371158384
39,1,Travel_Rarely,Research & Development,18,2,Life Sciences,2153,Male,2,Laboratory Technician,Single,28360,0.0,20,0,6.0,3,5,0,3,2,4,3.0,1.0,3.0,7.703856421356422,0.2861007079414403,231,9.977849927849928,0.06747221699395609
30,0,Travel_Rarely,Sales,9,1,Marketing,2154,Male,4,Research Director,Married,40890,0.0,18,0,10.0,2,9,6,7,4,3,1.0,4.0,3.0,6.166816415180612,0.30810023347984067,243,10.017764060356653,0.08726463097114052
36,0,Travel_Rarely,Sales,1,3,Marketing,2155,Male,2,Sales Executive,Married,166270,3.0,12,0,10.0,5,7,1,7,2,3,4.0,3.0,3.0,6.711335009578544,0.29332329880817165,232,10.01012931034483,0.07939310489957048
46,0,Travel_Rarely,Sales,4,3,Medical,2156,Male,1,Research Scientist,Single,26190,6.0,12,1,10.0,3,7,5,7,2,3,4.0,1.0,4.0,7.706544995408631,0.30385804596124655,242,10.008884297520659,0.08277343883954605
28,0,Non-Travel,Research & Development,1,3,Medical,2157,Male,5,Sales Executive,Married,56790,0.0,13,0,10.0,2,9,7,5,2,3,3.0,4.0,3.0,7.984185660018993,0.30732344641861203,234,9.994088319088318,0.07755789202319963
50,0,Travel_Rarely,Research & Development,20,2,Medical,2158,Female,5,Laboratory Technician,Married,154020,4.0,21,0,25.0,3,3,1,2,2,4,4.0,1.0,3.0,10.441048085901025,0.2983364073771096,238,10.00112044817927,0.07762414951916062
40,1,Travel_Rarely,Sales,8,1,Other,2159,Male,1,Laboratory Technician,Single,59850,2.0,13,3,9.0,1,5,1,0,2,3,4.0,2.0,3.0,9.79710608237548,0.3119971612855598,232,9.991666666666667,0.0808778258778258
52,1,Travel_Rarely,Research & Development,3,2,Technical Degree,2160,Male,3,Laboratory Technician,Single,25790,9.0,19,1,10.0,1,8,7,7,3,3,2.0,2.0,2.0,10.018041894353368,0.2781050823233493,244,9.985245901639345,0.08390807828674664
30,0,Travel_Rarely,Research & Development,6,4,Medical,2161,Female,1,Sales Executive,Married,30410,1.0,11,1,9.0,2,9,0,8,2,3,2.0,1.0,3.0,10.361327825670497,0.3126867011033065,232,9.966882183908046,0.07546772631901932
39,0,Travel_Rarely,Research & Development,26,1,Medical,2162,Male,2,Healthcare Representative,Single,34470,0.0,14,0,9.0,5,8,1,7,3,3,1.0,3.0,3.0,5.976122448979592,0.30852662367638783,245,10.016802721088435,0.07600180290695516
31,0,Non-Travel,Research & Development,1,2,Medical,2163,Male,1,Sales Executive,Divorced,195130,1.0,12,1,10.0,1,10,9,6,2,3,4.0,3.0,2.0,10.101002109704641,0.31780611384507523,237,9.990506329113924,0.06570868793058236
41,0,Non-Travel,Sales,6,3,Life Sciences,2164,Female,1,Research Director,Single,27730,1.0,11,0,19.0,3,19,11,9,3,3,3.0,2.0,3.0,7.795501133786848,0.2968185727251186,245,9.983469387755102,0.08092666629493325
31,1,Travel_Frequently,Research & Development,3,1,Life Sciences,2165,Male,1,Sales Executive,Single,71040,1.0,14,1,3.0,3,3,2,2,3,3,4.0,2.0,4.0,9.135941290635614,0.2878610553210323,229,10.006331877729258,0.0838352188087881
44,1,Travel_Rarely,Sales,5,3,Life Sciences,2166,Male,1,Laboratory Technician,Married,63220,4.0,11,1,10.0,2,3,1,2,3,3,1.0,1.0,4.0,6.027372245663386,0.3054041852789192,237,9.981504922644163,0.06976123785231272
42,0,Non-Travel,Research & Development,4,3,Life Sciences,2167,Male,2,Laboratory Technician,Married,20830,0.0,12,2,21.0,3,20,2,10,2,3,3.0,3.0,2.0,9.710156955736224,0.32203284100595403,246,10.028252032520324,0.07119743100492229
55,0,Travel_Rarely,Sales,11,3,Technical Degree,2168,Male,2,Manufacturing Director,Married,83810,4.0,15,1,23.0,3,19,9,11,3,3,4.0,3.0,3.0,6.629416786916787,0.319062682357349,231,9.966233766233765,0.07663749294184076
56,0,Travel_Rarely,Sales,3,2,Medical,2169,Female,3,Manufacturing Director,Single,26910,6.0,16,1,36.0,6,7,7,7,3,3,4.0,2.0,3.0,7.995408022130015,0.30629052495825676,241,9.982226832641771,0.07981821499923164
40,0,Non-Travel,Research & Development,1,1,Life Sciences,2170,Male,1,Laboratory Technician,Divorced,42860,9.0,15,0,6.0,6,4,0,0,3,3,3.0,3.0,3.0,7.337527538314176,0.297229364498967,232,10.003591954022989,0.07588891791477999
34,0,Travel_Rarely,Research & Development,3,2,Technical Degree,2171,Male,2,Research Director,Divorced,26590,0.0,24,3,10.0,2,9,1,6,3,4,4.0,4.0,2.0,7.4184357344632765,0.3063855324151705,236,9.98601694915254,0.07885565172096003
40,0,Travel_Rarely,Sales,4,3,Medical,2172,Male,2,Sales Executive,Single,94340,1.0,13,1,9.0,3,9,8,8,2,3,3.0,4.0,3.0,5.99870138888889,0.2617822101816039,240,9.995277777777778,0.07571679838834647
41,0,Travel_Frequently,Sales,1,4,Other,2173,Female,2,Healthcare Representative,Divorced,55610,0.0,11,0,10.0,2,9,1,7,2,3,3.0,1.0,3.0,7.690605200945626,0.32053023411135845,235,10.039078014184398,0.08093670566365592
35,0,Travel_Frequently,Sales,1,2,Technical Degree,2174,Male,2,Manager,Single,66460,1.0,13,1,9.0,2,9,1,1,2,3,3.0,3.0,3.0,9.508205128205129,0.2970678727926683,247,9.98157894736842,0.08542599724242847
51,0,Travel_Rarely,Sales,18,2,Life Sciences,2175,Male,4,Manufacturing Director,Divorced,77250,1.0,13,1,33.0,2,33,0,10,3,3,3.0,2.0,3.0,9.48023530762167,0.3061433516748053,242,10.007920110192838,0.06149418077416946
38,0,Travel_Rarely,Sales,2,4,Life Sciences,2176,Female,1,Research Scientist,Divorced,107250,3.0,18,0,11.0,5,7,1,7,2,3,2.0,1.0,3.0,6.585955743879473,0.3109463565410318,236,10.016737288135593,0.0845212715871299
34,0,Travel_Rarely,Sales,4,3,Life Sciences,2177,Male,2,Research Scientist,Single,88470,1.0,16,0,10.0,3,10,9,6,4,3,3.0,1.0,4.0,7.23356081390032,0.27078531751199414,243,9.985871056241427,0.07787576475567495
25,0,Travel_Rarely,Research & Development,6,2,Medical,2178,Female,4,Research Scientist,Married,20450,3.0,19,0,7.0,3,3,1,2,3,3,4.0,4.0,2.0,6.2904,0.28919087962608125,225,9.998962962962961,0.08296022927689603
58,1,Travel_Rarely,Sales,1,4,Technical Degree,2179,Male,2,Sales Executive,Married,10090,7.0,13,2,31.0,3,10,5,9,4,3,3.0,1.0,2.0,8.488845153664304,0.3042173011873121,235,10.00595744680851,0.07721744357559968
40,0,Travel_Rarely,Research & Development,14,4,Medical,2180,Female,1,Research Scientist,Married,33480,3.0,22,0,7.0,2,4,0,3,1,4,2.0,2.0,3.0,6.117230461393596,0.2983941296402249,236,10.017584745762711,0.0842982079176183
36,0,Travel_Frequently,Sales,16,2,Life Sciences,2181,Male,1,Research Scientist,Married,12810,2.0,11,0,17.0,2,15,6,13,3,3,1.0,1.0,2.0,6.086681839402428,0.3068107154542833,238,9.990826330532213,0.08437048166664689
48,0,Travel_Rarely,Research & Development,2,1,Life Sciences,2182,Male,2,Research Scientist,Single,28190,1.0,20,0,11.0,2,10,0,8,2,4,4.0,4.0,3.0,7.596445652173912,0.2768931665155198,230,9.961666666666668,0.08013136826783118
27,0,Travel_Rarely,Research & Development,2,3,Life Sciences,2183,Female,2,Laboratory Technician,Married,48510,8.0,18,0,5.0,2,1,0,0,3,3,3.0,3.0,3.0,7.097427983539093,0.2839767204107849,243,9.985528120713306,0.07210030533543435
51,0,Travel_Rarely,Research & Development,4,1,Medical,2184,Female,3,Manufacturing Director,Single,40280,3.0,14,0,29.0,3,5,0,3,3,3,4.0,2.0,2.0,7.494571708272149,0.2821804999396572,227,9.963729809104258,0.07426862283904885
18,0,Non-Travel,Research & Development,1,4,Medical,2185,Male,2,Sales Executive,Single,27200,1.0,22,1,0.0,2,0,0,0,3,4,4.0,4.0,4.0,7.905436671239141,0.2767977405527724,243,10.03278463648834,0.08055984461147205
35,0,Travel_Rarely,Research & Development,1,4,Other,2186,Female,2,Research Director,Married,81200,0.0,13,0,10.0,2,9,0,0,2,3,4.0,4.0,3.0,7.180452898550724,0.2902119759631299,230,9.993478260869566,0.07692719870050424
27,0,Travel_Frequently,Research & Development,26,4,Medical,2187,Female,1,Research Director,Single,46470,3.0,17,0,8.0,3,6,0,0,4,3,4.0,4.0,3.0,7.352186609686609,0.2731149768353939,234,10.019729344729345,0.07581437564449
55,1,Travel_Rarely,Research & Development,19,3,Technical Degree,2188,Male,1,Human Resources,Single,46800,6.0,14,3,24.0,0,19,3,8,4,3,1.0,3.0,2.0,8.68269090077732,0.2912692623807957,243,9.997873799725653,0.07585289860822977
56,0,Travel_Rarely,Research & Development,24,4,Life Sciences,2189,Male,2,Laboratory Technician,Married,32210,4.0,15,2,33.0,2,19,15,9,3,3,4.0,2.0,3.0,10.380261904761904,0.3048688763216833,245,10.00687074829932,0.07130391992862722
34,0,Non-Travel,Sales,1,2,Life Sciences,2190,Male,2,Research Scientist,Divorced,86210,1.0,17,1,5.0,1,5,0,0,3,3,1.0,3.0,3.0,6.379191176470588,0.2935752287189591,238,9.99873949579832,0.08709873260133867
40,0,Travel_Rarely,Research & Development,3,3,Life Sciences,2191,Male,2,Sales Executive,Divorced,45770,5.0,11,1,15.0,3,12,11,8,2,3,2.0,3.0,3.0,6.479356113435612,0.3222866223559062,239,9.9860529986053,0.07742604573210035
34,0,Travel_Rarely,Research & Development,5,3,Life Sciences,2192,Male,1,Research Scientist,Married,45530,4.0,18,1,10.0,2,8,7,7,4,3,2.0,3.0,3.0,7.1769491927825255,0.3054808021510363,234,9.98917378917379,0.07805348707351568
31,1,Travel_Frequently,Research & Development,2,2,Medical,2193,Female,2,Manufacturing Director,Single,53960,7.0,17,1,3.0,2,1,0,0,1,3,3.0,4.0,4.0,7.673500228623685,0.300330546416705,243,9.991838134430726,0.08067346680421866
35,1,Travel_Frequently,Research & Development,1,2,Medical,2194,Male,1,Manufacturing Director,Married,67960,0.0,13,0,5.0,2,4,3,2,3,3,4.0,3.0,2.0,9.072801783264746,0.2918967713513891,243,9.978943758573388,0.07796274567598917
38,0,Travel_Frequently,Research & Development,7,3,Medical,2195,Female,2,Sales Representative,Divorced,76250,1.0,15,0,4.0,2,4,0,3,2,3,4.0,3.0,3.0,6.375856481481482,0.3021833390005304,240,9.989374999999999,0.07018301080892608
34,0,Travel_Rarely,Research & Development,10,4,Other,2196,Female,2,Laboratory Technician,Single,74120,1.0,24,0,14.0,4,14,4,11,3,4,3.0,4.0,4.0,7.906698939603504,0.28297028003144176,241,9.988243430152146,0.08295611456892579
28,0,Travel_Rarely,Research & Development,2,3,Life Sciences,2197,Female,2,Healthcare Representative,Married,111590,1.0,12,0,5.0,2,5,0,4,3,3,3.0,1.0,3.0,6.683007544581619,0.31763165958027395,243,10.012208504801096,0.07813775616244754
31,1,Travel_Rarely,Research & Development,15,2,Life Sciences,2198,Male,2,Sales Executive,Married,49600,1.0,15,0,10.0,3,10,6,7,2,3,4.0,3.0,2.0,10.88627205531712,0.28925793067206007,233,10.01695278969957,0.06636486030947336
39,0,Travel_Rarely,Research & Development,17,4,Technical Degree,2199,Female,2,Healthcare Representative,Married,104750,3.0,11,1,8.0,3,5,1,4,3,3,1.0,4.0,4.0,10.322546695402298,0.2976102512013967,232,9.949137931034482,0.07939800301869268
51,0,Travel_Frequently,Research & Development,20,3,Medical,2200,Male,2,Sales Executive,Married,148140,2.0,11,1,14.0,2,4,3,2,2,3,2.0,2.0,3.0,7.07558970856102,0.3029693721377203,244,9.988524590163934,0.0699203565030321
41,0,Travel_Frequently,Research & Development,1,3,Life Sciences,2201,Male,4,Sales Executive,Divorced,191410,3.0,12,1,12.0,2,6,3,3,3,3,4.0,4.0,2.0,10.66936308693631,0.31205974772155487,239,9.984030683403068,0.07304573014700998
37,0,Travel_Rarely,Research & Development,2,2,Medical,2202,Female,1,Healthcare Representative,Married,54050,7.0,15,0,8.0,3,6,1,3,4,3,3.0,3.0,3.0,10.39074152542373,0.3131531452436618,236,9.98601694915254,0.07441120727651564
33,0,Travel_Frequently,Research & Development,2,3,Medical,2203,Female,1,Sales Executive,Married,87930,6.0,17,0,8.0,2,5,1,2,3,3,2.0,4.0,4.0,7.778146961063628,0.29970928069969327,234,10.015669515669515,0.07122694610534382
32,0,Travel_Rarely,Research & Development,1,4,Medical,2204,Male,5,Research Director,Married,191890,0.0,12,1,4.0,3,3,1,2,3,3,3.0,2.0,2.0,10.395856950067476,0.3136105176243036,247,9.965249662618085,0.07173804717129491
39,0,Non-Travel,Research & Development,29,2,Life Sciences,2205,Male,2,Sales Executive,Married,38750,3.0,15,0,13.0,3,6,0,5,3,3,3.0,3.0,3.0,6.594622175141243,0.3149070749406036,236,10.014618644067795,0.08398751352326002
25,0,Travel_Rarely,Research & Development,7,4,Life Sciences,2206,Male,1,Sales Executive,Married,22160,2.0,13,3,6.0,2,3,1,2,2,3,1.0,3.0,2.0,7.208837844254512,0.29041949392995037,234,9.958119658119656,0.08453083159091744
52,0,Travel_Frequently,Research & Development,2,1,Life Sciences,2207,Male,2,Sales Executive,Married,117130,2.0,14,0,24.0,2,5,0,2,3,3,4.0,3.0,2.0,9.086195856873823,0.2859799350615025,236,9.982627118644068,0.08044630764915656
43,0,Travel_Rarely,Research & Development,2,2,Medical,2208,Male,1,Laboratory Technician,Single,78610,1.0,14,2,20.0,1,20,1,8,3,3,1.0,3.0,1.0,9.686829297245962,0.30951499372074986,234,9.989672364672364,0.07770761751627284
27,0,Travel_Rarely,Research & Development,2,4,Life Sciences,2209,Male,1,Human Resources,Married,37080,1.0,16,2,6.0,2,6,4,4,3,3,4.0,4.0,3.0,10.314973708276177,0.3145107419753377,243,10.009533607681755,0.07528637478413007
27,1,Travel_Rarely,Research & Development,2,5,Life Sciences,2210,Female,1,Research Scientist,Single,137700,1.0,18,1,8.0,3,8,7,7,4,3,4.0,3.0,3.0,10.004661835748792,0.31567128599959354,230,9.992826086956523,0.08872196379975938
26,0,Travel_Rarely,Research & Development,2,2,Other,2211,Male,3,Laboratory Technician,Single,53040,0.0,20,1,5.0,2,4,1,1,3,4,1.0,4.0,3.0,6.323119288119289,0.30216916229742496,231,10.000793650793652,0.06335081665516443
42,0,Travel_Rarely,Sales,23,3,Marketing,2212,Female,3,Research Scientist,Married,26420,0.0,13,1,21.0,3,20,0,9,3,3,3.0,1.0,3.0,6.129594856865599,0.30212259040917555,229,9.996142649199419,0.08588783336312641
52,0,Travel_Rarely,Research & Development,5,2,Life Sciences,2213,Female,1,Healthcare Representative,Married,27590,9.0,18,1,12.0,6,5,0,4,3,3,3.0,1.0,1.0,6.50694675925926,0.2985991861777999,240,9.97423611111111,0.10409518344180993
37,0,Travel_Rarely,Research & Development,20,5,Life Sciences,2214,Male,2,Manager,Single,68040,4.0,13,1,8.0,1,3,0,2,3,3,1.0,3.0,3.0,7.4681828193832605,0.293188205025694,227,9.977019089574158,0.06880951143338569
35,0,Travel_Frequently,Research & Development,6,4,Medical,2215,Female,2,Research Director,Single,61420,2.0,15,1,10.0,2,2,2,2,3,3,3.0,4.0,3.0,7.665282466010314,0.2989131404794193,237,9.988185654008438,0.07599448139407365
25,0,Travel_Rarely,Research & Development,1,4,Medical,2216,Male,2,Sales Executive,Married,25000,4.0,14,2,7.0,2,3,0,2,1,3,1.0,4.0,2.0,7.995907331511839,0.29435316506029335,244,9.975204918032786,0.08021372098165767
26,0,Travel_Rarely,Research & Development,29,4,Life Sciences,2217,Male,1,Research Scientist,Single,63890,0.0,22,0,8.0,2,7,0,7,2,4,3.0,1.0,3.0,6.798512802926383,0.28583337436326606,243,9.998696844993141,0.0735164306741187
29,0,Travel_Rarely,Sales,9,3,Life Sciences,2218,Male,1,Laboratory Technician,Single,111030,1.0,12,0,10.0,5,10,0,9,2,3,2.0,1.0,2.0,6.206890838206628,0.3079310728495066,228,10.007309941520468,0.085237567732351
49,1,Travel_Frequently,Sales,6,5,Medical,2219,Female,2,Healthcare Representative,Single,23420,3.0,18,0,20.0,2,4,1,3,3,3,1.0,1.0,3.0,7.049729052823316,0.2992488085900393,244,9.989890710382513,0.08452701132624227
29,1,Travel_Frequently,Sales,3,2,Marketing,2220,Female,2,Laboratory Technician,Single,68110,0.0,15,1,9.0,2,8,7,7,3,3,3.0,4.0,3.0,8.612993956299395,0.30578250486889025,239,9.982845188284518,0.07841129199238975
54,0,Travel_Rarely,Sales,1,3,Medical,2221,Female,2,Manager,Single,22970,6.0,18,2,29.0,2,20,12,7,2,3,4.0,4.0,2.0,6.248981481481481,0.2879539760008745,240,9.988402777777775,0.08273221273051296
58,0,Travel_Rarely,Sales,22,3,Life Sciences,2222,Female,2,Laboratory Technician,Married,24500,3.0,12,1,32.0,2,9,1,5,3,3,4.0,1.0,3.0,10.56941384180791,0.3128926716739433,236,9.993926553672317,0.07115208158031819
55,0,Travel_Rarely,Research & Development,7,3,Life Sciences,2223,Female,3,Research Scientist,Divorced,50930,2.0,16,1,31.0,3,7,0,0,3,3,2.0,4.0,4.0,7.494744680851063,0.3026089237162746,235,9.990212765957446,0.08725422804146202
36,0,Travel_Rarely,Research & Development,1,3,Medical,2224,Male,2,Sales Executive,Single,53090,3.0,13,0,15.0,5,5,0,1,3,3,1.0,2.0,3.0,9.398778229448961,0.29846245730840526,246,9.968834688346885,0.06572543922718142
31,1,Travel_Frequently,Sales,4,3,Life Sciences,2225,Male,2,Manager,Single,30570,1.0,19,0,1.0,3,1,0,0,3,3,2.0,3.0,3.0,7.304688232536335,0.27901627706332094,237,9.969690576652601,0.07522504509444013
30,0,Travel_Rarely,Sales,3,3,Life Sciences,2226,Male,3,Sales Executive,Divorced,51210,7.0,13,0,8.0,4,3,0,2,3,3,4.0,1.0,3.0,7.491903248587571,0.30890651779789763,236,9.996045197740113,0.0718093520855872
31,0,Travel_Rarely,Research & Development,1,3,Medical,2227,Male,1,Laboratory Technician,Single,168560,3.0,12,1,9.0,3,3,1,0,3,3,1.0,2.0,3.0,7.301046647913737,0.2818614202415607,237,9.969971870604784,0.07655800297186255
34,0,Travel_Frequently,Sales,2,1,Marketing,2228,Female,5,Manager,Divorced,26860,5.0,11,0,10.0,3,4,1,3,4,3,4.0,1.0,3.0,7.592990664845173,0.29195052579529773,244,10.016598360655738,0.078254453476954
31,1,Travel_Rarely,Sales,20,3,Technical Degree,2229,Male,1,Research Scientist,Single,61800,1.0,14,1,1.0,2,1,0,0,1,3,1.0,2.0,4.0,8.002105442176871,0.2787105307719422,245,10.017959183673469,0.07539108211590646
27,0,Travel_Rarely,Human Resources,11,4,Medical,2230,Male,4,Sales Executive,Married,66320,0.0,16,0,6.0,3,5,1,4,3,3,2.0,1.0,4.0,7.18484126984127,0.29135566405360674,245,9.971836734693877,0.08837707706033215
36,0,Travel_Rarely,Sales,1,3,Marketing,2231,Male,2,Research Scientist,Single,35050,1.0,12,2,10.0,2,10,1,8,2,3,1.0,4.0,2.0,6.319475172074729,0.28390982880089016,226,9.978539823008848,0.08466210532065988
36,0,Travel_Rarely,Research & Development,24,3,Other,2232,Female,3,Research Director,Married,63970,4.0,14,1,11.0,3,3,0,2,3,3,3.0,1.0,2.0,7.314436376210235,0.30807736330144114,241,10.016874135546335,0.07095713270324264
47,0,Travel_Rarely,Research & Development,23,4,Life Sciences,2233,Female,2,Sales Executive,Married,62740,7.0,14,2,17.0,0,6,1,2,3,3,1.0,4.0,2.0,7.791398225957049,0.279595364854458,238,10.008963585434174,0.07744392834489634
25,1,Travel_Rarely,Sales,16,4,Life Sciences,2234,Male,2,Research Scientist,Married,198590,3.0,19,0,6.0,3,3,2,2,2,3,1.0,1.0,3.0,7.192815217391304,0.29457184450406193,230,9.971956521739129,0.08006287049342875
37,0,Non-Travel,Sales,8,4,Medical,2235,Male,1,Healthcare Representative,Single,75870,0.0,22,1,7.0,5,6,1,3,3,4,3.0,3.0,1.0,7.562411616161616,0.2886660623359487,242,10.011914600550964,0.08310434122439035
56,0,Travel_Rarely,Research & Development,10,4,Other,2236,Male,2,Sales Representative,Married,42580,2.0,16,0,5.0,2,3,1,0,3,3,1.0,1.0,4.0,6.6068304221251815,0.30527744709799765,229,9.97336244541485,0.09838089583492944
47,0,Travel_Rarely,Research & Development,3,2,Medical,2237,Male,2,Laboratory Technician,Married,43640,3.0,11,1,26.0,3,20,5,6,3,3,1.0,3.0,4.0,6.341896551724139,0.2955358984733302,232,9.988936781609196,0.0803580758322138
24,0,Travel_Rarely,Research & Development,5,1,Other,2238,Male,1,Manufacturing Director,Married,43350,1.0,15,1,5.0,5,5,0,3,3,3,4.0,3.0,3.0,9.69560841205578,0.31640710097251623,247,9.963495276653173,0.09214324376712048
32,0,Travel_Rarely,Sales,4,3,Marketing,2239,Male,1,Research Scientist,Married,53260,4.0,14,1,7.0,2,4,0,3,3,3,4.0,4.0,2.0,7.510473995271868,0.311922415870703,235,9.992056737588651,0.07535923703299582
34,0,Travel_Rarely,Research & Development,9,2,Medical,2240,Male,1,Sales Executive,Married,32800,5.0,13,0,7.0,3,5,0,2,3,3,4.0,2.0,2.0,6.132323959762231,0.31377948982347953,243,9.97846364883402,0.08801911747478514
41,0,Travel_Rarely,Research & Development,26,3,Medical,2241,Female,3,Sales Executive,Married,54850,2.0,17,2,7.0,2,4,0,3,3,3,2.0,3.0,2.0,10.50124360762436,0.30974525295257455,239,9.998117154811716,0.07533607585293528
40,0,Non-Travel,Sales,3,2,Life Sciences,2242,Male,1,Sales Executive,Divorced,43420,3.0,11,1,11.0,6,8,0,7,2,3,3.0,3.0,4.0,6.365344868173258,0.2915829279954977,236,10.00670903954802,0.0829228823576552
31,0,Travel_Rarely,Research & Development,16,3,Medical,2243,Male,2,Human Resources,Divorced,27820,1.0,19,1,13.0,5,13,9,9,3,3,1.0,4.0,3.0,6.728463693957114,0.27406171280173575,228,9.973464912280702,0.09320982108354589
46,1,Travel_Rarely,Research & Development,18,1,Medical,2244,Male,1,Manufacturing Director,Divorced,59800,4.0,11,1,28.0,2,7,4,3,3,3,1.0,4.0,4.0,6.68452657004831,0.308930926574779,230,10.01231884057971,0.07585195029850433
39,1,Non-Travel,Research & Development,2,4,Medical,2245,Male,2,Manufacturing Director,Single,43810,2.0,15,2,11.0,1,1,0,0,2,3,1.0,1.0,4.0,9.3863808870599,0.2981651039539697,243,10.012277091906723,0.07581628102952458
31,1,Travel_Frequently,Sales,2,3,Medical,2246,Male,2,Sales Executive,Single,25720,1.0,13,3,10.0,3,10,4,7,3,3,3.0,2.0,3.0,6.794415866483768,0.29359379763916565,243,9.998765432098766,0.07764309764309758
45,0,Travel_Rarely,Sales,10,2,Marketing,2247,Male,1,Sales Executive,Divorced,38330,2.0,14,0,24.0,1,7,0,7,3,3,2.0,1.0,3.0,10.508590277777778,0.27907737402802807,240,9.962986111111112,0.07533158511545024
31,0,Travel_Rarely,Research & Development,16,4,Life Sciences,2248,Male,3,Human Resources,Single,42440,9.0,13,0,8.0,3,3,0,2,3,3,4.0,2.0,3.0,6.730294540229885,0.3265255228399273,232,9.991594827586209,0.06309763791444828
31,1,Travel_Frequently,Research & Development,7,4,Life Sciences,2249,Male,1,Laboratory Technician,Married,65000,6.0,23,1,7.0,5,2,2,2,3,4,2.0,4.0,1.0,10.276630532971996,0.2925817734908907,246,9.977371273712738,0.08308675773832569
45,0,Travel_Rarely,Research & Development,1,2,Life Sciences,2250,Female,1,Research Scientist,Married,184300,4.0,12,1,10.0,5,3,1,2,3,3,2.0,4.0,4.0,10.565856774496014,0.3115011754227938,237,9.991209563994374,0.07277197708328363
48,0,Travel_Rarely,Research & Development,24,3,Technical Degree,2251,Male,2,Research Scientist,Divorced,16010,4.0,12,0,15.0,3,2,2,2,3,3,3.0,1.0,3.0,7.085850767085077,0.3349504483520437,239,10.008995815899581,0.07826490707859154
34,1,Travel_Rarely,Research & Development,7,4,Medical,2252,Male,2,Research Scientist,Married,26940,1.0,16,1,2.0,3,2,2,2,3,3,1.0,3.0,3.0,7.422883428300095,0.30333371279414617,234,9.976495726495726,0.0763812772825649
40,0,Non-Travel,Research & Development,25,4,Other,2253,Female,1,Sales Executive,Divorced,31490,2.0,15,1,16.0,1,9,4,8,2,3,4.0,2.0,3.0,7.985139470013947,0.2835083137140094,239,9.981171548117155,0.0716958205876493
28,0,Travel_Rarely,Research & Development,1,2,Technical Degree,2254,Female,1,Research Scientist,Single,176390,0.0,13,1,6.0,0,5,1,3,3,3,4.0,1.0,3.0,6.513891156462586,0.2879609182810995,245,10.002789115646259,0.0749295751087321
44,0,Non-Travel,Research & Development,5,3,Life Sciences,2255,Male,1,Laboratory Technician,Single,23190,3.0,18,0,7.0,4,5,0,3,2,3,3.0,3.0,3.0,6.589474506974508,0.2838111228503213,231,10.00007215007215,0.08652052617270005
53,0,Travel_Rarely,Research & Development,2,4,Technical Degree,2256,Male,2,Manager,Single,116910,4.0,20,0,35.0,2,9,8,8,3,4,4.0,2.0,2.0,6.901845760233918,0.29298703433693757,228,9.994444444444445,0.07086229401207372
49,0,Travel_Rarely,Research & Development,7,3,Life Sciences,2257,Male,3,Laboratory Technician,Married,53240,2.0,19,0,20.0,2,3,1,2,1,3,1.0,3.0,2.0,6.786344907407408,0.2900319100163293,240,9.986527777777779,0.06627055245622189
40,0,Travel_Rarely,Research & Development,2,4,Life Sciences,2258,Male,3,Laboratory Technician,Divorced,167520,2.0,18,1,8.0,3,3,1,2,3,3,3.0,3.0,4.0,6.50914847161572,0.30721920615014786,229,9.991411935953419,0.07461403083156695
44,0,Travel_Rarely,Research & Development,5,1,Other,2259,Male,3,Research Scientist,Single,52280,1.0,13,0,6.0,2,5,1,3,4,3,4.0,2.0,2.0,6.917345545977012,0.2890645413052024,232,9.95653735632184,0.07315693366339915
33,0,Travel_Frequently,Human Resources,10,3,Medical,2260,Female,2,Sales Executive,Married,27000,0.0,14,3,5.0,2,4,0,3,3,3,4.0,1.0,3.0,7.285915103415103,0.30733659670859853,231,9.946897546897548,0.07696980153501885
34,0,Travel_Rarely,Research & Development,10,4,Life Sciences,2261,Female,1,Sales Representative,Single,192460,3.0,15,1,15.0,5,13,3,12,3,3,4.0,1.0,3.0,6.873781435756745,0.29510802093095534,243,9.990192043895748,0.0764770979529677
30,0,Travel_Rarely,Sales,1,2,Technical Degree,2262,Male,1,Laboratory Technician,Married,25060,8.0,22,0,4.0,3,2,2,2,3,4,4.0,3.0,2.0,6.1275962000962005,0.28847512889572025,231,10.018759018759019,0.06122386389777693
42,0,Travel_Frequently,Research & Development,8,4,Medical,2263,Female,1,Sales Executive,Single,60620,1.0,22,2,12.0,2,12,5,8,3,4,1.0,4.0,3.0,7.286386583679115,0.29773979467677825,241,10.023582295988936,0.08779225257415085
44,0,Travel_Frequently,Research & Development,5,3,Life Sciences,2264,Female,5,Manufacturing Director,Married,43820,7.0,16,2,11.0,2,1,0,0,3,3,1.0,3.0,2.0,7.600639124293786,0.29982230073375266,236,9.986228813559324,0.08000458288255802
30,0,Non-Travel,Research & Development,8,3,Life Sciences,2265,Male,1,Manufacturing Director,Divorced,21430,1.0,17,1,1.0,2,1,0,0,3,3,3.0,3.0,2.0,6.1728382147838206,0.2968784218307623,239,9.950557880055788,0.0761504811129472
57,0,Travel_Rarely,Sales,2,1,Life Sciences,2266,Male,3,Research Scientist,Married,61620,0.0,14,0,13.0,5,12,2,8,2,3,2.0,3.0,2.0,7.604345067049809,0.2970734970344937,232,10.023204022988505,0.08254365805012359
49,0,Travel_Rarely,Research & Development,7,3,Technical Degree,2267,Female,2,Sales Executive,Divorced,50940,3.0,15,0,29.0,5,8,0,7,3,3,3.0,2.0,3.0,6.907296539961013,0.28600683050344583,228,10.006432748538012,0.07317429648521695
34,0,Travel_Frequently,Research & Development,2,4,Medical,2268,Female,2,Sales Representative,Divorced,68770,7.0,20,0,16.0,3,14,6,9,3,4,2.0,1.0,2.0,6.293506172839506,0.30655800393218785,225,10.024074074074074,0.07216958774250438
28,1,Travel_Frequently,Research & Development,2,3,Medical,2269,Male,1,Research Scientist,Married,22740,3.0,20,1,5.0,5,3,1,2,3,4,1.0,3.0,4.0,6.492943287037036,0.3056417685080799,240,9.999444444444444,0.08058313962498058
29,1,Travel_Frequently,Research & Development,28,3,Medical,2270,Female,5,Research Scientist,Single,44340,5.0,17,3,7.0,1,5,0,0,3,3,1.0,2.0,1.0,7.808987142163998,0.28395221221142875,229,9.984425036390101,0.08384992381487438
34,1,Travel_Rarely,Research & Development,7,1,Medical,2271,Male,1,Research Scientist,Single,62880,0.0,15,1,16.0,2,15,10,10,3,3,1.0,2.0,4.0,8.527089890319504,0.285488009816512,233,9.97217453505007,0.07911345024912439
35,0,Travel_Rarely,Sales,7,4,Other,2272,Female,4,Healthcare Representative,Married,25530,1.0,14,1,1.0,4,1,0,0,2,3,4.0,3.0,3.0,6.614800538423887,0.3053450221975622,227,9.95330396475771,0.08316627248666934
24,1,Travel_Frequently,Sales,3,3,Life Sciences,2273,Male,2,Research Scientist,Single,76540,2.0,17,1,4.0,3,0,0,0,2,3,2.0,1.0,2.0,8.507790456431536,0.29410992117950685,241,9.985408022130015,0.0948197518057477
24,0,Non-Travel,Research & Development,10,3,Life Sciences,2274,Female,2,Manager,Married,51600,1.0,17,1,1.0,3,1,0,0,1,3,4.0,2.0,3.0,7.406158172635446,0.26858727905610486,242,9.96783746556474,0.0725539485766758
44,0,Travel_Frequently,Research & Development,5,2,Medical,2275,Female,2,Research Scientist,Single,171590,5.0,22,1,16.0,1,2,2,2,2,4,2.0,3.0,2.0,10.296231006647673,0.272567031124777,234,10.002350427350427,0.08108291148527198
29,0,Travel_Rarely,Sales,10,2,Life Sciences,2276,Female,1,Sales Executive,Divorced,128080,1.0,13,0,10.0,6,10,0,4,3,3,3.0,3.0,3.0,6.980078860640301,0.29772144944354384,236,9.974152542372881,0.07300518892495092
30,0,Travel_Rarely,Research & Development,1,2,Life Sciences,2277,Male,3,Sales Executive,Divorced,102210,0.0,19,1,6.0,2,5,1,3,3,3,3.0,3.0,4.0,6.101316738816739,0.3110810934964378,231,10.03831168831169,0.07668162996423866
55,0,Travel_Rarely,Sales,20,3,Marketing,2278,Male,2,Research Scientist,Married,47790,0.0,14,1,4.0,6,3,1,2,3,3,4.0,3.0,3.0,10.700993369913123,0.2756037661091004,243,9.993278463648835,0.07605885831755645
33,0,Travel_Rarely,Research & Development,7,2,Life Sciences,2279,Male,2,Research Scientist,Married,37370,8.0,22,2,8.0,2,5,0,2,3,4,1.0,2.0,3.0,7.897586956521739,0.2872757122519768,230,9.97913043478261,0.07457711537244474
47,0,Travel_Rarely,Research & Development,8,4,Medical,2280,Female,2,Sales Representative,Married,23660,3.0,17,0,11.0,5,5,1,2,2,3,3.0,3.0,2.0,10.884125781625782,0.28426989225688976,231,10.007070707070707,0.07173481188698569
28,1,Travel_Frequently,Sales,1,3,Marketing,2281,Male,2,Laboratory Technician,Single,17060,7.0,12,0,8.0,3,0,0,0,3,3,3.0,1.0,2.0,7.586788268955652,0.29366623996475605,233,9.968741058655223,0.07892407873316554
28,0,Travel_Rarely,Sales,8,4,Marketing,2282,Male,1,Laboratory Technician,Divorced,163070,1.0,16,0,1.0,3,1,0,0,2,3,1.0,3.0,1.0,6.109356167608287,0.29953494904455596,236,10.01045197740113,0.08963970028448934
28,0,Travel_Frequently,Research & Development,9,3,Life Sciences,2283,Female,2,Sales Executive,Single,59330,0.0,11,0,5.0,3,4,1,3,3,3,3.0,1.0,3.0,7.035802600472813,0.3263806747281246,235,9.996666666666666,0.07439411206077871
49,0,Travel_Rarely,Research & Development,5,4,Life Sciences,2284,Female,1,Research Scientist,Married,34240,4.0,11,0,10.0,3,3,1,2,3,3,3.0,1.0,3.0,6.4073997584541065,0.2976310899038212,230,10.009492753623189,0.06854729131067652
29,0,Travel_Frequently,Research & Development,8,1,Medical,2285,Male,1,Research Scientist,Married,40370,0.0,14,0,4.0,2,3,0,2,1,3,4.0,2.0,3.0,7.117046336729742,0.3025487061928938,229,10.00494905385735,0.06861331366990975
28,0,Travel_Rarely,Research & Development,5,1,Technical Degree,2286,Male,2,Laboratory Technician,Married,25590,1.0,11,0,8.0,3,8,1,7,2,3,3.0,2.0,2.0,5.98655510018215,0.2886876676894763,244,9.991393442622954,0.07912543944470683
33,0,Travel_Rarely,Research & Development,15,4,Life Sciences,2287,Female,1,Sales Executive,Single,62010,2.0,15,3,14.0,2,0,0,0,2,3,4.0,3.0,3.0,8.49256427915519,0.29583570565595907,242,9.99814049586777,0.06956199585443265
32,0,Travel_Rarely,Research & Development,7,3,Life Sciences,2288,Female,3,Laboratory Technician,Single,44030,2.0,20,0,10.0,3,5,0,0,2,4,3.0,4.0,4.0,7.435967391304349,0.2875749986152723,230,10.025942028985508,0.07089855072463772
54,0,Travel_Frequently,Sales,10,3,Life Sciences,2289,Female,4,Research Scientist,Divorced,37610,3.0,12,0,26.0,3,14,1,12,2,3,2.0,4.0,3.0,6.9728671497584545,0.2980017937376797,230,9.994927536231884,0.08431428390608191
29,1,Travel_Rarely,Research & Development,5,3,Life Sciences,2290,Female,2,Research Scientist,Single,109340,6.0,17,2,11.0,2,9,0,7,3,3,1.0,1.0,1.0,6.55087706855792,0.306805400076177,235,9.975248226950352,0.07235600412196155
44,0,Travel_Rarely,Sales,26,1,Marketing,2291,Male,1,Sales Representative,Married,107610,3.0,11,1,24.0,5,20,14,17,2,3,4.0,1.0,4.0,7.896398071625344,0.313607055393722,242,9.986845730027548,0.07047977416564737
39,0,Travel_Rarely,Sales,6,1,Technical Degree,2292,Female,2,Laboratory Technician,Single,51750,4.0,17,1,9.0,2,2,2,2,4,3,2.0,2.0,3.0,7.12839598108747,0.2897085385856935,235,9.981418439716311,0.08526341152936896
46,0,Travel_Rarely,Research & Development,4,2,Life Sciences,2293,Male,3,Manufacturing Director,Married,138260,8.0,11,0,23.0,1,13,5,1,2,3,3.0,2.0,4.0,7.025510973936901,0.3239241209693754,243,10.016666666666667,0.08511937557392096
35,0,Travel_Rarely,Research & Development,23,4,Life Sciences,2294,Male,2,Research Scientist,Single,63340,1.0,14,0,11.0,2,11,3,3,4,3,4.0,2.0,1.0,6.211119179345321,0.3021953968367208,241,10.00076071922545,0.07528066889503612
23,0,Travel_Rarely,Research & Development,2,4,Medical,2295,Female,2,Manager,Single,49360,0.0,19,1,5.0,2,4,1,2,2,3,1.0,3.0,3.0,7.679793981481482,0.3314409322638475,240,10.004722222222222,0.07881768169843478
40,1,Travel_Rarely,Research & Development,2,3,Medical,2296,Male,2,Research Director,Single,47750,3.0,15,1,15.0,3,5,1,0,4,3,4.0,1.0,1.0,7.591349700322729,0.31532681907869076,241,9.98271092669433,0.07113734247733208
34,0,Travel_Rarely,Human Resources,2,3,Human Resources,2297,Male,2,Manufacturing Director,Married,28180,1.0,13,1,10.0,2,10,8,6,3,3,4.0,3.0,3.0,10.29017173812817,0.30053337941035935,241,9.96881051175657,0.08076969033348698
31,1,Travel_Frequently,Research & Development,29,3,Life Sciences,2298,Female,2,Healthcare Representative,Single,25150,1.0,14,0,7.0,3,7,7,7,2,3,4.0,3.0,1.0,6.366089181286549,0.2881765077239681,228,9.96951754385965,0.06868615877064177
50,0,Travel_Frequently,Research & Development,6,3,Medical,2299,Male,1,Manager,Single,23420,1.0,12,1,32.0,2,32,13,9,2,3,3.0,4.0,3.0,9.990187943262411,0.3123277996700134,235,9.977801418439716,0.07705141338829286
34,0,Travel_Rarely,Sales,25,5,Marketing,2300,Female,1,Research Scientist,Married,41940,0.0,17,2,12.0,3,11,5,7,3,3,2.0,3.0,3.0,10.499565972222221,0.2870260829057666,240,9.973263888888887,0.07725173853246547
42,0,Travel_Rarely,Research & Development,1,3,Life Sciences,2301,Female,1,Manufacturing Director,Married,106850,4.0,11,3,4.0,2,1,0,0,3,3,3.0,2.0,3.0,6.572412764003674,0.3082165565667091,242,10.007300275482093,0.07281186059005744
37,0,Travel_Rarely,Research & Development,2,2,Medical,2302,Male,1,Research Scientist,Married,20220,1.0,12,0,10.0,1,10,3,7,3,3,1.0,4.0,3.0,8.039399717514124,0.2841019588062634,236,10.01885593220339,0.07934388648475363
29,0,Travel_Rarely,Research & Development,1,3,Medical,2303,Female,1,Manager,Married,23140,3.0,13,0,9.0,5,7,0,7,4,3,3.0,1.0,3.0,6.17307438794727,0.287736697435762,236,9.960593220338982,0.08069818087109829
33,0,Travel_Rarely,Research & Development,1,1,Life Sciences,2304,Male,1,Research Scientist,Single,42560,1.0,13,3,5.0,1,5,0,2,3,3,4.0,2.0,3.0,7.202849239280774,0.30120603027740556,241,9.959889349930844,0.08023859881665896
45,0,Travel_Rarely,Sales,3,3,Life Sciences,2305,Male,3,Laboratory Technician,Married,35800,4.0,20,1,8.0,1,5,0,3,2,4,4.0,4.0,3.0,5.9808260233918125,0.3022915607734716,228,9.982529239766082,0.07597218465277249
42,0,Travel_Frequently,Human Resources,1,4,Technical Degree,2306,Male,2,Manufacturing Director,Married,31620,2.0,17,2,24.0,1,20,13,9,3,3,4.0,4.0,1.0,8.106577635327636,0.28659563249078684,234,9.963034188034188,0.08442761637504122
40,0,Travel_Rarely,Sales,10,1,Life Sciences,2307,Female,1,Manufacturing Director,Married,65240,0.0,13,1,9.0,2,8,7,1,4,3,1.0,1.0,4.0,6.2953141678796705,0.28912294185270027,229,9.974526928675402,0.07894866654749441
33,0,Travel_Rarely,Research & Development,9,3,Medical,2308,Female,2,Manufacturing Director,Married,28990,1.0,17,0,15.0,3,15,5,7,2,3,2.0,3.0,3.0,10.62316056910569,0.28670094510283617,246,9.995054200542004,0.07808995169883669
40,0,Travel_Rarely,Sales,5,5,Life Sciences,2309,Male,1,Manufacturing Director,Single,52310,1.0,12,2,21.0,4,21,7,7,3,3,3.0,4.0,3.0,8.38660327339788,0.3092051636376847,241,9.992738589211617,0.07295978369448293
24,0,Travel_Rarely,Sales,10,2,Marketing,2310,Male,1,Manufacturing Director,Divorced,23560,0.0,13,0,2.0,5,1,0,0,3,3,3.0,1.0,3.0,6.11248611111111,0.3100297710235507,240,10.00388888888889,0.07138648690531527
40,0,Non-Travel,Research & Development,7,3,Medical,2311,Male,1,Research Scientist,Divorced,28000,3.0,12,2,8.0,0,2,2,2,2,3,4.0,4.0,3.0,8.397320127504553,0.29824161414893974,244,9.979371584699454,0.08122795280607463
45,0,Travel_Rarely,Research & Development,4,3,Medical,2312,Female,3,Laboratory Technician,Divorced,118360,1.0,22,0,10.0,2,10,7,7,4,4,1.0,2.0,3.0,6.563907163742689,0.30562065119640297,228,9.993713450292397,0.08964214562348113
35,0,Travel_Rarely,Research & Development,10,1,Life Sciences,2313,Male,1,Healthcare Representative,Married,109030,0.0,11,0,6.0,3,5,4,2,4,3,2.0,3.0,3.0,7.803651927437641,0.3110264553895285,245,9.993333333333334,0.08908105646630234
32,0,Travel_Rarely,Research & Development,22,4,Medical,2314,Male,1,Sales Executive,Married,29730,3.0,22,0,12.0,0,7,2,5,4,4,4.0,2.0,3.0,7.2867475386779175,0.3081957991130463,237,10.01575246132208,0.08010862396401974
36,0,Travel_Rarely,Sales,9,3,Marketing,2315,Female,4,Research Scientist,Single,142750,3.0,18,1,7.0,5,3,1,2,2,3,3.0,4.0,2.0,9.097270685579195,0.27534884744350085,235,9.972553191489363,0.07537711907215455
48,0,Travel_Rarely,Research & Development,12,4,Medical,2316,Male,1,Laboratory Technician,Divorced,55620,8.0,13,1,18.0,2,8,7,7,3,3,3.0,3.0,3.0,7.873355696798494,0.3142416047260025,236,9.999576271186443,0.09236152181752605
29,0,Travel_Rarely,Research & Development,23,4,Life Sciences,2317,Female,2,Healthcare Representative,Married,45370,6.0,18,1,5.0,5,1,0,0,4,3,3.0,3.0,2.0,7.791838913148957,0.2984789090076557,229,10.001018922852985,0.07945071162865927
33,0,Travel_Rarely,Research & Development,9,1,Medical,2318,Male,1,Healthcare Representative,Married,76420,2.0,20,1,8.0,2,2,2,2,2,4,1.0,1.0,1.0,7.0970976223136715,0.2993210090027113,243,9.977572016460906,0.07803599972791889
30,1,Travel_Rarely,Research & Development,1,3,Other,2319,Male,3,Sales Executive,Married,179240,1.0,13,2,10.0,2,10,6,7,3,3,2.0,1.0,3.0,7.3961793372319695,0.3097077599713183,228,9.996125730994153,0.06910998510102949
38,0,Travel_Frequently,Sales,9,3,Marketing,2320,Male,1,Manufacturing Director,Married,52040,3.0,13,1,10.0,2,6,1,2,3,3,3.0,3.0,3.0,6.897724051211705,0.3082289209237425,243,9.970096021947874,0.07285320469944484
35,0,Travel_Rarely,Sales,7,2,Life Sciences,2321,Male,1,Sales Executive,Single,22770,1.0,12,1,3.0,2,3,1,2,3,3,4.0,1.0,3.0,6.7887954876273655,0.29298727015307674,229,9.969359534206697,0.08172882777054226
30,0,Travel_Rarely,Research & Development,14,3,Technical Degree,2322,Male,5,Research Director,Married,27950,3.0,13,0,9.0,4,4,1,3,3,3,3.0,2.0,3.0,6.514131179637787,0.3073200212574486,227,10.016740088105728,0.08813052555889096
35,1,Travel_Rarely,Research & Development,2,3,Medical,2323,Female,1,Research Scientist,Divorced,25320,1.0,13,0,1.0,2,1,0,0,1,3,1.0,1.0,3.0,9.681411443494776,0.3092077274246052,234,9.962535612535614,0.06808014297999983
53,1,Travel_Rarely,Research & Development,19,3,Life Sciences,2324,Male,2,Manager,Married,25590,0.0,25,0,34.0,2,33,1,9,3,4,3.0,4.0,3.0,6.491736975564776,0.26606913762295636,241,9.982918395573996,0.0745692715537114
38,1,Travel_Rarely,Research & Development,2,3,Medical,2325,Female,3,Sales Executive,Married,49080,4.0,19,1,7.0,3,5,1,4,2,3,3.0,2.0,3.0,7.6132035519125685,0.30171161899563753,244,9.963319672131146,0.07332551421589563
32,0,Non-Travel,Research & Development,10,4,Life Sciences,2326,Female,5,Research Scientist,Married,23800,4.0,13,0,9.0,5,6,1,2,3,3,4.0,1.0,2.0,7.3854804189435335,0.30873435147819506,244,9.958333333333334,0.07515432098765429
48,0,Travel_Rarely,Research & Development,2,5,Life Sciences,2327,Male,1,Sales Executive,Married,47650,8.0,12,1,10.0,4,8,7,6,3,3,3.0,1.0,2.0,7.093524154589372,0.2840720428493859,230,9.986159420289855,0.08035224036453385
34,0,Travel_Rarely,Research & Development,3,3,Life Sciences,2328,Male,2,Sales Executive,Single,20440,1.0,11,0,1.0,2,1,0,0,3,3,1.0,4.0,1.0,7.419126461988305,0.3151209711935989,228,10.005701754385965,0.08227033258623795
55,0,Travel_Rarely,Research & Development,11,1,Medical,2329,Female,1,Laboratory Technician,Married,26930,1.0,18,0,36.0,6,36,2,13,2,3,3.0,4.0,3.0,6.409076113558492,0.28948969125176083,227,10.006093979441996,0.06798998522907922
34,0,Travel_Rarely,Research & Development,2,2,Life Sciences,2330,Male,2,Research Scientist,Married,65860,9.0,18,1,9.0,3,2,2,1,3,3,2.0,4.0,2.0,6.112743362831859,0.3132575156339538,226,9.991592920353984,0.07427715503113734
26,0,Travel_Rarely,Research & Development,4,3,Life Sciences,2331,Male,1,Research Director,Married,32940,1.0,11,0,1.0,6,1,0,0,3,3,1.0,4.0,3.0,7.3095327754532775,0.3049423180770173,239,9.990934449093446,0.07760187757111212
38,0,Travel_Rarely,Sales,14,2,Marketing,2332,Female,1,Sales Executive,Married,41710,0.0,23,0,10.0,4,9,7,7,4,4,3.0,2.0,3.0,6.96694785974499,0.289712285778827,244,10.011270491803279,0.07794172625874202
38,0,Travel_Rarely,Research & Development,2,3,Life Sciences,2333,Female,1,Manufacturing Director,Single,27780,2.0,13,0,8.0,5,3,1,2,2,3,2.0,2.0,4.0,7.210002334267039,0.28638206164458846,238,10.00637254901961,0.08135982874162324
36,0,Travel_Rarely,Human Resources,1,3,Human Resources,2334,Male,1,Research Scientist,Single,23770,6.0,13,2,15.0,3,1,0,0,3,3,2.0,3.0,3.0,7.3856528964862305,0.29211445703054706,234,9.977492877492878,0.08167771215696835
29,0,Travel_Rarely,Research & Development,10,3,Life Sciences,2335,Male,1,Sales Representative,Single,24040,1.0,17,0,10.0,3,10,1,5,2,3,2.0,1.0,3.0,8.066179971988797,0.29964811670478586,238,9.995658263305323,0.07262523293424263
35,0,Travel_Rarely,Sales,12,2,Life Sciences,2336,Female,2,Sales Executive,Single,23180,3.0,19,0,10.0,4,5,0,4,4,3,1.0,3.0,3.0,9.31344467885607,0.31206085744308587,237,9.993881856540085,0.07108411404324294
39,0,Travel_Rarely,Sales,2,2,Medical,2337,Female,1,Sales Executive,Married,20080,2.0,12,0,11.0,3,7,7,6,3,3,4.0,3.0,3.0,7.799657651072125,0.2963368514803235,228,9.94173976608187,0.07378976457909336
29,0,Travel_Frequently,Research & Development,5,1,Medical,2338,Female,1,Research Scientist,Divorced,62440,1.0,22,0,6.0,3,6,1,3,3,4,1.0,4.0,4.0,6.81141339869281,0.31182186573902654,238,10.00329131652661,0.08482854956328514
50,0,Travel_Rarely,Research & Development,4,2,Medical,2339,Female,1,Laboratory Technician,Married,27990,4.0,12,1,27.0,0,1,0,0,1,3,3.0,3.0,3.0,9.386987810595407,0.2854118463949046,237,9.981856540084387,0.07267318648835487
23,0,Travel_Rarely,Research & Development,7,2,Life Sciences,2340,Female,3,Manager,Married,105520,2.0,11,0,4.0,2,2,2,2,3,3,4.0,3.0,3.0,6.714817670093,0.29335187128456647,227,9.96820851688693,0.08343050303431962
36,0,Travel_Frequently,Sales,21,3,Life Sciences,2341,Male,2,Human Resources,Married,23290,3.0,15,0,9.0,2,3,0,2,3,3,1.0,1.0,3.0,9.199428946113494,0.2904470442450432,233,9.972675250357653,0.07624008230148158
42,0,Travel_Rarely,Research & Development,8,2,Life Sciences,2342,Female,5,Manager,Single,40140,8.0,13,1,24.0,3,1,0,1,3,3,4.0,4.0,3.0,5.996066159520517,0.3273391617120988,241,10.00228215767635,0.09017648301828797
35,0,Travel_Rarely,Sales,4,3,Medical,2343,Female,2,Laboratory Technician,Married,74030,1.0,12,1,10.0,4,10,6,8,3,3,2.0,3.0,2.0,6.42009219348659,0.2944746480488198,232,9.984698275862069,0.06859480996334451
34,0,Travel_Frequently,Research & Development,25,1,Life Sciences,2344,Female,1,Manager,Married,22590,1.0,14,0,8.0,2,8,7,7,3,3,4.0,3.0,2.0,6.023118239921337,0.31366602789364734,226,10.0,0.06460246913580253
40,0,Travel_Rarely,Research & Development,1,4,Life Sciences,2345,Male,2,Laboratory Technician,Married,69320,1.0,13,0,5.0,5,5,1,2,3,3,4.0,1.0,3.0,6.508975256769375,0.28635491423524945,238,9.9453081232493,0.081188629460223
43,0,Travel_Rarely,Research & Development,1,1,Other,2346,Male,1,Manager,Divorced,46780,5.0,25,1,8.0,0,6,0,2,4,4,4.0,2.0,3.0,6.996113465160075,0.3098669482296425,236,9.99590395480226,0.08958362383299262
35,0,Travel_Rarely,Sales,6,3,Marketing,2347,Female,3,Sales Representative,Married,135820,1.0,17,1,1.0,3,1,0,1,2,3,3.0,4.0,2.0,7.355165198237885,0.32482234296329626,227,10.005947136563877,0.07734279365326892
46,0,Travel_Rarely,Research & Development,12,4,Technical Degree,2348,Male,1,Laboratory Technician,Single,23320,1.0,11,0,27.0,2,26,0,12,3,3,4.0,1.0,1.0,6.600259502923977,0.28940070418854935,228,9.99049707602339,0.08507816592386497
28,1,Travel_Rarely,Human Resources,1,3,Medical,2349,Female,2,Laboratory Technician,Married,24130,1.0,16,1,1.0,2,1,0,0,3,3,3.0,2.0,3.0,8.397721755368815,0.2955555226846808,238,9.976470588235292,0.0746971953338298
22,0,Non-Travel,Sales,17,2,Marketing,2350,Male,3,Sales Executive,Married,97050,1.0,18,2,4.0,3,4,1,3,2,3,2.0,3.0,2.0,8.875546372819102,0.2920682079405448,242,9.990702479338843,0.089418729924671
50,0,Travel_Frequently,Research & Development,3,3,Other,2351,Male,2,Research Scientist,Married,42940,2.0,20,0,32.0,2,30,12,13,2,4,2.0,3.0,3.0,9.39608477011494,0.31244674385272797,232,10.017887931034481,0.08484578440397414
32,0,Travel_Rarely,Research & Development,3,2,Life Sciences,2352,Male,3,Research Scientist,Married,47210,3.0,14,1,6.0,3,3,0,2,3,3,2.0,4.0,3.0,6.289856973995271,0.2986618426272705,235,9.997234042553194,0.06910556464811779
44,0,Travel_Rarely,Research & Development,10,3,Technical Degree,2353,Male,3,Manager,Divorced,25190,0.0,21,2,23.0,2,22,1,10,3,4,2.0,4.0,2.0,8.780275462962964,0.2746534287227832,240,9.983749999999999,0.07022995118549506
30,0,Travel_Rarely,Research & Development,4,3,Medical,2354,Female,1,Research Director,Married,21210,1.0,13,1,6.0,2,6,1,1,3,3,2.0,2.0,2.0,6.612596200096201,0.2873258768698809,231,9.975613275613275,0.06853313675052802
45,0,Travel_Rarely,Sales,29,2,Technical Degree,2355,Female,2,Research Scientist,Single,29730,1.0,12,0,10.0,2,10,1,4,3,3,3.0,1.0,3.0,8.90795908879591,0.3008777211014623,239,10.007252440725242,0.0783248655110581
45,0,Non-Travel,Sales,2,4,Life Sciences,2356,Male,2,Manufacturing Director,Married,58550,1.0,14,1,10.0,3,10,4,5,2,3,1.0,1.0,3.0,7.881596648301195,0.30561214092337724,242,10.00206611570248,0.0720381293127427
31,0,Travel_Frequently,Research & Development,7,3,Medical,2357,Male,2,Research Scientist,Single,36170,7.0,21,1,10.0,5,5,0,3,3,4,4.0,1.0,3.0,7.217484230955846,0.30209390162218075,229,10.009679767103348,0.08062348374575452
36,0,Travel_Rarely,Research & Development,18,1,Medical,2358,Male,2,Manufacturing Director,Married,67250,9.0,17,1,7.0,3,3,1,1,3,3,3.0,3.0,3.0,10.913562948028675,0.3092474007140787,248,10.011290322580646,0.08482252985648572
34,0,Travel_Frequently,Sales,28,4,Marketing,2359,Male,5,Manufacturing Director,Divorced,103250,1.0,11,1,9.0,3,9,7,2,2,3,3.0,4.0,3.0,6.067014814814814,0.30744542861861396,225,9.971333333333334,0.0747090277777779
49,0,Travel_Rarely,Research & Development,1,4,Life Sciences,2360,Male,3,Healthcare Representative,Married,69490,1.0,14,1,10.0,2,9,1,4,3,3,3.0,1.0,2.0,7.268998178506376,0.2863649551520192,244,9.99392076502732,0.0770262195761841
39,0,Travel_Rarely,Research & Development,6,2,Life Sciences,2361,Male,3,Research Scientist,Married,106090,2.0,17,1,10.0,2,7,7,7,3,3,2.0,1.0,3.0,6.571264749262538,0.29634906350901824,226,9.986061946902657,0.08252462034305691
27,0,Travel_Rarely,Research & Development,2,1,Life Sciences,2362,Male,4,Research Scientist,Divorced,44470,1.0,13,0,7.0,4,7,0,7,3,3,4.0,1.0,3.0,6.109443247126437,0.3163966749597015,232,10.024784482758621,0.06872289707419012
35,0,Travel_Rarely,Research & Development,2,3,Medical,2363,Female,2,Sales Executive,Married,21570,1.0,25,0,16.0,1,16,1,10,2,4,2.0,1.0,3.0,7.590426328502415,0.3219052859270279,230,9.995000000000001,0.07563355167394469
28,0,Travel_Rarely,Research & Development,23,3,Life Sciences,2364,Male,3,Manufacturing Director,Divorced,46010,0.0,15,2,6.0,2,5,0,0,3,3,2.0,1.0,2.0,7.4313206214689265,0.29515946110794905,236,9.98891242937853,0.09817559702688623
21,0,Travel_Rarely,Research & Development,3,1,Life Sciences,2365,Female,1,Laboratory Technician,Single,170990,1.0,14,1,3.0,2,2,2,2,3,3,3.0,4.0,3.0,7.932450023245003,0.2967039367911214,239,9.98465829846583,0.07244104754872653
47,0,Travel_Rarely,Research & Development,25,4,Medical,2367,Male,2,Research Scientist,Married,148520,3.0,19,3,27.0,3,5,1,0,2,3,4.0,3.0,3.0,6.011422413793104,0.2780888161314366,232,9.982614942528738,0.07696677364780806
40,0,Travel_Rarely,Research & Development,22,1,Life Sciences,2369,Male,1,Laboratory Technician,Married,56660,1.0,14,1,18.0,2,18,14,12,3,3,1.0,3.0,3.0,7.528335717691941,0.3147774525105317,233,10.015951359084406,0.07321787693420816
35,0,Non-Travel,Research & Development,29,3,Medical,2370,Female,2,Sales Executive,Married,78230,1.0,13,1,15.0,3,14,2,9,3,3,3.0,3.0,3.0,6.192031400966184,0.3098488983081286,230,10.013695652173913,0.07598458430900992
37,0,Travel_Rarely,Research & Development,29,4,Technical Degree,2371,Male,1,Laboratory Technician,Married,78800,3.0,12,1,9.0,2,4,0,2,4,3,3.0,3.0,2.0,8.02385815118397,0.301459073989317,244,9.99016393442623,0.08159466894540766
39,0,Travel_Frequently,Research & Development,2,3,Technical Degree,2372,Female,2,Manager,Single,131940,0.0,11,0,10.0,2,9,3,8,3,3,1.0,3.0,1.0,6.660232860520095,0.26587285885523254,235,9.964255319148936,0.07532891838920214
45,0,Travel_Rarely,Research & Development,28,3,Life Sciences,2373,Female,2,Laboratory Technician,Divorced,50670,1.0,11,2,10.0,3,10,3,9,2,3,4.0,4.0,3.0,7.3266199908925325,0.30023024583260477,244,10.028688524590164,0.08333910514440764
38,0,Travel_Rarely,Research & Development,2,4,Life Sciences,2374,Female,3,Sales Executive,Married,50790,3.0,11,0,10.0,3,5,0,2,3,3,4.0,3.0,4.0,9.60052240512117,0.3004452902652566,243,9.98641975308642,0.07936945209672482
35,1,Travel_Rarely,Research & Development,2,3,Life Sciences,2375,Male,3,Healthcare Representative,Married,23210,9.0,12,1,15.0,0,13,6,0,3,3,4.0,1.0,3.0,5.999986942070276,0.3223104542691412,234,9.967450142450142,0.0673229409942571
37,0,Travel_Rarely,Research & Development,22,3,Life Sciences,2376,Female,2,Healthcare Representative,Married,174440,1.0,14,0,8.0,4,8,7,7,3,3,2.0,2.0,1.0,7.9860350241545905,0.2999126565123505,230,10.021884057971015,0.06267280551863802
40,0,Travel_Rarely,Research & Development,8,3,Technical Degree,2377,Female,2,Healthcare Representative,Single,24040,6.0,17,0,18.0,2,4,3,3,2,3,3.0,4.0,2.0,9.199227316836488,0.2774259437784826,229,10.000436681222707,0.06872300535423957
44,0,Travel_Frequently,Sales,2,2,Marketing,2378,Male,1,Laboratory Technician,Married,34520,4.0,11,1,14.0,2,10,0,2,2,3,1.0,4.0,3.0,8.61523896166909,0.30383017958109404,229,9.975473071324599,0.07206026498804019
48,0,Travel_Frequently,Sales,10,4,Marketing,2379,Female,3,Manager,Married,22700,2.0,14,3,23.0,2,2,2,2,3,3,3.0,4.0,3.0,7.076158564814815,0.2954102068710022,240,10.003194444444443,0.06034307686347425
35,1,Travel_Rarely,Research & Development,9,3,Life Sciences,2380,Male,2,Manager,Divorced,173990,6.0,12,0,7.0,3,2,2,2,1,3,3.0,4.0,2.0,10.70255060728745,0.31342172549001746,247,10.005263157894738,0.07578293633813533
24,0,Travel_Frequently,Research & Development,15,3,Life Sciences,2381,Male,2,Research Scientist,Single,54880,1.0,22,1,6.0,6,6,1,3,3,4,1.0,4.0,3.0,8.66787419651056,0.2884642424417474,242,9.999104683195592,0.0708279179954963
27,0,Travel_Rarely,Sales,10,4,Life Sciences,2382,Male,3,Sales Executive,Married,194190,7.0,14,1,5.0,2,3,0,2,1,3,2.0,3.0,3.0,7.234342706904435,0.28796075964092593,243,10.004252400548697,0.07729589195357993
27,0,Travel_Frequently,Research & Development,7,3,Life Sciences,2383,Male,1,Research Scientist,Single,28110,2.0,20,0,6.0,3,4,1,2,3,4,4.0,4.0,2.0,6.421498792270531,0.3136316111631183,230,10.000362318840578,0.0841228666962007
40,1,Travel_Rarely,Sales,16,4,Marketing,2384,Male,1,Research Director,Single,36330,3.0,16,2,10.0,0,4,0,3,3,3,1.0,1.0,1.0,10.471295918367346,0.27524521995953755,245,9.991360544217686,0.0805887606408683
29,0,Travel_Rarely,Research & Development,20,1,Medical,2385,Female,2,Manager,Single,41630,9.0,15,1,8.0,4,5,1,4,2,3,3.0,3.0,3.0,7.3178529143898,0.3135521479684232,244,10.002663934426227,0.0724814430652066
36,0,Travel_Rarely,Research & Development,23,3,Life Sciences,2386,Female,3,Sales Executive,Married,21320,4.0,20,0,9.0,1,3,0,2,2,4,2.0,1.0,3.0,7.927488568815729,0.28243362254548965,243,10.000068587105623,0.0721177638714115
25,0,Travel_Frequently,Sales,5,1,Marketing,2387,Male,4,Manufacturing Director,Divorced,139730,1.0,14,0,7.0,3,7,0,7,2,3,4.0,3.0,3.0,6.126019736842106,0.32508143128972505,228,9.976608187134504,0.08388751492043857
39,0,Travel_Rarely,Sales,10,3,Marketing,2388,Female,2,Research Director,Married,26840,4.0,12,0,7.0,2,5,1,0,3,3,4.0,2.0,3.0,6.755457302280447,0.2723992469703651,229,9.969505094614265,0.07951554346808314
49,0,Travel_Rarely,Sales,4,2,Life Sciences,2389,Male,2,Research Director,Married,108450,3.0,24,0,27.0,4,4,1,2,2,4,1.0,2.0,3.0,7.779442028985508,0.3139133540972779,230,9.986231884057972,0.07392897074024857
50,0,Travel_Rarely,Research & Development,2,2,Medical,2390,Male,3,Sales Executive,Divorced,43770,5.0,12,1,19.0,2,14,1,11,2,3,4.0,1.0,3.0,7.804605200945627,0.3079512324958467,235,9.988439716312058,0.08246431674445863
20,0,Travel_Rarely,Research & Development,18,4,Medical,2391,Female,2,Sales Executive,Single,37430,1.0,13,1,2.0,2,2,2,2,3,3,3.0,3.0,3.0,6.620019323671499,0.29794936769060903,230,9.94536231884058,0.07111619517752044
34,0,Travel_Rarely,Research & Development,10,3,Medical,2392,Male,3,Laboratory Technician,Divorced,41480,1.0,11,0,11.0,3,11,7,9,3,3,4.0,2.0,3.0,7.673401600753296,0.3170212666358468,236,9.989406779661017,0.0850811595945026
36,0,Travel_Rarely,Research & Development,1,3,Life Sciences,2393,Female,2,Healthcare Representative,Single,10510,2.0,14,0,15.0,2,4,1,3,3,3,1.0,2.0,3.0,5.97903727445394,0.29979073941318785,234,9.96980056980057,0.06757716558861046
49,0,Travel_Rarely,Human Resources,6,2,Life Sciences,2394,Female,2,Research Scientist,Married,107390,2.0,11,3,30.0,3,15,2,12,3,3,3.0,3.0,3.0,8.466084379358438,0.30496226289227374,239,9.949860529986053,0.07227589083053022
36,0,Non-Travel,Research & Development,8,4,Life Sciences,2395,Male,4,Laboratory Technician,Married,103880,0.0,14,0,4.0,2,3,1,2,3,3,4.0,3.0,3.0,8.007373842592592,0.30594401868105053,240,9.992430555555556,0.07973674550596621
36,0,Travel_Rarely,Research & Development,2,2,Medical,2396,Female,2,Healthcare Representative,Divorced,114160,6.0,16,0,13.0,2,5,0,4,3,3,4.0,1.0,3.0,6.281566713156672,0.30113397004701314,239,9.989470013947003,0.07013491868155917
54,0,Travel_Rarely,Sales,24,3,Marketing,2397,Male,1,Laboratory Technician,Married,26000,3.0,14,0,36.0,5,10,4,7,3,3,2.0,3.0,3.0,7.595829694323145,0.3291302346988433,229,9.992430858806406,0.07024216442367442
43,0,Travel_Rarely,Research & Development,2,4,Life Sciences,2398,Female,1,Research Scientist,Married,24220,1.0,11,1,14.0,2,14,6,11,3,3,3.0,3.0,3.0,7.5818502622794455,0.273708547069486,233,9.98555078683834,0.08076972645651413
35,1,Travel_Frequently,Research & Development,17,4,Medical,2399,Male,1,Research Director,Single,54720,3.0,11,1,13.0,3,11,6,7,2,3,4.0,4.0,4.0,8.39245527306968,0.29069172294951345,236,9.984322033898305,0.0720864887606683
38,0,Travel_Frequently,Research & Development,19,2,Life Sciences,2400,Male,2,Research Scientist,Married,24510,7.0,12,1,19.0,3,13,2,9,3,3,4.0,4.0,4.0,7.190964791952446,0.3083752249523178,243,9.996227709190672,0.07713561919229713
29,0,Travel_Rarely,Research & Development,1,2,Medical,2401,Male,2,Sales Representative,Divorced,42400,1.0,14,0,10.0,2,10,0,9,2,3,1.0,2.0,2.0,10.692972910927457,0.31741807158094326,242,9.979476584022038,0.07817777930188344
33,0,Travel_Rarely,Research & Development,7,3,Medical,2402,Male,5,Sales Executive,Divorced,109990,1.0,18,3,6.0,3,6,0,4,2,3,4.0,4.0,3.0,6.363958333333334,0.3055631705710199,228,9.996198830409357,0.0933506367485037
32,0,Travel_Rarely,Research & Development,5,4,Technical Degree,2403,Male,5,Research Scientist,Divorced,50030,0.0,13,0,10.0,5,9,1,6,3,3,4.0,2.0,2.0,6.588329889807163,0.2954171319961455,242,9.987741046831955,0.08220271367008455
31,0,Travel_Rarely,Research & Development,28,4,Technical Degree,2404,Female,2,Sales Executive,Married,127420,1.0,11,0,10.0,4,10,0,2,2,3,1.0,4.0,3.0,7.418722451790634,0.30486133158666845,242,10.014807162534435,0.08732824758333999
49,0,Travel_Rarely,Research & Development,2,4,Medical,2405,Male,1,Laboratory Technician,Divorced,42270,4.0,18,0,17.0,3,2,2,2,2,3,4.0,1.0,2.0,9.698152664859983,0.30227713916762855,246,9.98279132791328,0.0767343989086149
38,0,Travel_Frequently,Sales,29,2,Medical,2406,Female,1,Sales Executive,Single,39170,1.0,15,3,4.0,2,4,3,3,3,3,4.0,2.0,3.0,7.83037706855792,0.2821996760479563,235,9.978936170212767,0.08834715402800505
47,0,Travel_Rarely,Research & Development,1,4,Medical,2407,Male,3,Laboratory Technician,Divorced,183030,6.0,22,1,29.0,2,3,1,2,2,4,2.0,2.0,3.0,6.737826867816091,0.31635144589268505,232,10.018031609195402,0.07887379024232481
49,0,Travel_Rarely,Research & Development,21,3,Medical,2408,Male,2,Manufacturing Director,Single,23800,4.0,13,0,23.0,3,8,0,0,1,3,3.0,3.0,3.0,6.414545873674505,0.29880504461909807,241,9.99591977869986,0.07674832872291373
41,0,Travel_Rarely,Research & Development,24,4,Life Sciences,2409,Female,4,Manager,Single,137260,3.0,12,0,21.0,6,2,0,2,4,3,4.0,3.0,3.0,10.988097643097642,0.29344934831613395,231,9.994444444444442,0.07382286634460555
20,0,Travel_Rarely,Research & Development,1,3,Life Sciences,2410,Male,1,Sales Representative,Single,47770,1.0,18,1,2.0,3,2,0,2,3,3,4.0,1.0,3.0,7.6711191129401,0.3076928147563972,243,9.99917695473251,0.07884918205625277
33,0,Non-Travel,Research & Development,18,2,Medical,2411,Female,2,Healthcare Representative,Divorced,63850,1.0,13,0,7.0,6,6,1,2,2,3,3.0,4.0,3.0,9.468951760402378,0.2887305186308914,243,10.010493827160495,0.06534052647689001
36,0,Travel_Rarely,Research & Development,2,2,Technical Degree,2412,Male,3,Sales Executive,Married,199730,6.0,12,0,10.0,2,3,0,2,3,3,1.0,3.0,2.0,5.988968089990817,0.300419339054975,242,9.987052341597797,0.0832756459350198
44,0,Travel_Rarely,Research & Development,9,3,Technical Degree,2413,Female,3,Healthcare Representative,Divorced,68610,4.0,12,0,8.0,2,2,2,2,2,3,3.0,4.0,3.0,8.491249418874942,0.31110146947436124,239,9.97928870292887,0.07727115392879606
23,1,Travel_Rarely,Human Resources,6,3,Life Sciences,2414,Female,3,Laboratory Technician,Single,49690,1.0,12,0,5.0,3,5,1,2,3,3,4.0,3.0,3.0,8.12734473556526,0.3016617139354156,229,10.002474526928674,0.06936032159486538
38,0,Travel_Rarely,Research & Development,11,2,Life Sciences,2415,Male,1,Sales Executive,Married,198450,7.0,11,1,7.0,3,0,0,0,3,3,4.0,3.0,2.0,7.387090220385675,0.3008868961438071,242,9.971143250688705,0.08675834638348778
53,0,Travel_Rarely,Research & Development,24,3,Life Sciences,2416,Male,4,Research Director,Married,133200,3.0,11,0,11.0,2,4,1,2,3,3,2.0,4.0,3.0,8.002307692307692,0.27588678823872437,234,9.991951566951567,0.07024371915108678
48,1,Travel_Frequently,Sales,10,2,Marketing,2417,Male,1,Healthcare Representative,Married,63470,2.0,12,1,19.0,3,9,7,7,1,3,4.0,3.0,3.0,9.926055786076533,0.2939980797515187,241,10.021092669432917,0.07811227332103894
32,1,Travel_Rarely,Sales,1,3,Life Sciences,2418,Male,2,Research Scientist,Single,27430,1.0,19,1,1.0,2,1,0,0,3,3,4.0,2.0,3.0,7.4886062590975255,0.3033739168207346,229,9.979403202328966,0.07386850191952464
26,0,Non-Travel,Research & Development,18,2,Medical,2419,Male,1,Human Resources,Single,108800,1.0,23,1,7.0,5,7,5,7,3,4,4.0,4.0,3.0,7.173929738562092,0.28709131172494995,238,9.999159663865546,0.07857641228080547
55,0,Travel_Rarely,Research & Development,23,1,Life Sciences,2420,Male,5,Laboratory Technician,Divorced,23420,5.0,11,2,8.0,2,4,1,2,3,3,1.0,2.0,3.0,7.686730955846676,0.3217474702639401,229,10.019868995633189,0.08096923227525392
34,0,Travel_Rarely,Sales,28,3,Life Sciences,2421,Female,2,Research Scientist,Married,176500,1.0,19,1,15.0,6,15,4,13,1,3,2.0,4.0,4.0,7.9967980009298,0.30755996582404255,239,9.997838214783823,0.07239610069969406
60,0,Travel_Rarely,Sales,17,4,Medical,2422,Male,1,Manager,Divorced,40250,3.0,13,1,19.0,5,1,0,0,2,3,3.0,4.0,4.0,6.19178280651341,0.29818034829582074,232,10.032543103448276,0.06836757870163046
33,0,Travel_Rarely,Sales,3,3,Life Sciences,2423,Male,3,Manager,Married,97250,1.0,11,0,14.0,0,14,2,13,3,3,2.0,2.0,3.0,7.78063557384545,0.3087454320068279,243,9.988271604938271,0.08059305172941532
37,0,Travel_Frequently,Research & Development,13,3,Life Sciences,2424,Male,1,Laboratory Technician,Divorced,119040,1.0,12,1,6.0,4,6,1,3,3,3,3.0,4.0,2.0,6.484710351377018,0.2952022854420513,234,9.97571225071225,0.09135678665900414
34,0,Travel_Rarely,Research & Development,7,2,Life Sciences,2425,Male,1,Healthcare Representative,Married,21770,1.0,13,0,10.0,5,10,8,7,3,3,2.0,4.0,3.0,7.116946721311475,0.2806558547481723,244,9.994877049180328,0.07871278774726966
23,1,Travel_Rarely,Research & Development,12,2,Medical,2426,Male,2,Research Scientist,Divorced,75250,1.0,14,2,3.0,2,3,0,2,3,3,3.0,4.0,3.0,9.21426044634378,0.312237572918889,234,9.97065527065527,0.07668883916380344
44,0,Travel_Rarely,Human Resources,1,3,Life Sciences,2427,Male,1,Research Scientist,Married,48340,1.0,14,0,9.0,1,8,6,7,4,3,3.0,4.0,3.0,8.474362947658403,0.2907460377516071,242,9.990358126721764,0.07535846964553107
35,0,Travel_Frequently,Research & Development,13,3,Life Sciences,2428,Male,3,Sales Executive,Single,20420,0.0,16,0,6.0,2,5,1,4,3,3,1.0,4.0,4.0,8.168764124293785,0.2694909871757774,236,9.967725988700565,0.07985821112313182
43,0,Travel_Rarely,Research & Development,25,4,Life Sciences,2429,Male,2,Sales Executive,Married,22200,1.0,11,0,10.0,2,10,8,8,1,3,4.0,4.0,3.0,8.106120857699805,0.29782197217228334,228,9.96732456140351,0.08069095048561202
24,0,Travel_Rarely,Research & Development,6,3,Life Sciences,2430,Male,3,Sales Executive,Married,10520,1.0,13,0,5.0,3,5,0,4,3,3,3.0,3.0,3.0,6.7184988179669025,0.3075243973163468,235,9.99354609929078,0.0660752156957831
41,0,Travel_Rarely,Sales,6,4,Marketing,2431,Male,1,Research Scientist,Single,28210,1.0,17,0,10.0,3,10,8,7,3,3,4.0,3.0,3.0,6.9887229437229434,0.3179454968315517,231,9.992568542568543,0.07337086182738362
29,0,Travel_Rarely,Research & Development,2,2,Life Sciences,2432,Male,2,Research Scientist,Married,192370,9.0,11,1,9.0,2,5,1,2,3,3,4.0,3.0,3.0,7.874943236714976,0.2861087754197588,230,9.99304347826087,0.08513577199755293
36,0,Travel_Rarely,Human Resources,1,4,Life Sciences,2433,Female,3,Research Scientist,Single,41070,3.0,11,1,17.0,2,13,6,7,1,3,3.0,4.0,2.0,6.298267085076708,0.30431866909460026,239,10.006415620641562,0.0729325230789666
45,0,Non-Travel,Sales,2,3,Life Sciences,2434,Female,2,Manufacturing Director,Married,83960,3.0,15,2,25.0,3,23,14,4,2,3,3.0,3.0,2.0,6.3247784810126575,0.2773648497910057,237,9.974542897327705,0.09281199591567539
24,1,Travel_Rarely,Sales,6,2,Medical,2435,Female,2,Manager,Married,20070,1.0,12,0,1.0,2,1,0,0,2,3,4.0,3.0,3.0,6.430741134751774,0.27931356316150324,235,10.001843971631207,0.0756779717524398
47,1,Travel_Frequently,Research & Development,1,3,Medical,2436,Female,2,Sales Executive,Married,196270,7.0,11,2,25.0,1,23,14,10,3,3,3.0,3.0,1.0,6.796874090247453,0.30367802420683854,229,9.976200873362446,0.06756099066200189
26,0,Travel_Rarely,Research & Development,9,1,Medical,2437,Male,1,Sales Executive,Married,106860,1.0,14,1,3.0,2,3,0,2,3,3,4.0,3.0,4.0,7.681713534522176,0.3034120018620079,243,9.980795610425238,0.08127337724419653
45,0,Travel_Rarely,Research & Development,1,4,Life Sciences,2438,Male,1,Research Director,Single,29420,1.0,22,1,21.0,4,21,8,6,3,4,4.0,2.0,3.0,6.625135233918129,0.29270414097863867,228,9.991301169590644,0.0739585050793897
32,0,Travel_Frequently,Sales,1,1,Marketing,2439,Male,2,Laboratory Technician,Married,88580,6.0,16,1,10.0,2,5,1,3,3,3,1.0,3.0,2.0,6.89360756501182,0.27770305319810057,235,10.015744680851062,0.068129488189772
31,0,Travel_Rarely,Research & Development,14,2,Life Sciences,2440,Male,1,Sales Executive,Married,167560,1.0,11,2,6.0,5,5,0,3,3,3,2.0,3.0,4.0,7.198543735224587,0.3066016707586553,235,9.990283687943263,0.08569934937665441
41,0,Non-Travel,Sales,2,2,Medical,2441,Male,2,Research Scientist,Married,107980,6.0,14,2,10.0,5,3,1,2,1,3,3.0,2.0,3.0,7.69978044638525,0.2960776932945807,229,9.987045123726347,0.07640063586914882
40,0,Travel_Rarely,Research & Development,22,2,Technical Degree,2442,Male,1,Healthcare Representative,Married,23230,2.0,16,1,18.0,2,1,0,0,3,3,2.0,1.0,3.0,9.824216149347729,0.2944531380073782,247,9.988259109311741,0.06920892626605074
24,0,Travel_Rarely,Research & Development,3,3,Life Sciences,2443,Female,1,Research Scientist,Divorced,14160,1.0,15,1,6.0,3,6,1,2,2,3,2.0,1.0,4.0,6.013961202938476,0.3219718520028405,242,10.003719008264461,0.08602345598573423
46,0,Travel_Rarely,Research & Development,6,3,Medical,2444,Male,4,Sales Executive,Single,46150,6.0,12,0,19.0,3,10,0,9,2,3,3.0,2.0,3.0,7.563393458393458,0.30545983194136367,231,10.002741702741702,0.08365911705042144
35,0,Travel_Rarely,Sales,8,4,Life Sciences,2445,Male,1,Laboratory Technician,Married,24610,2.0,20,1,17.0,4,7,0,7,3,4,4.0,3.0,3.0,7.413913043478262,0.2859773080786519,230,9.986014492753624,0.07548404636837333
30,0,Travel_Rarely,Sales,9,4,Marketing,2446,Male,1,Laboratory Technician,Married,87220,1.0,17,1,10.0,3,10,0,8,3,3,2.0,4.0,2.0,7.298294175232501,0.2801389638350387,227,9.98854625550661,0.08349163342126574
47,0,Non-Travel,Research & Development,3,2,Life Sciences,2447,Female,2,Sales Executive,Married,39550,7.0,12,1,4.0,5,1,0,0,3,3,3.0,2.0,1.0,7.683868086147822,0.3073857573352618,227,10.002569750367106,0.08335005349585675
46,0,Travel_Rarely,Research & Development,1,4,Technical Degree,2448,Female,3,Sales Executive,Divorced,99570,4.0,20,0,13.0,1,10,0,3,3,4,3.0,4.0,2.0,9.792964499769479,0.3037440256146982,241,10.004910096818811,0.07822926271707385
36,1,Travel_Rarely,Research & Development,1,3,Medical,2449,Male,2,Manufacturing Director,Divorced,33760,5.0,20,0,16.0,3,2,2,2,3,4,2.0,1.0,3.0,10.40676113360324,0.2905796664087775,247,9.992645074224022,0.08350372491579149
32,1,Travel_Rarely,Research & Development,26,3,Medical,2450,Female,2,Research Director,Single,88230,6.0,13,2,10.0,3,0,0,0,3,3,1.0,2.0,3.0,7.000198087431694,0.2891396362627002,244,9.999043715846993,0.07388339817250966
23,0,Travel_Rarely,Sales,6,4,Life Sciences,2451,Male,3,Manufacturing Director,Single,103220,1.0,14,2,3.0,2,3,1,2,3,3,3.0,2.0,1.0,6.011363425925926,0.3148023595685864,240,9.995069444444445,0.08860529501782115
31,0,Travel_Frequently,Sales,3,3,Marketing,2452,Male,2,Sales Executive,Single,46210,2.0,18,1,9.0,3,5,1,4,3,3,4.0,4.0,2.0,6.504944903581268,0.29895725886099234,242,9.980853994490358,0.07829719297844535
39,0,Non-Travel,Research & Development,3,3,Life Sciences,2453,Female,2,Manufacturing Director,Married,109760,1.0,11,0,9.0,3,9,5,8,2,3,4.0,4.0,3.0,10.174394353369763,0.29857245688586886,244,9.997677595628415,0.08928585081742331
32,0,Travel_Rarely,Research & Development,6,3,Technical Degree,2454,Male,1,Research Scientist,Married,36600,3.0,11,2,10.0,0,4,0,2,2,3,4.0,3.0,1.0,7.647353556485355,0.28806495300673896,239,10.005230125523013,0.07570665783747249
40,0,Travel_Rarely,Sales,6,3,Life Sciences,2455,Male,3,Manufacturing Director,Single,104820,1.0,11,1,21.0,6,21,12,8,2,3,2.0,2.0,2.0,7.936594516594516,0.3006747245687486,231,10.042929292929292,0.0795584833845704
45,0,Travel_Rarely,Research & Development,19,4,Medical,2456,Male,1,Sales Representative,Married,71190,4.0,15,0,9.0,2,5,0,3,3,3,3.0,3.0,4.0,7.796080498866213,0.30233842684138446,245,9.959795918367348,0.07420692539310801
30,0,Travel_Frequently,Sales,9,3,Life Sciences,2457,Male,1,Research Director,Single,95820,0.0,12,1,10.0,2,9,0,7,3,3,4.0,1.0,3.0,6.204518762183236,0.30603795336211964,228,9.995175438596492,0.08128841744596439
24,0,Travel_Frequently,Sales,3,4,Marketing,2458,Male,1,Sales Executive,Married,45080,0.0,11,1,3.0,5,2,2,1,3,3,1.0,4.0,3.0,5.991230822873082,0.29486979225266624,239,10.022942817294282,0.07274755927475583
30,1,Travel_Frequently,Research & Development,10,3,Life Sciences,2459,Female,1,Human Resources,Divorced,22070,6.0,14,0,6.0,4,4,1,2,3,3,3.0,4.0,2.0,6.712487425697302,0.3106031999242382,243,9.986831275720165,0.07682540897187372
31,0,Travel_Rarely,Research & Development,3,2,Life Sciences,2460,Male,3,Laboratory Technician,Married,77560,1.0,15,2,6.0,3,5,0,2,4,3,1.0,3.0,3.0,7.615965986394558,0.3062621854500374,245,10.00340136054422,0.07904120664659314
27,0,Travel_Rarely,Sales,3,3,Life Sciences,2461,Male,1,Manager,Single,66940,1.0,13,1,6.0,2,6,1,4,2,3,3.0,4.0,2.0,6.324247828074988,0.305395438813833,243,9.986968449931412,0.07052966061664151
29,1,Travel_Rarely,Sales,4,3,Marketing,2462,Male,5,Research Scientist,Single,36910,1.0,13,0,2.0,3,2,2,2,3,3,2.0,2.0,3.0,6.80957787481805,0.30743989190137244,229,9.995269286754002,0.06999823369680869
29,0,Travel_Frequently,Research & Development,8,4,Life Sciences,2463,Female,1,Sales Executive,Single,23770,8.0,21,1,10.0,2,3,0,2,3,4,4.0,3.0,4.0,8.806621338912134,0.28945652023631974,239,9.998744769874476,0.0732080349573582
30,0,Travel_Rarely,Sales,7,3,Life Sciences,2464,Male,3,Sales Executive,Divorced,23130,2.0,11,0,12.0,5,7,1,7,3,3,3.0,1.0,3.0,7.966133879781421,0.3017711735664227,244,9.97957650273224,0.07718633111455916
34,0,Travel_Rarely,Research & Development,1,2,Medical,2465,Female,2,Healthcare Representative,Married,176650,0.0,11,0,6.0,5,5,1,2,2,3,4.0,4.0,3.0,9.900068860877685,0.3195539786393178,238,9.949019607843137,0.06884572957171624
33,0,Non-Travel,Research & Development,2,4,Medical,2466,Male,1,Sales Representative,Single,25960,8.0,14,1,13.0,4,11,1,7,3,3,4.0,2.0,2.0,7.385372315592904,0.31793254982496777,238,10.002941176470587,0.08917321640329831
49,0,Travel_Rarely,Sales,3,4,Marketing,2467,Male,1,Sales Executive,Single,47280,3.0,11,1,8.0,4,5,0,4,3,3,4.0,4.0,4.0,7.704099815583217,0.29997451239975703,241,9.962793914246197,0.07989234670354997
33,1,Travel_Rarely,Research & Development,10,3,Life Sciences,2468,Male,1,Sales Executive,Single,43020,2.0,13,0,11.0,3,0,0,0,1,3,1.0,1.0,2.0,8.287419501133787,0.2956205955502974,245,10.02183673469388,0.07275321549384785
38,0,Travel_Frequently,Research & Development,28,3,Medical,2469,Male,1,Healthcare Representative,Married,29790,4.0,12,1,9.0,3,6,0,5,3,3,3.0,2.0,2.0,7.855806878306878,0.2988585346730134,231,9.993722943722945,0.08844714222975081
31,1,Travel_Rarely,Human Resources,9,4,Human Resources,2470,Male,2,Laboratory Technician,Married,168850,2.0,14,2,10.0,2,1,0,0,3,3,1.0,3.0,3.0,6.192894226103833,0.287412976015881,229,9.996215429403202,0.08602606254841376
29,0,Travel_Rarely,Research & Development,3,4,Other,2471,Female,2,Sales Representative,Divorced,55930,1.0,13,1,1.0,3,1,0,0,3,3,4.0,1.0,3.0,6.334084406294707,0.29578009486607676,233,10.006437768240342,0.07580847228388675
30,0,Travel_Rarely,Research & Development,2,1,Medical,2472,Male,1,Sales Representative,Married,104450,3.0,18,1,10.0,3,7,1,7,3,3,3.0,3.0,3.0,6.778561946902656,0.31295353531732334,226,9.950221238938052,0.0759271113296186
32,0,Non-Travel,Research & Development,10,4,Life Sciences,2473,Female,1,Laboratory Technician,Single,87400,2.0,11,1,12.0,2,7,0,7,3,3,2.0,2.0,3.0,5.983953544061304,0.2722141306376579,232,10.019612068965518,0.07520653476472451
38,0,Travel_Rarely,Research & Development,8,2,Technical Degree,2474,Female,1,Manufacturing Director,Married,25140,3.0,11,0,15.0,2,1,1,0,2,3,2.0,4.0,3.0,9.004004922644164,0.29775848890896,237,10.029535864978904,0.09081885146249022
43,1,Travel_Frequently,Research & Development,1,4,Other,2475,Male,3,Sales Executive,Married,76550,9.0,12,1,6.0,3,1,0,0,3,3,3.0,3.0,3.0,8.375763888888889,0.3012278716959879,232,9.981178160919539,0.0927683028976132
42,0,Travel_Rarely,Human Resources,1,3,Other,2476,Female,1,Healthcare Representative,Divorced,174650,8.0,13,1,7.0,3,5,0,4,3,3,2.0,2.0,2.0,6.706082498807821,0.2949720158896632,233,10.012660944206008,0.08059212257247633
55,0,Travel_Rarely,Research & Development,3,2,Life Sciences,2477,Female,1,Sales Executive,Married,73510,8.0,20,1,34.0,3,1,0,0,3,4,3.0,3.0,3.0,7.595277777777778,0.28983746462819626,229,9.981732168850073,0.07363046596355033
33,0,Non-Travel,Research & Development,14,3,Other,2478,Male,1,Research Scientist,Divorced,108200,5.0,12,0,11.0,2,9,1,7,3,3,4.0,2.0,2.0,6.700411479944675,0.2985655715522543,241,9.998132780082987,0.06636571192561849
41,0,Travel_Rarely,Research & Development,5,3,Medical,2479,Male,1,Sales Representative,Divorced,121690,1.0,19,0,5.0,2,5,0,4,3,3,3.0,1.0,3.0,6.29044806763285,0.31442647313602123,230,9.985724637681159,0.06407843912832527
34,0,Non-Travel,Research & Development,7,4,Medical,2480,Female,1,Research Scientist,Divorced,196260,1.0,21,0,15.0,5,15,0,7,2,4,4.0,3.0,3.0,8.18945486111111,0.2921119128495598,240,9.982638888888888,0.07428589415775604
53,0,Non-Travel,Research & Development,10,4,Medical,2481,Male,2,Healthcare Representative,Married,20700,4.0,13,2,27.0,2,3,0,2,4,3,1.0,3.0,2.0,8.10130935422602,0.3109995125947641,234,10.008618233618233,0.06615931285638017
43,0,Travel_Rarely,Sales,16,2,Marketing,2482,Female,1,Laboratory Technician,Single,67820,0.0,16,1,10.0,2,9,1,8,3,3,2.0,4.0,3.0,6.09770474137931,0.3159352016280998,232,9.982040229885056,0.08392087956743134
34,0,Travel_Rarely,Sales,10,2,Life Sciences,2483,Female,5,Sales Executive,Single,77790,5.0,12,1,6.0,2,2,2,2,3,3,4.0,4.0,3.0,7.7039595516569195,0.3159174986071564,228,9.972076023391814,0.06920702698989274
21,1,Travel_Rarely,Sales,1,2,Marketing,2484,Male,5,Healthcare Representative,Single,27910,1.0,14,0,1.0,3,1,1,0,4,3,2.0,2.0,3.0,7.524425369575585,0.31436669637029546,233,9.990557939914163,0.06960634444937765
38,0,Travel_Rarely,Research & Development,8,2,Life Sciences,2485,Female,2,Sales Executive,Married,32010,1.0,11,1,5.0,3,5,0,4,2,3,4.0,3.0,3.0,6.388770180436847,0.30474725927653434,234,9.999287749287747,0.08544536558127397
22,1,Travel_Rarely,Research & Development,1,3,Other,2486,Male,4,Research Scientist,Married,49680,1.0,14,0,1.0,3,1,0,0,3,3,3.0,1.0,3.0,8.890420081967212,0.28174483145984164,244,9.991393442622952,0.07937921173551618
31,0,Travel_Rarely,Research & Development,8,5,Life Sciences,2487,Male,5,Sales Executive,Married,131200,1.0,12,2,13.0,6,12,5,7,2,3,1.0,4.0,3.0,7.280066193853427,0.2948201558947731,235,10.001702127659575,0.07199614071245286
51,0,Travel_Rarely,Research & Development,1,4,Life Sciences,2488,Female,1,Manager,Married,40330,2.0,14,0,15.0,2,2,2,2,3,3,1.0,3.0,3.0,6.703338102050548,0.3223618167754897,233,10.003290414878396,0.07835119546807437
37,0,Travel_Rarely,Research & Development,24,1,Life Sciences,2489,Male,2,Sales Executive,Married,32910,1.0,16,3,5.0,2,5,0,3,2,3,2.0,2.0,3.0,8.021012583095917,0.31822748618720187,234,9.94608262108262,0.08896527497564695
46,0,Travel_Rarely,Sales,3,4,Marketing,2490,Female,1,Sales Representative,Divorced,42720,7.0,13,0,24.0,3,2,2,2,4,3,3.0,4.0,3.0,9.994054373522458,0.3138023766368875,235,10.017730496453902,0.07477213028631458
36,0,Travel_Rarely,Research & Development,27,3,Technical Degree,2491,Female,4,Research Scientist,Married,50560,7.0,12,0,15.0,2,12,5,7,2,3,4.0,1.0,3.0,9.504157210401893,0.3185054325723971,235,9.984609929078013,0.09060377644420202
44,1,Travel_Frequently,Sales,10,4,Life Sciences,2492,Male,1,Research Scientist,Divorced,28440,1.0,12,0,6.0,2,5,2,3,4,3,3.0,2.0,2.0,9.287852011494252,0.3066667382454522,232,10.022485632183908,0.07755978815246055
37,0,Travel_Rarely,Research & Development,19,2,Technical Degree,2493,Male,2,Sales Executive,Divorced,27030,2.0,14,0,19.0,2,10,4,7,3,3,3.0,2.0,2.0,6.133804044630404,0.29607719479940275,239,9.965271966527196,0.06718525485508015
35,1,Travel_Rarely,Research & Development,15,4,Life Sciences,2494,Male,2,Research Scientist,Single,19040,1.0,22,1,10.0,4,10,7,7,3,4,3.0,4.0,3.0,8.58257491931766,0.31262917570350723,241,9.992323651452281,0.09420587444290773
33,0,Travel_Rarely,Research & Development,8,5,Medical,2495,Male,2,Laboratory Technician,Married,82240,6.0,19,0,14.0,3,10,7,6,3,3,4.0,1.0,3.0,7.992180316091955,0.3151863599813618,232,9.994899425287356,0.07667060071154909
28,0,Travel_Rarely,Sales,9,3,Medical,2496,Female,2,Sales Executive,Married,47660,1.0,12,0,5.0,3,5,0,3,3,3,3.0,4.0,4.0,7.389827423167848,0.3091946495012654,235,9.995744680851065,0.09124487280515652
39,0,Travel_Rarely,Sales,3,4,Marketing,2497,Female,2,Laboratory Technician,Single,26100,7.0,12,0,9.0,2,4,2,2,2,3,3.0,3.0,3.0,6.90899380066762,0.3191564829258313,233,9.980185979971386,0.07446802081791726
46,0,Non-Travel,Research & Development,9,2,Life Sciences,2498,Male,2,Manufacturing Director,Single,57310,8.0,17,0,6.0,2,2,2,2,3,3,2.0,2.0,3.0,6.691906090190609,0.3031321939323412,239,9.989051603905162,0.07109928350698719
40,0,Travel_Rarely,Research & Development,2,2,Medical,2499,Male,1,Research Director,Married,25390,4.0,12,1,7.0,3,4,0,2,3,3,3.0,1.0,2.0,6.555122819100092,0.3196408779700662,242,9.985055096418732,0.07577272632016112
42,0,Travel_Rarely,Research & Development,7,4,Other,2500,Female,2,Laboratory Technician,Married,57140,5.0,11,0,10.0,2,0,0,0,3,3,2.0,1.0,2.0,6.6004096638655465,0.29187145342827436,238,10.0203081232493,0.07571804811938847
35,0,Non-Travel,Sales,10,1,Life Sciences,2501,Female,2,Research Director,Divorced,43230,2.0,18,3,15.0,3,7,1,7,3,3,2.0,4.0,3.0,6.702782350251486,0.2874303158420818,243,9.991632373113855,0.07596963839668656
38,0,Non-Travel,Sales,6,4,Marketing,2502,Male,3,Sales Executive,Divorced,73360,5.0,11,0,13.0,3,11,3,8,3,3,1.0,2.0,3.0,7.75789543910723,0.27662356934091775,229,9.978093158660844,0.07418050980191869
34,1,Travel_Frequently,Research & Development,2,1,Life Sciences,2503,Male,1,Manufacturing Director,Married,134990,4.0,23,2,11.0,2,7,0,7,4,4,4.0,1.0,2.0,7.888297258297259,0.31445068152853506,231,9.991847041847043,0.08491995524604219
37,1,Travel_Rarely,Research & Development,24,3,Life Sciences,2504,Male,1,Laboratory Technician,Single,137580,1.0,11,1,10.0,5,10,0,8,3,3,4.0,1.0,1.0,6.19627662037037,0.28384654536630904,240,9.975902777777778,0.08697268227955991
39,0,Travel_Frequently,Research & Development,2,1,Medical,2505,Male,2,Healthcare Representative,Divorced,51550,2.0,18,1,7.0,3,2,2,2,2,3,3.0,4.0,3.0,6.196037758537758,0.29827012712837375,231,10.017243867243868,0.06987647698517273
43,0,Non-Travel,Human Resources,8,5,Medical,2506,Female,3,Sales Executive,Single,22580,4.0,18,0,7.0,2,3,1,2,3,3,1.0,3.0,2.0,7.399991582491582,0.29377223011091336,231,10.002597402597402,0.06966472175167832
41,0,Travel_Rarely,Research & Development,3,3,Life Sciences,2507,Male,3,Research Scientist,Single,35970,3.0,13,1,11.0,2,3,1,2,1,3,2.0,2.0,1.0,7.812406189083821,0.31590032678670443,228,9.95687134502924,0.06431870486298963
41,0,Travel_Rarely,Research & Development,1,1,Technical Degree,2508,Male,3,Laboratory Technician,Divorced,25150,0.0,18,0,23.0,2,22,13,5,2,3,3.0,3.0,4.0,10.281769675925927,0.28893748250016055,240,9.991458333333332,0.06816825023245002
30,0,Travel_Rarely,Sales,26,3,Marketing,2509,Female,2,Manager,Single,44200,9.0,11,0,9.0,3,7,0,2,3,3,1.0,3.0,3.0,7.114706790123457,0.28235184211836617,234,9.978703703703705,0.07259053939490277
26,1,Travel_Rarely,Human Resources,2,1,Technical Degree,2510,Female,3,Sales Executive,Married,65780,0.0,15,2,6.0,3,5,1,4,2,3,4.0,2.0,3.0,8.71812324929972,0.31263436339729667,238,10.002521008403361,0.07472873256194172
46,1,Travel_Rarely,Research & Development,10,3,Medical,2511,Male,1,Sales Executive,Married,44220,4.0,11,1,13.0,2,9,3,7,3,3,4.0,2.0,4.0,8.025100472813238,0.2789004676029638,235,10.0,0.07621082621082616
40,0,Travel_Rarely,Sales,27,2,Medical,2512,Female,3,Sales Executive,Divorced,102740,4.0,18,0,12.0,3,5,0,3,3,3,3.0,4.0,3.0,6.611040528233152,0.2980194195544728,244,9.975136612021858,0.06893802424160657
34,0,Travel_Rarely,Research & Development,2,3,Life Sciences,2513,Male,2,Laboratory Technician,Married,53430,1.0,14,0,10.0,5,10,4,8,2,3,2.0,3.0,3.0,7.376714120370369,0.29505344990569593,240,9.975694444444446,0.07450672167983888
58,0,Non-Travel,Research & Development,2,4,Medical,2514,Male,1,Laboratory Technician,Divorced,23760,4.0,12,1,37.0,3,16,14,14,3,3,2.0,2.0,2.0,6.5988820582877965,0.3054442713405763,244,9.958128415300546,0.07259826602052376
35,0,Travel_Rarely,Research & Development,8,1,Technical Degree,2515,Female,3,Manufacturing Director,Married,53460,0.0,14,0,6.0,3,5,0,3,2,3,2.0,3.0,4.0,7.4108728498372844,0.31229952443019404,239,10.008577405857741,0.08373914419324212
47,0,Travel_Rarely,Research & Development,19,5,Medical,2516,Female,2,Research Scientist,Divorced,28270,8.0,14,1,28.0,3,22,14,10,3,3,3.0,2.0,3.0,10.678910165484634,0.28652443810994305,235,9.984113475177304,0.07277360530197402
40,0,Travel_Rarely,Research & Development,1,4,Life Sciences,2517,Male,2,Manager,Divorced,199430,2.0,13,1,15.0,3,7,7,7,3,3,2.0,1.0,3.0,7.227091714559387,0.30704585719255256,232,9.96580459770115,0.07165870527939495
54,0,Travel_Rarely,Sales,27,4,Medical,2518,Male,1,Research Scientist,Married,31310,4.0,14,0,14.0,3,7,1,7,2,3,4.0,4.0,2.0,7.074631268436579,0.3079480207115953,226,9.997345132743364,0.09599785862558727
31,0,Travel_Frequently,Sales,8,4,Other,2519,Female,3,Manufacturing Director,Married,25520,2.0,18,0,9.0,2,3,2,2,3,3,1.0,1.0,3.0,7.494165453663269,0.29342979981314693,229,9.952256186317321,0.08405068651736072
28,0,Travel_Rarely,Sales,1,2,Life Sciences,2520,Male,3,Manager,Married,44770,1.0,15,0,3.0,6,3,1,2,3,3,3.0,1.0,3.0,7.611939871970735,0.28994541955550207,243,9.988545953360767,0.07674498444981045
38,0,Travel_Rarely,Research & Development,19,3,Medical,2521,Female,2,Manufacturing Director,Married,64740,2.0,13,2,20.0,3,4,0,3,1,3,2.0,4.0,2.0,9.500636716963879,0.30306518225990137,243,9.975514403292182,0.06667644458048498
26,0,Travel_Rarely,Sales,8,3,Marketing,2522,Female,1,Healthcare Representative,Single,30330,1.0,12,0,5.0,2,5,1,2,2,3,3.0,4.0,3.0,6.115757149554619,0.31547169031334993,237,10.001195499296765,0.08482789617551466
58,0,Travel_Frequently,Research & Development,10,4,Technical Degree,2523,Female,1,Sales Representative,Married,29360,2.0,13,1,23.0,3,2,2,2,3,3,1.0,3.0,3.0,9.615240362811791,0.29955974859890794,245,10.011224489795918,0.07927581688413074
18,0,Non-Travel,Research & Development,2,3,Life Sciences,2524,Male,3,Sales Representative,Single,186060,1.0,24,2,0.0,4,0,0,0,3,4,2.0,3.0,1.0,7.631033478893742,0.3027443559275784,229,9.99949053857351,0.07741567498318826
31,1,Travel_Rarely,Research & Development,2,3,Life Sciences,2525,Male,3,Laboratory Technician,Married,21680,0.0,14,1,2.0,2,1,0,0,3,3,4.0,1.0,3.0,6.141918767507002,0.30361607112109984,238,10.00658263305322,0.08062221513077804
29,1,Travel_Rarely,Research & Development,8,2,Medical,2526,Male,1,Manager,Divorced,28530,4.0,14,1,4.0,5,2,2,0,2,3,1.0,1.0,3.0,8.672918925022584,0.27939191535728636,246,9.992479674796746,0.08561328189812505
45,0,Non-Travel,Sales,1,4,Technical Degree,2527,Male,1,Research Scientist,Married,170480,4.0,15,0,10.0,3,8,5,7,2,3,3.0,3.0,4.0,7.199625122910521,0.2956404450777328,226,9.994690265486724,0.07190007647765755
36,0,Travel_Rarely,Sales,2,3,Technical Degree,2528,Female,5,Laboratory Technician,Married,22900,4.0,11,0,15.0,5,1,0,0,3,3,4.0,2.0,3.0,10.682005532503458,0.2986258229280744,241,9.975933609958508,0.08050172890733068
43,0,Travel_Frequently,Sales,8,3,Medical,2529,Male,1,Research Director,Married,36000,1.0,23,0,7.0,2,7,7,7,3,4,1.0,4.0,3.0,7.031896433470507,0.30793689755485293,243,9.997050754458161,0.07824080687155875
27,0,Travel_Frequently,Sales,8,4,Life Sciences,2530,Male,5,Research Scientist,Single,21070,0.0,13,0,6.0,2,5,0,2,3,3,4.0,4.0,2.0,10.221362811791384,0.31208937342759846,245,9.994013605442175,0.06824042786513507
29,0,Travel_Frequently,Research & Development,6,2,Medical,2531,Male,1,Human Resources,Married,41150,1.0,11,0,11.0,1,11,3,10,3,3,4.0,4.0,4.0,7.692630315500686,0.30699449277978846,243,9.980864197530863,0.06850627486991123
32,0,Travel_Frequently,Sales,9,4,Life Sciences,2532,Male,4,Sales Executive,Single,43270,8.0,13,0,4.0,4,0,0,0,3,3,4.0,4.0,4.0,7.596130519165453,0.2834784706921411,229,9.964264919941776,0.07229318292091218
42,0,Non-Travel,Research & Development,11,3,Medical,2533,Male,1,Manager,Married,178560,3.0,18,0,10.0,2,6,3,3,3,3,3.0,3.0,2.0,6.496671315667132,0.31978219566651406,239,9.99881450488145,0.07723131512019041
47,0,Travel_Rarely,Sales,2,2,Life Sciences,2534,Female,5,Manager,Single,31960,4.0,14,1,7.0,3,2,2,0,2,3,2.0,3.0,3.0,6.1155828584995255,0.2996278195362772,234,9.996367521367521,0.0705578023550127
46,0,Travel_Rarely,Human Resources,1,3,Life Sciences,2535,Female,1,Laboratory Technician,Divorced,190810,3.0,21,0,12.0,2,9,4,7,3,4,4.0,4.0,2.0,7.192263244256916,0.31604152342770697,237,9.99043600562588,0.08591567538360076
28,0,Non-Travel,Research & Development,7,3,Life Sciences,2536,Male,1,Sales Executive,Divorced,89660,1.0,16,1,3.0,3,3,2,2,2,3,3.0,4.0,3.0,7.7167070275403615,0.29884288288263067,234,9.99579772079772,0.07521712438200276
29,0,Travel_Rarely,Research & Development,16,3,Medical,2537,Female,1,Manufacturing Director,Divorced,22100,8.0,11,1,11.0,4,7,1,6,3,3,4.0,3.0,3.0,8.041272583559168,0.30105636215311027,246,10.00989159891599,0.07733713105838544
42,0,Travel_Rarely,Sales,2,4,Medical,2538,Female,2,Research Director,Single,45390,4.0,17,1,8.0,5,0,0,0,3,3,4.0,3.0,3.0,6.596468764902242,0.2819352076829944,233,9.979399141630902,0.07380030791113751
32,1,Travel_Rarely,Research & Development,1,1,Medical,2539,Male,2,Laboratory Technician,Single,27410,7.0,11,0,7.0,3,2,2,2,3,3,3.0,2.0,2.0,10.426699954086319,0.32413764111924226,242,10.008195592286503,0.0825432036319437
46,0,Travel_Rarely,Research & Development,23,1,Life Sciences,2540,Male,2,Laboratory Technician,Divorced,34910,2.0,14,0,25.0,0,19,2,8,3,3,1.0,1.0,3.0,7.880292397660818,0.2982982324071995,228,9.989327485380116,0.061079917733638994
27,0,Travel_Rarely,Sales,2,3,Life Sciences,2541,Female,5,Research Scientist,Married,45410,1.0,14,2,9.0,4,9,5,8,4,3,2.0,3.0,3.0,7.124595624385447,0.2863739617582003,226,9.98163716814159,0.08849711023708078
29,0,Travel_Rarely,Research & Development,1,2,Medical,2542,Male,3,Sales Executive,Married,26780,1.0,25,1,1.0,3,1,0,0,3,4,4.0,2.0,3.0,7.963377871542429,0.2943189268426954,237,9.995428973277074,0.07700703036226529
43,0,Travel_Rarely,Research & Development,1,3,Life Sciences,2543,Male,1,Manufacturing Director,Married,73790,7.0,13,2,21.0,3,16,6,14,2,3,1.0,3.0,3.0,6.286693587860988,0.3251164121133148,227,9.991262848751834,0.07658630376117025
48,0,Travel_Rarely,Research & Development,2,3,Life Sciences,2544,Female,2,Manager,Married,62720,4.0,14,0,29.0,3,22,12,9,2,3,4.0,2.0,3.0,6.085625909752547,0.29816530443729494,229,10.01499272197962,0.07728885228597943
29,1,Travel_Frequently,Research & Development,13,2,Life Sciences,2545,Female,1,Laboratory Technician,Single,52200,1.0,17,0,1.0,3,1,1,0,2,3,4.0,4.0,2.0,8.599234594856865,0.2991873052305814,229,9.996142649199419,0.06519582556585539
46,1,Travel_Rarely,Research & Development,4,4,Medical,2546,Female,2,Sales Representative,Married,27430,5.0,25,1,14.0,1,8,0,7,4,4,3.0,2.0,3.0,7.8881041666666665,0.3028115646627483,240,9.974652777777779,0.06528346796063848
27,0,Travel_Frequently,Research & Development,16,4,Medical,2547,Male,3,Healthcare Representative,Married,49980,0.0,20,2,8.0,3,7,7,3,3,4,4.0,1.0,2.0,7.678046139359698,0.2814801501072342,236,9.988276836158192,0.07287143887486489
39,0,Travel_Rarely,Research & Development,2,3,Technical Degree,2548,Male,3,Healthcare Representative,Divorced,102520,8.0,13,1,7.0,3,2,2,2,3,3,4.0,4.0,3.0,6.535387205387205,0.334260808693602,231,9.987806637806639,0.07911999916347728
55,0,Travel_Rarely,Research & Development,2,3,Life Sciences,2549,Female,1,Human Resources,Married,27810,8.0,13,1,19.0,2,5,0,4,3,3,2.0,4.0,4.0,6.190505162241887,0.31068309377983994,226,9.980162241887905,0.07417138096798859
28,0,Travel_Rarely,Research & Development,29,2,Life Sciences,2550,Male,2,Laboratory Technician,Married,68520,1.0,18,1,1.0,2,1,0,0,4,3,2.0,2.0,3.0,6.993290686952513,0.2876223434219593,241,10.003112033195022,0.07060717304441369
30,1,Travel_Rarely,Sales,12,4,Life Sciences,2551,Female,2,Sales Executive,Single,49500,1.0,12,2,1.0,3,1,0,0,3,3,2.0,4.0,2.0,7.683623685413809,0.28888389711356766,243,10.014746227709189,0.08644487335003599
22,1,Travel_Rarely,Research & Development,16,2,Life Sciences,2552,Female,2,Laboratory Technician,Single,35790,1.0,19,3,1.0,3,1,0,0,3,3,4.0,2.0,3.0,10.50865587695133,0.30179509996178433,242,10.024449035812669,0.07166002251866077
36,0,Travel_Rarely,Research & Development,11,3,Life Sciences,2553,Male,1,Sales Executive,Married,131910,1.0,14,1,10.0,2,10,1,7,2,3,2.0,3.0,3.0,9.496987922705312,0.309387887819252,230,9.987898550724637,0.07504820897411554
31,0,Travel_Rarely,Research & Development,2,4,Life Sciences,2554,Female,5,Manager,Divorced,103770,1.0,14,0,10.0,2,10,0,2,3,3,2.0,3.0,3.0,7.516973022405122,0.2697435010435165,243,10.001920438957477,0.07482871173387443
34,0,Travel_Rarely,Sales,14,2,Technical Degree,2555,Female,1,Sales Executive,Married,22350,2.0,14,1,9.0,2,5,1,0,3,3,3.0,4.0,3.0,8.095313852813852,0.31701440464260355,231,9.994949494949493,0.07846955057824626
29,0,Travel_Rarely,Research & Development,5,5,Life Sciences,2556,Female,1,Sales Executive,Single,105020,3.0,12,0,11.0,4,3,1,2,2,3,4.0,1.0,3.0,7.075585399449036,0.3224780045537976,242,9.992011019283746,0.0732922967890904
37,0,Travel_Rarely,Research & Development,7,2,Medical,2557,Male,1,Manufacturing Director,Married,20110,5.0,13,0,16.0,4,5,0,4,4,3,4.0,1.0,3.0,8.703231884057972,0.29999123891109225,230,10.00840579710145,0.07053068371200133
35,0,Travel_Rarely,Sales,2,1,Technical Degree,2558,Male,2,Laboratory Technician,Married,18590,0.0,25,1,4.0,2,3,0,2,2,4,4.0,2.0,3.0,10.515715105601467,0.28871797416505735,242,10.040977961432509,0.07205404192814602
45,0,Travel_Rarely,Research & Development,3,3,Medical,2559,Female,2,Sales Executive,Married,37600,0.0,14,1,10.0,2,9,3,8,2,3,2.0,4.0,2.0,7.114031279178338,0.30005722215975306,238,9.973389355742299,0.09052657912672794
36,0,Travel_Frequently,Research & Development,5,3,Medical,2560,Female,4,Manufacturing Director,Single,177790,1.0,17,1,10.0,5,10,0,8,1,3,2.0,4.0,2.0,6.537147667147667,0.31772013585654185,231,9.99126984126984,0.0817362548884289
40,0,Travel_Rarely,Research & Development,3,3,Other,2561,Male,1,Sales Executive,Divorced,68330,2.0,13,0,22.0,3,19,11,16,3,3,1.0,1.0,3.0,6.808731725146199,0.3070743048226972,228,9.988669590643276,0.06861432598260217
26,0,Travel_Rarely,Research & Development,26,2,Life Sciences,2562,Male,2,Human Resources,Married,68120,1.0,13,0,1.0,2,1,1,0,2,3,2.0,3.0,2.0,9.306218303365606,0.30970437122201383,241,9.9902489626556,0.07859549331489162
27,0,Travel_Rarely,Research & Development,4,3,Technical Degree,2563,Male,2,Manufacturing Director,Single,51710,0.0,20,1,9.0,1,8,0,7,2,4,1.0,3.0,2.0,7.593683261183261,0.30195312087027,231,9.9979797979798,0.07944759186063526
48,0,Travel_Frequently,Research & Development,2,3,Life Sciences,2564,Male,2,Research Director,Divorced,197400,3.0,14,0,24.0,2,22,4,7,4,3,4.0,4.0,3.0,7.185576131687243,0.3138440765094976,243,9.981618655692728,0.07935081265328185
44,0,Travel_Rarely,Sales,1,2,Medical,2565,Male,4,Manager,Married,187110,2.0,12,1,10.0,0,2,2,2,3,3,2.0,1.0,3.0,7.078182471264368,0.28898876684911873,232,9.998563218390807,0.07171028843442631
34,1,Non-Travel,Research & Development,27,2,Life Sciences,2566,Female,1,Sales Representative,Married,36920,1.0,12,1,5.0,5,5,3,0,3,3,4.0,1.0,3.0,10.21411495911496,0.30284126389531263,231,9.984632034632034,0.07723260555869255
56,1,Travel_Rarely,Human Resources,1,2,Medical,2567,Female,5,Sales Executive,Single,25590,1.0,21,0,5.0,3,4,1,0,3,4,1.0,4.0,3.0,6.8956180555555555,0.3163154814975675,240,9.985000000000001,0.08045978614597865
36,0,Travel_Rarely,Research & Development,13,3,Technical Degree,2568,Female,3,Healthcare Representative,Married,25170,2.0,14,0,12.0,3,4,1,3,3,3,3.0,2.0,1.0,7.319204331450094,0.2603613321264994,236,10.031426553672318,0.08302353548102742
41,0,Travel_Rarely,Research & Development,5,3,Life Sciences,2569,Female,1,Sales Executive,Married,66230,5.0,18,0,14.0,3,5,1,4,3,3,3.0,2.0,3.0,6.396317358130664,0.29606284074345884,233,9.99363376251788,0.09760177716935514
42,0,Travel_Rarely,Research & Development,7,3,Technical Degree,2570,Female,2,Sales Executive,Married,182650,9.0,12,1,18.0,4,13,5,7,3,3,3.0,1.0,4.0,7.415789855072464,0.31377893951696817,230,9.954492753623189,0.07962310402295215
31,0,Travel_Rarely,Sales,9,4,Life Sciences,2571,Female,1,Sales Executive,Divorced,161240,2.0,23,1,8.0,2,5,1,4,2,4,3.0,4.0,3.0,8.317417480241748,0.2884127470182851,239,9.98647140864714,0.06198240802597197
34,0,Travel_Rarely,Research & Development,8,1,Life Sciences,2572,Female,3,Laboratory Technician,Married,25850,3.0,12,0,9.0,5,4,0,1,3,3,4.0,4.0,2.0,9.213606557377048,0.27506420685562505,244,10.006352459016393,0.06710054101359002
31,0,Travel_Rarely,Sales,25,2,Life Sciences,2573,Female,3,Manufacturing Director,Divorced,182130,8.0,21,2,4.0,3,2,2,2,4,4,1.0,3.0,2.0,6.783251705653021,0.3064139919970329,228,10.015131578947368,0.06784026650694286
26,0,Travel_Frequently,Sales,16,2,Life Sciences,2574,Male,2,Healthcare Representative,Married,83800,0.0,14,0,8.0,3,7,7,7,4,3,3.0,4.0,3.0,6.094803383630544,0.30024468935707466,243,10.00644718792867,0.07535541535822121
45,0,Travel_Frequently,Research & Development,8,4,Life Sciences,2575,Female,2,Manager,Single,29940,4.0,18,1,12.0,2,4,0,3,3,3,2.0,3.0,3.0,7.7881630086877,0.30226528308569084,243,9.976063100137175,0.07666409701202068
33,0,Travel_Rarely,Sales,1,3,Life Sciences,2576,Female,5,Sales Executive,Single,12230,1.0,13,1,10.0,3,10,0,9,3,3,2.0,3.0,2.0,6.3669327731092435,0.30293715594122017,238,9.961834733893559,0.07251171565672668
28,0,Travel_Frequently,Sales,8,3,Life Sciences,2577,Male,4,Research Scientist,Married,11180,1.0,11,0,7.0,3,7,0,7,3,3,3.0,4.0,3.0,10.595948195030473,0.291516264398703,237,9.99535864978903,0.08768787694581516
29,1,Travel_Frequently,Human Resources,2,4,Human Resources,2578,Male,2,Sales Executive,Single,28750,1.0,11,0,1.0,3,1,0,0,3,3,3.0,1.0,3.0,6.79014344262295,0.30520845362574295,244,9.986953551912569,0.0850794326759465
39,0,Non-Travel,Research & Development,8,5,Medical,2579,Female,2,Sales Representative,Married,188240,6.0,19,1,10.0,4,3,1,2,3,3,1.0,3.0,3.0,6.2782693236714975,0.291697687167053,230,10.016304347826088,0.09179875218867989
27,0,Travel_Rarely,Sales,3,2,Technical Degree,2580,Male,2,Healthcare Representative,Married,135770,1.0,12,1,6.0,2,5,1,2,3,3,2.0,2.0,2.0,7.282654195011339,0.307460364382179,245,10.008163265306122,0.08166578379985878
34,0,Travel_Frequently,Research & Development,9,4,Life Sciences,2581,Female,2,Manufacturing Director,Married,26250,1.0,12,3,16.0,4,15,6,11,3,3,3.0,4.0,3.0,8.898696493624774,0.2918799261429623,244,9.998975409836065,0.08475774790678142
28,1,Travel_Rarely,Research & Development,25,3,Technical Degree,2582,Male,1,Research Director,Single,187890,3.0,16,1,6.0,4,2,2,2,3,3,4.0,3.0,3.0,9.392832403533241,0.32950624936775796,239,9.995955369595537,0.08809515019396875
47,0,Non-Travel,Research & Development,1,4,Medical,2583,Male,1,Research Scientist,Married,45380,8.0,11,0,16.0,3,8,1,7,3,3,3.0,2.0,4.0,5.995739568682607,0.28394058630411306,237,10.012306610407876,0.09736320690997803
56,0,Travel_Rarely,Research & Development,4,3,Technical Degree,2584,Female,2,Sales Executive,Married,198470,4.0,14,0,6.0,6,0,0,0,3,3,4.0,1.0,3.0,7.906703783524904,0.3054734469556829,232,9.98354885057471,0.07637441222570533
39,0,Travel_Rarely,Research & Development,1,3,Other,2585,Female,1,Laboratory Technician,Married,105120,1.0,12,1,10.0,2,10,7,9,3,3,1.0,1.0,3.0,7.018032693187013,0.2896898587268027,243,10.008916323731139,0.07609326523748516
38,0,Travel_Frequently,Research & Development,4,2,Medical,2586,Female,1,Manager,Divorced,44440,1.0,13,0,20.0,2,20,0,7,3,3,4.0,2.0,3.0,10.800123716153127,0.30545379159823594,238,9.988095238095237,0.08232603308552686
58,0,Travel_Rarely,Sales,5,3,Marketing,2587,Male,5,Sales Representative,Married,21540,4.0,21,1,29.0,3,1,0,0,3,4,4.0,4.0,2.0,9.88089598108747,0.29583414091018206,235,9.960212765957445,0.0773240286112626
32,1,Travel_Frequently,Research & Development,9,3,Life Sciences,2588,Male,2,Laboratory Technician,Single,191900,3.0,17,1,8.0,2,4,0,3,3,3,1.0,3.0,3.0,10.220263593380615,0.29286649011359384,235,9.988723404255317,0.08656389040431585
38,0,Travel_Rarely,Research & Development,3,4,Life Sciences,2589,Female,1,Sales Representative,Divorced,44900,2.0,21,1,10.0,1,5,0,3,3,4,2.0,4.0,4.0,7.61587962962963,0.2685281508609681,240,9.986180555555556,0.07161784731907643
49,0,Travel_Frequently,Sales,11,4,Life Sciences,2590,Male,2,Research Scientist,Married,35060,3.0,11,1,28.0,4,5,4,3,2,3,2.0,4.0,3.0,6.336143790849673,0.3048127947021342,238,9.982422969187676,0.0726679441115406
42,0,Travel_Rarely,Sales,1,3,Life Sciences,2591,Female,1,Sales Executive,Divorced,23720,3.0,12,1,14.0,3,0,0,0,3,3,2.0,4.0,3.0,8.703656028368794,0.30727681996118206,235,9.99063829787234,0.06391245883089863
27,1,Travel_Frequently,Sales,8,1,Life Sciences,2592,Male,4,Laboratory Technician,Married,102310,1.0,13,1,1.0,2,1,0,0,3,3,1.0,2.0,3.0,6.4536290708812265,0.30130446870190797,232,9.980387931034482,0.06584145539964499
35,0,Travel_Rarely,Research & Development,25,1,Medical,2593,Male,1,Sales Executive,Married,54100,0.0,18,0,6.0,4,5,0,4,3,3,2.0,1.0,1.0,6.594681026365348,0.30351206632599875,236,9.973305084745762,0.06515905357214413
28,0,Non-Travel,Research & Development,21,1,Medical,2594,Male,3,Research Scientist,Single,79780,1.0,16,2,5.0,2,5,1,4,3,3,3.0,3.0,2.0,6.666081999029597,0.3129777577572257,229,9.997307132459971,0.0800475412208347
31,0,Non-Travel,Sales,23,1,Medical,2595,Male,1,Sales Executive,Divorced,38670,1.0,11,1,4.0,4,4,2,3,4,3,3.0,1.0,4.0,9.782472565157748,0.2985978340897139,243,10.06207133058985,0.06949096275134428
36,0,Non-Travel,Research & Development,1,3,Life Sciences,2596,Male,2,Research Scientist,Married,28380,1.0,19,2,5.0,5,5,0,2,1,3,1.0,2.0,3.0,7.088763888888889,0.2951472600612257,240,9.99590277777778,0.08381043216333477
34,0,Travel_Rarely,Sales,2,3,Marketing,2597,Male,4,Healthcare Representative,Single,46950,1.0,16,1,14.0,2,14,2,1,3,3,1.0,4.0,2.0,5.997830459770115,0.2993204427110979,232,9.980100574712644,0.06787430441525273
34,0,Travel_Rarely,Research & Development,19,3,Technical Degree,2598,Female,1,Research Director,Divorced,33390,1.0,16,0,9.0,2,8,1,1,2,3,4.0,3.0,2.0,6.761289351851853,0.3145151362052506,240,9.987777777777778,0.07404339067100577
26,0,Travel_Rarely,Research & Development,2,2,Life Sciences,2599,Male,2,Research Scientist,Single,20800,0.0,13,0,8.0,6,7,7,6,4,3,3.0,1.0,2.0,6.794783406754772,0.3090762391082606,227,10.00389133627019,0.07157893995902265
29,0,Travel_Rarely,Research & Development,2,4,Other,2600,Male,2,Laboratory Technician,Married,20960,0.0,22,0,6.0,2,5,0,2,4,4,1.0,1.0,2.0,7.750866858237549,0.3227726627714543,232,10.016522988505745,0.07734726161450303
32,0,Non-Travel,Research & Development,3,1,Life Sciences,2601,Male,3,Manager,Divorced,62090,5.0,17,1,9.0,5,5,1,2,4,3,3.0,4.0,3.0,6.60344301382928,0.29471911531447403,233,9.976824034334763,0.09389303068422862
31,0,Travel_Frequently,Research & Development,25,5,Technical Degree,2602,Female,2,Human Resources,Married,180610,1.0,14,1,10.0,2,10,8,7,3,3,4.0,1.0,3.0,6.878268247326825,0.307981113583079,239,9.970571827057181,0.08003603952041075
28,1,Travel_Rarely,Sales,7,5,Life Sciences,2603,Female,2,Sales Representative,Divorced,171230,5.0,15,1,6.0,2,4,0,3,2,3,3.0,4.0,2.0,6.2911647591797815,0.31140596184934494,233,10.024320457796854,0.0721334562511304
38,0,Travel_Rarely,Research & Development,9,2,Technical Degree,2604,Male,3,Sales Representative,Single,23720,4.0,12,0,20.0,3,1,0,0,2,3,1.0,1.0,2.0,7.1801578822412155,0.32413769674620735,234,9.982336182336184,0.07928846255741819
35,0,Travel_Rarely,Research & Development,5,3,Life Sciences,2605,Male,2,Sales Representative,Married,48830,1.0,18,1,10.0,1,10,0,9,1,3,3.0,4.0,3.0,8.805177083333335,0.29625211291876774,240,9.952013888888889,0.07591526712381848
27,0,Travel_Rarely,Sales,2,3,Life Sciences,2606,Female,1,Manager,Single,39040,1.0,15,0,7.0,2,7,0,7,3,3,4.0,4.0,3.0,7.9143746993747,0.2944704103018739,231,10.041847041847044,0.08427744316874752
32,0,Travel_Rarely,Research & Development,8,1,Medical,2607,Female,2,Research Scientist,Single,46270,8.0,17,1,8.0,2,1,0,0,2,3,4.0,4.0,3.0,7.296955828779598,0.3074303685574698,244,10.017076502732241,0.080317618265908
31,1,Travel_Frequently,Research & Development,2,1,Other,2608,Male,3,Sales Executive,Married,70940,1.0,14,1,10.0,2,10,0,8,3,3,1.0,4.0,3.0,10.304995291902072,0.30611735690824043,236,9.986440677966101,0.07755767920823803
53,1,Travel_Rarely,Research & Development,18,3,Medical,2609,Male,1,Research Scientist,Single,34230,6.0,15,1,15.0,4,2,2,2,3,3,1.0,1.0,2.0,10.803005910165485,0.2893931517498,235,10.014397163120567,0.08370327938413043
54,0,Travel_Rarely,Research & Development,14,3,Other,2610,Male,3,Research Scientist,Married,66740,3.0,17,1,9.0,2,4,2,3,3,3,1.0,3.0,2.0,7.91128699660359,0.2992823246366491,229,9.982678311499274,0.08041501740766278
33,0,Travel_Frequently,Research & Development,2,4,Medical,2611,Female,4,Sales Executive,Divorced,168800,1.0,14,3,9.0,2,9,2,8,3,3,4.0,3.0,3.0,7.88844228927203,0.3250457418312884,232,9.97837643678161,0.06550081583486754
43,0,Travel_Rarely,Research & Development,3,3,Medical,2612,Male,1,Research Scientist,Married,90940,1.0,12,1,10.0,0,10,0,9,3,3,1.0,3.0,3.0,7.4919927536231885,0.299050015417957,230,10.02304347826087,0.06559477248275423
38,0,Travel_Frequently,Research & Development,2,5,Medical,2613,Female,4,Sales Executive,Married,84460,0.0,14,0,7.0,3,6,1,2,2,3,4.0,2.0,3.0,8.016118084611808,0.31170756454922316,239,10.01534170153417,0.08209791029382477
55,0,Travel_Rarely,Sales,9,3,Marketing,2614,Male,2,Laboratory Technician,Married,119160,4.0,15,1,35.0,3,10,1,4,2,3,3.0,2.0,3.0,8.237924285044539,0.3069523112726163,237,9.995780590717299,0.07816244129776642
31,0,Travel_Rarely,Sales,6,3,Other,2615,Male,1,Manufacturing Director,Divorced,45340,1.0,13,0,1.0,2,1,0,0,3,3,4.0,4.0,3.0,10.80042699724518,0.2860755158790502,242,9.989118457300275,0.07796777659659584
39,0,Travel_Rarely,Research & Development,4,3,Life Sciences,2616,Male,2,Sales Executive,Single,98520,0.0,12,1,21.0,5,20,11,10,2,3,2.0,1.0,3.0,6.100789894833105,0.28056359945919557,243,10.001440329218106,0.0751207359793218
42,0,Non-Travel,Research & Development,10,4,Life Sciences,2617,Female,2,Research Scientist,Single,61510,1.0,13,1,20.0,3,20,3,7,3,3,4.0,3.0,3.0,6.5954124940391035,0.3279436233168371,233,9.99527896995708,0.08108154300889613
31,0,Non-Travel,Research & Development,14,2,Life Sciences,2618,Male,2,Healthcare Representative,Married,23020,4.0,14,0,13.0,3,11,4,8,3,3,3.0,3.0,4.0,6.112748665696263,0.2973285466197553,229,10.010480349344979,0.08462408599130049
54,0,Travel_Rarely,Research & Development,1,3,Medical,2619,Female,2,Human Resources,Single,23620,6.0,13,1,9.0,2,5,1,4,4,3,3.0,1.0,3.0,10.46367270531401,0.31179265284502977,230,9.995942028985507,0.07759627027825251
24,0,Travel_Rarely,Research & Development,5,4,Other,2620,Male,1,Manufacturing Director,Single,178610,1.0,11,2,4.0,5,4,1,2,1,3,2.0,3.0,2.0,6.87842056932966,0.27964498996990445,242,10.00309917355372,0.07821880155763591
23,0,Travel_Rarely,Research & Development,7,3,Life Sciences,2621,Male,2,Research Scientist,Single,191870,1.0,11,1,5.0,2,5,1,4,3,3,4.0,4.0,4.0,6.989227053140097,0.2785760322613138,230,9.985797101449277,0.08533111828365296
40,0,Travel_Frequently,Research & Development,21,3,Medical,2622,Female,3,Research Scientist,Married,197170,1.0,21,0,10.0,1,10,9,4,2,4,4.0,3.0,4.0,7.8108961352657005,0.2994974227130334,230,10.009057971014494,0.07559566377655424
40,0,Travel_Rarely,Research & Development,8,1,Medical,2623,Female,5,Research Scientist,Married,35440,3.0,18,3,15.0,3,11,5,10,2,3,2.0,2.0,3.0,6.205795297372061,0.27100622833756427,241,9.99792531120332,0.07019012217611814
25,0,Travel_Rarely,Sales,20,5,Medical,2624,Female,2,Laboratory Technician,Married,85000,4.0,12,0,6.0,2,2,1,2,3,3,3.0,2.0,3.0,6.186274717514125,0.28049475450722144,236,10.015324858757063,0.08623814460872697
30,0,Travel_Rarely,Human Resources,20,4,Life Sciences,2625,Male,2,Research Scientist,Married,46610,1.0,11,0,12.0,3,12,1,7,2,3,4.0,2.0,2.0,6.082886122637159,0.2924345751679048,241,10.015352697095436,0.08046933110496379
25,0,Travel_Rarely,Research & Development,7,2,Medical,2626,Male,5,Sales Executive,Divorced,41030,6.0,15,1,7.0,2,2,0,2,3,3,4.0,3.0,2.0,10.186044685990339,0.3034966137675704,230,9.990869565217391,0.07690559669219249
47,0,Travel_Rarely,Research & Development,1,4,Life Sciences,2627,Male,2,Sales Executive,Single,42490,2.0,13,1,25.0,2,17,12,11,2,3,1.0,3.0,3.0,7.804060283687942,0.3066526716164745,235,9.991063829787233,0.0780798225940071
33,0,Non-Travel,Research & Development,1,3,Life Sciences,2628,Male,2,Research Scientist,Divorced,140260,1.0,12,0,1.0,4,1,0,0,3,3,2.0,3.0,2.0,6.20551536643026,0.3396875829610236,235,10.0,0.08712725546058869
38,0,Travel_Rarely,Research & Development,19,3,Life Sciences,2629,Female,2,Sales Executive,Married,68930,0.0,17,0,16.0,3,15,5,8,3,3,4.0,2.0,3.0,7.887488473951129,0.2875024275176313,241,9.97420470262794,0.08640937644075605
31,0,Travel_Rarely,Research & Development,10,4,Medical,2630,Female,3,Sales Executive,Married,61250,0.0,13,1,3.0,3,2,1,2,3,3,1.0,3.0,3.0,7.20173928077455,0.2993298888724653,241,10.031881051175658,0.07970737282926085
38,0,Travel_Frequently,Research & Development,1,4,Other,2631,Male,2,Research Scientist,Married,36690,2.0,19,0,10.0,2,8,7,7,3,3,1.0,3.0,3.0,6.505002286236854,0.32456537772028093,243,9.998971193415638,0.08232790871679752
42,0,Travel_Rarely,Research & Development,6,3,Medical,2632,Male,2,Laboratory Technician,Divorced,100080,6.0,19,1,9.0,3,4,1,2,1,3,4.0,1.0,2.0,9.820030473511489,0.29295390054830034,237,9.99099859353024,0.07074725658935055
41,0,Travel_Rarely,Sales,2,2,Medical,2633,Male,1,Healthcare Representative,Married,23870,3.0,17,1,12.0,1,5,1,0,1,3,4.0,4.0,3.0,7.692067510548523,0.2971110267743748,237,10.003727144866387,0.08019438286172907
47,0,Non-Travel,Research & Development,21,2,Medical,2634,Male,1,Sales Executive,Married,46390,0.0,11,1,14.0,2,13,5,12,2,3,3.0,2.0,1.0,7.175159752026706,0.29623630149837893,233,10.02525035765379,0.08807015975202669
35,0,Travel_Rarely,Research & Development,4,3,Life Sciences,2635,Male,2,Healthcare Representative,Married,78980,7.0,15,0,5.0,2,2,2,2,2,3,4.0,3.0,3.0,10.434484618916436,0.31329221694241133,242,10.027548209366392,0.08998022472937606
22,0,Travel_Rarely,Human Resources,12,1,Human Resources,2636,Male,2,Sales Executive,Single,25340,0.0,11,0,4.0,1,3,1,2,3,3,4.0,3.0,4.0,6.435723593964335,0.2905743122224096,243,10.03662551440329,0.07672694963099005
35,0,Travel_Rarely,Research & Development,9,3,Medical,2637,Female,2,Sales Executive,Single,131420,1.0,25,2,10.0,4,10,0,8,3,4,2.0,3.0,3.0,8.021547281323876,0.3004723568386353,235,9.997021276595746,0.08233676830130734
33,0,Travel_Rarely,Sales,3,4,Medical,2638,Male,3,Healthcare Representative,Married,16110,0.0,14,0,10.0,2,9,8,1,2,3,2.0,4.0,3.0,9.09485935302391,0.3191363900099806,237,9.997327707454291,0.08369339356520213
32,0,Travel_Rarely,Research & Development,3,2,Technical Degree,2639,Male,3,Manufacturing Director,Single,53630,1.0,13,0,6.0,4,6,4,1,3,3,3.0,2.0,3.0,7.001826878745966,0.2636103286280703,241,10.02607192254495,0.07527922813892725
40,0,Travel_Rarely,Research & Development,1,4,Medical,2640,Male,2,Research Director,Married,50710,8.0,17,1,8.0,3,1,0,0,2,3,1.0,4.0,2.0,6.184851394604481,0.30154127345089815,243,9.980932784636488,0.07413677553688784
32,0,Travel_Rarely,Research & Development,1,2,Medical,2641,Male,3,Sales Executive,Married,136950,0.0,13,0,3.0,3,2,2,2,3,3,2.0,2.0,3.0,6.001692028985507,0.30978375839816447,230,10.002028985507248,0.07956646203826767
39,0,Travel_Rarely,Research & Development,4,4,Life Sciences,2642,Male,1,Sales Executive,Single,134020,7.0,14,1,18.0,1,7,1,7,3,3,1.0,4.0,3.0,8.016600694444444,0.29561578295625357,240,9.987708333333334,0.07218091875871682
38,0,Travel_Rarely,Sales,20,4,Medical,2643,Female,2,Research Director,Married,20290,3.0,11,1,20.0,3,18,1,11,2,3,2.0,3.0,3.0,8.024595410628018,0.29709761105259513,230,9.997536231884057,0.07887551420796145
32,0,Travel_Rarely,Research & Development,18,3,Life Sciences,2644,Male,2,Manager,Married,63770,1.0,12,2,14.0,3,14,5,7,3,3,3.0,4.0,3.0,7.8913028007346195,0.28451944265933343,242,10.00241046831956,0.08384040804118134
37,0,Travel_Rarely,Research & Development,1,3,Life Sciences,2645,Female,4,Sales Executive,Married,54290,1.0,17,1,16.0,3,16,6,8,3,3,3.0,4.0,3.0,9.417802185030217,0.3206658282558594,239,9.975523012552303,0.07088178646632992
25,0,Travel_Rarely,Research & Development,2,4,Medical,2646,Female,2,Manufacturing Director,Divorced,27850,0.0,21,0,6.0,2,5,0,4,3,4,1.0,3.0,2.0,8.030438218390804,0.29444798193411237,232,9.993821839080459,0.07656820669751707
52,0,Non-Travel,Research & Development,2,4,Other,2647,Male,1,Manager,Divorced,46140,2.0,16,1,16.0,3,9,0,0,3,3,1.0,4.0,2.0,6.812064471879286,0.3013827632800277,243,9.99883401920439,0.08168481485260388
44,0,Travel_Rarely,Research & Development,8,1,Life Sciences,2648,Female,1,Sales Representative,Single,26100,6.0,15,0,6.0,2,4,1,2,3,3,2.0,4.0,3.0,10.769022131887986,0.31118891934692217,246,9.983062330623305,0.07052827092896785
21,0,Travel_Rarely,Sales,10,5,Medical,2649,Male,3,Research Scientist,Single,66870,1.0,19,3,2.0,0,2,1,2,3,3,3.0,1.0,3.0,8.209698275862069,0.290814364479065,232,9.979597701149425,0.08966371431888671
39,0,Non-Travel,Research & Development,3,4,Life Sciences,2650,Female,2,Research Director,Single,47240,2.0,12,1,21.0,4,6,1,3,4,3,4.0,4.0,2.0,6.314996312684366,0.30587505796278475,226,9.997050147492624,0.06956409920244742
23,1,Travel_Frequently,Research & Development,2,4,Life Sciences,2651,Female,2,Manufacturing Director,Married,61790,1.0,11,0,1.0,3,1,1,0,3,3,4.0,1.0,2.0,7.9576430615164515,0.2995844769155161,233,9.96173104434907,0.08028324535872268
36,0,Travel_Rarely,Research & Development,24,3,Life Sciences,2652,Female,2,Laboratory Technician,Married,61200,0.0,19,0,10.0,2,9,3,4,3,3,1.0,4.0,3.0,7.830423338185346,0.3007366546315399,229,9.992940320232895,0.07494872400555008
36,0,Travel_Frequently,Research & Development,16,1,Medical,2653,Male,2,Sales Executive,Divorced,105960,7.0,15,0,18.0,3,4,0,2,2,3,4.0,2.0,3.0,7.825021008403361,0.31716856402307414,238,10.00294117647059,0.08092427125561907
56,0,Non-Travel,Research & Development,8,1,Life Sciences,2654,Male,1,Sales Executive,Divorced,54670,1.0,20,0,13.0,6,13,1,9,2,4,3.0,3.0,2.0,6.620111585944919,0.2962802070367553,234,9.99928774928775,0.07985404464660546
29,1,Travel_Rarely,Research & Development,9,4,Medical,2655,Male,2,Sales Representative,Married,29960,9.0,25,0,4.0,4,2,2,2,3,4,1.0,4.0,4.0,10.876961134954698,0.3023584564077295,233,9.977253218884119,0.07880985562297518
42,0,Travel_Rarely,Research & Development,17,1,Life Sciences,2656,Male,3,Research Scientist,Married,99980,5.0,24,2,24.0,3,22,4,14,2,4,1.0,3.0,2.0,7.3782815442561205,0.3103476721874904,236,10.011158192090395,0.0794541611571903
56,1,Travel_Rarely,Sales,10,4,Other,2657,Male,2,Sales Executive,Married,40780,8.0,24,1,14.0,3,10,9,8,3,4,4.0,3.0,1.0,6.812821327683616,0.2644911934456065,236,9.987570621468926,0.07775265456585331
41,0,Travel_Rarely,Research & Development,13,4,Life Sciences,2658,Female,1,Healthcare Representative,Married,109200,0.0,15,1,21.0,3,20,0,10,4,3,1.0,2.0,3.0,7.812496468926554,0.27713432031278146,236,9.988064971751413,0.07411108606803696
34,0,Travel_Rarely,Sales,1,3,Medical,2659,Female,1,Laboratory Technician,Married,62320,1.0,13,1,8.0,3,8,1,7,3,3,4.0,3.0,3.0,7.357590187590187,0.3035434799267405,231,10.016522366522366,0.0747197858502206
36,0,Non-Travel,Sales,1,1,Medical,2660,Female,1,Human Resources,Divorced,132470,1.0,14,0,15.0,3,15,11,11,3,3,4.0,4.0,2.0,7.69374655647383,0.2831442546038077,242,10.011501377410468,0.08203752443331849
41,0,Travel_Rarely,Research & Development,1,5,Medical,2661,Male,1,Healthcare Representative,Divorced,40810,2.0,13,0,14.0,3,5,0,4,3,3,3.0,2.0,3.0,7.083069561157797,0.34490716814776207,238,9.985504201680673,0.06655058858986634
32,0,Travel_Rarely,Sales,9,4,Life Sciences,2662,Female,2,Research Scientist,Single,57690,1.0,11,0,4.0,3,4,1,2,3,3,4.0,1.0,3.0,6.697839896858884,0.31287711977471344,237,9.998241912798873,0.07587142522269107
35,0,Travel_Rarely,Research & Development,16,3,Medical,2663,Female,2,Healthcare Representative,Single,23940,1.0,16,1,9.0,3,9,1,7,3,3,3.0,4.0,3.0,10.486130705394192,0.28852829714582184,241,9.994951590594745,0.08701260181343178
38,0,Travel_Rarely,Research & Development,23,3,Medical,2664,Male,3,Sales Representative,Married,39040,1.0,22,0,10.0,3,10,1,9,2,4,1.0,4.0,3.0,6.913981102003643,0.2891651101714844,244,9.983674863387977,0.08634076079216234
50,1,Travel_Frequently,Sales,4,2,Life Sciences,2665,Female,2,Laboratory Technician,Divorced,167990,7.0,14,1,12.0,2,6,0,1,2,3,2.0,3.0,3.0,7.196671394799055,0.27869439219042647,235,10.007375886524821,0.0736775575357136
36,0,Travel_Rarely,Research & Development,22,4,Life Sciences,2666,Male,1,Healthcare Representative,Married,29500,4.0,14,0,8.0,1,6,0,0,2,3,2.0,4.0,2.0,6.297541666666666,0.28705843122731106,240,9.988541666666666,0.07817708333333326
45,0,Travel_Rarely,Sales,24,3,Life Sciences,2667,Male,1,Laboratory Technician,Single,36290,8.0,16,1,8.0,2,5,0,1,4,3,4.0,3.0,3.0,6.082725321888412,0.29699809472800714,233,10.009298998569387,0.0718576003486097
40,0,Travel_Rarely,Sales,10,4,Life Sciences,2668,Male,1,Research Scientist,Single,93620,2.0,11,1,8.0,6,2,2,2,3,3,3.0,3.0,3.0,6.21671196948021,0.2889086334862262,233,10.012804005722462,0.08182649063522601
35,0,Travel_Frequently,Sales,7,2,Life Sciences,2669,Male,2,Manufacturing Director,Married,32290,1.0,25,0,10.0,2,10,0,2,2,4,3.0,3.0,4.0,8.381166666666669,0.28392262172197674,245,9.97278911564626,0.07343686108323114
40,0,Travel_Rarely,Research & Development,17,4,Life Sciences,2670,Male,1,Manager,Married,35780,2.0,14,1,20.0,2,5,0,2,3,3,3.0,3.0,3.0,7.506722222222223,0.30132062976225044,230,9.99623188405797,0.0787266417737274
35,0,Travel_Rarely,Human Resources,14,1,Life Sciences,2671,Male,2,Research Scientist,Married,79880,1.0,18,0,4.0,3,4,1,1,3,3,3.0,4.0,3.0,6.899807504873293,0.3008862205427572,228,9.996125730994153,0.06746779224738299
29,0,Travel_Rarely,Research & Development,1,3,Medical,2672,Male,3,Sales Executive,Married,42840,4.0,11,0,10.0,5,4,0,3,2,3,4.0,2.0,3.0,9.795089869281046,0.32467179428436205,238,10.007703081232492,0.07220482848554328
29,0,Travel_Rarely,Research & Development,5,3,Medical,2673,Male,2,Sales Representative,Single,75530,1.0,19,0,5.0,3,5,0,4,3,3,4.0,1.0,1.0,6.116676499508358,0.29256737450912984,226,9.964601769911505,0.08192658144870538
50,1,Travel_Rarely,Research & Development,17,3,Medical,2674,Male,1,Research Scientist,Divorced,173280,4.0,15,2,20.0,1,3,2,0,3,3,4.0,1.0,3.0,9.596655982905983,0.3088947610954792,234,9.969159544159544,0.07179752617699688
39,0,Travel_Rarely,Sales,25,3,Medical,2675,Male,2,Sales Executive,Married,197010,0.0,11,0,21.0,3,20,9,6,4,3,2.0,4.0,2.0,7.494827134000953,0.29636306786722344,233,10.006866952789702,0.08129603250949632
31,0,Non-Travel,Research & Development,8,4,Life Sciences,2676,Female,4,Sales Executive,Single,147320,0.0,12,0,10.0,3,9,1,7,3,3,2.0,1.0,3.0,7.26115721040189,0.2861290392872595,235,9.973758865248227,0.07189155604049213
26,0,Travel_Rarely,Research & Development,11,4,Medical,2677,Male,2,Manager,Single,92780,0.0,20,0,5.0,3,4,0,0,3,4,4.0,3.0,3.0,7.523019005847954,0.30620381443366873,228,9.991959064327483,0.07383373693656557
36,0,Travel_Frequently,Research & Development,5,1,Technical Degree,2678,Male,1,Sales Executive,Married,13590,4.0,12,0,17.0,2,5,0,3,3,3,3.0,4.0,3.0,7.697297358834244,0.28739609061464433,244,9.986133879781422,0.07593748360280936
39,0,Travel_Rarely,Research & Development,2,1,Medical,2679,Female,1,Research Scientist,Married,47790,4.0,14,2,9.0,3,7,1,7,3,3,4.0,1.0,3.0,5.987375910746812,0.3236006047046166,244,9.963592896174864,0.0794292419063467
27,0,Travel_Rarely,Research & Development,8,2,Medical,2680,Male,1,Laboratory Technician,Married,164220,1.0,20,1,6.0,3,6,0,3,3,4,2.0,2.0,3.0,9.295790330079033,0.2760372543657645,239,9.984728033472804,0.07296490004648998
49,0,Travel_Frequently,Research & Development,6,1,Medical,2681,Male,3,Healthcare Representative,Married,29960,2.0,18,1,17.0,2,9,0,8,2,3,4.0,2.0,2.0,6.415900997150998,0.30111806675659114,234,9.987749287749287,0.09722409710249483
34,0,Travel_Rarely,Sales,4,3,Medical,2682,Female,1,Sales Executive,Married,12610,2.0,14,1,6.0,6,4,1,2,3,3,2.0,3.0,4.0,6.470493025493026,0.304722446975624,231,9.982178932178932,0.06843344417257471
41,1,Travel_Rarely,Research & Development,7,2,Life Sciences,2683,Female,1,Research Scientist,Single,20990,8.0,12,1,8.0,2,6,0,5,3,3,2.0,4.0,1.0,8.594232301922176,0.3140292862853442,237,9.9915611814346,0.07099251472025558
49,0,Travel_Frequently,Sales,1,4,Life Sciences,2684,Female,2,Manufacturing Director,Married,58100,1.0,21,1,10.0,2,10,1,7,3,4,3.0,2.0,3.0,6.697707115009746,0.29764468037573544,228,9.983040935672514,0.07505620389691799
37,1,Travel_Rarely,Research & Development,2,3,Life Sciences,2685,Male,1,Sales Executive,Single,56470,6.0,19,0,7.0,2,0,0,0,3,3,4.0,3.0,3.0,8.492027417027417,0.3419310484851388,231,9.980447330447332,0.08667037873559602
33,0,Travel_Frequently,Research & Development,10,2,Medical,2686,Male,2,Research Scientist,Married,34200,1.0,14,0,8.0,3,8,3,0,3,3,4.0,3.0,3.0,9.51720177970178,0.2731772730549288,231,9.970995670995672,0.0664570236526758
27,0,Travel_Rarely,Sales,5,4,Medical,2687,Female,4,Manufacturing Director,Married,44000,9.0,17,1,6.0,3,2,2,2,2,3,1.0,2.0,3.0,6.3870397153351695,0.30137746010770416,242,10.004063360881544,0.07097120297657833
32,0,Travel_Frequently,Research & Development,9,2,Medical,2688,Female,2,Research Scientist,Single,35000,0.0,16,1,8.0,2,7,3,6,2,3,4.0,4.0,2.0,7.246658462259728,0.29960489103701604,237,9.969409282700422,0.06759249326563206
59,0,Travel_Rarely,Sales,2,2,Marketing,2689,Female,5,Sales Representative,Married,20660,4.0,12,1,12.0,3,1,0,0,3,3,3.0,1.0,2.0,9.9697350069735,0.287109446684073,239,9.991492329149233,0.07777978974016385
30,0,Travel_Rarely,Research & Development,11,4,Medical,2690,Male,2,Laboratory Technician,Divorced,171690,1.0,17,2,1.0,2,1,0,0,3,3,4.0,3.0,3.0,6.396685660018993,0.3021223162630081,234,9.973290598290598,0.08081788085543455
38,0,Travel_Frequently,Sales,18,4,Life Sciences,2691,Male,2,Healthcare Representative,Single,41620,0.0,15,1,10.0,1,9,1,8,3,3,4.0,3.0,3.0,7.990215537113878,0.3149017397186934,241,9.997095435684647,0.07829013946519134
36,0,Travel_Rarely,Research & Development,7,3,Life Sciences,2692,Male,1,Sales Executive,Married,92040,6.0,23,1,17.0,2,7,7,7,3,4,3.0,3.0,2.0,7.820515173764072,0.30673035431320217,227,9.954478707782673,0.08321117002152825
35,0,Travel_Rarely,Human Resources,3,4,Human Resources,2693,Male,2,Manager,Married,32940,0.0,11,0,6.0,2,5,0,3,3,3,1.0,2.0,3.0,7.497904896421845,0.2737226972279825,236,10.021115819209038,0.07621534539407787
29,0,Travel_Rarely,Sales,29,4,Life Sciences,2694,Male,2,Laboratory Technician,Single,21270,0.0,11,1,10.0,3,9,0,8,2,3,4.0,3.0,3.0,10.72930316091954,0.32168737746462067,232,9.95912356321839,0.08760639544044713
31,0,Travel_Rarely,Research & Development,2,2,Medical,2695,Male,2,Laboratory Technician,Divorced,39750,1.0,15,1,5.0,3,5,4,3,3,3,1.0,3.0,2.0,6.335467224546722,0.2845489029948251,239,9.97635983263598,0.07518225839847796
34,0,Travel_Rarely,Research & Development,28,3,Technical Degree,2696,Male,1,Laboratory Technician,Divorced,107930,0.0,11,3,3.0,1,2,1,2,2,3,2.0,4.0,3.0,7.589471982758622,0.301741118833827,232,9.973706896551722,0.08474339038994218
29,0,Travel_Rarely,Research & Development,16,2,Life Sciences,2698,Female,4,Laboratory Technician,Divorced,36460,1.0,14,0,10.0,3,10,8,8,4,3,2.0,1.0,3.0,8.0110807860262,0.30043400841983964,229,10.015065502183406,0.07861340943333585
32,0,Travel_Rarely,Human Resources,22,3,Human Resources,2699,Female,2,Research Director,Divorced,74460,0.0,19,0,7.0,3,6,0,5,3,3,1.0,2.0,2.0,10.69983190271817,0.29492298146975393,233,9.981044349070102,0.0758663854767895
22,0,Non-Travel,Research & Development,8,3,Life Sciences,2700,Female,3,Sales Executive,Divorced,108510,1.0,16,1,1.0,2,1,0,0,4,3,4.0,4.0,2.0,9.987742486338798,0.30395874120668565,244,9.993784153005464,0.0777721324593163
53,0,Travel_Rarely,Research & Development,11,3,Medical,2701,Male,2,Manager,Married,21090,2.0,13,0,31.0,3,25,3,7,3,3,1.0,4.0,3.0,8.013222455648927,0.2936837320777313,238,9.990966386554621,0.06582170631965864
38,0,Travel_Rarely,Research & Development,29,3,Life Sciences,2702,Female,1,Manufacturing Director,Single,37220,5.0,14,0,6.0,0,3,1,2,3,3,4.0,4.0,3.0,9.679868113912232,0.2733685865142652,238,10.000280112044818,0.06769331079829952
24,0,Non-Travel,Research & Development,1,5,Life Sciences,2703,Male,3,Research Scientist,Divorced,93800,0.0,16,0,5.0,2,4,1,3,2,3,1.0,3.0,2.0,6.901887706855792,0.3126316659397178,235,9.972624113475177,0.07259018811501082
36,1,Travel_Rarely,Research & Development,1,3,Life Sciences,2704,Male,1,Research Director,Single,54860,7.0,12,1,10.0,2,5,0,3,3,3,3.0,1.0,3.0,6.500812621832359,0.30048817700884656,228,9.979751461988304,0.07065157770220945
34,0,Travel_Rarely,Sales,24,3,Marketing,2705,Male,4,Research Scientist,Single,27420,0.0,11,1,13.0,2,12,2,11,3,3,1.0,2.0,3.0,6.120792349726776,0.310593334798349,244,9.982650273224042,0.07512756077267307
21,0,Travel_Rarely,Sales,2,3,Life Sciences,2706,Male,2,Manufacturing Director,Single,137570,1.0,12,1,0.0,3,0,0,0,3,3,3.0,4.0,3.0,5.9806673881673875,0.2899721130408901,231,9.993290043290042,0.08919753434970831
34,1,Travel_Rarely,Sales,15,2,Marketing,2707,Female,2,Research Scientist,Single,84630,2.0,13,0,8.0,2,4,1,3,1,3,2.0,1.0,3.0,7.7862403628117915,0.2999929031297614,245,10.005102040816325,0.07568082970893272
53,0,Travel_Rarely,Sales,2,1,Life Sciences,2708,Male,5,Human Resources,Divorced,31620,4.0,15,0,26.0,4,14,4,8,3,3,3.0,3.0,2.0,7.499900875979714,0.29279401249835674,241,9.993775933609959,0.0714171181035808
32,1,Travel_Frequently,Research & Development,10,3,Medical,2709,Female,2,Manufacturing Director,Single,165980,1.0,13,0,10.0,2,10,6,7,3,3,2.0,1.0,3.0,9.491586648376773,0.3104715041938567,243,9.974279835390947,0.07871246131347133
42,0,Travel_Rarely,Research & Development,10,3,Technical Degree,2710,Male,2,Laboratory Technician,Married,66510,0.0,20,0,10.0,5,9,4,2,2,4,3.0,2.0,3.0,6.884506172839506,0.3249954953877796,234,9.996652421652422,0.0694176917370766
44,0,Travel_Rarely,Research & Development,3,1,Life Sciences,2711,Female,1,Manufacturing Director,Married,23450,3.0,15,2,24.0,0,22,5,17,3,3,1.0,4.0,3.0,7.094737394957984,0.2991303868679366,238,9.963165266106444,0.06932899179362322
46,0,Travel_Rarely,Sales,2,3,Life Sciences,2712,Female,1,Research Scientist,Single,34200,3.0,13,2,22.0,3,2,2,1,1,3,2.0,1.0,2.0,8.01465541490858,0.31605740469881705,237,9.998241912798873,0.0799062651473615
33,0,Travel_Rarely,Sales,3,3,Medical,2713,Male,1,Manufacturing Director,Single,43730,4.0,14,0,7.0,3,1,0,0,3,3,3.0,4.0,3.0,6.460929038281979,0.3154604527195177,238,9.987184873949579,0.08917755498824001
44,0,Travel_Rarely,Human Resources,26,3,Life Sciences,2714,Male,5,Healthcare Representative,Married,47590,2.0,21,0,9.0,2,4,1,3,3,4,4.0,4.0,4.0,8.498006535947713,0.2827355682086419,238,9.980112044817927,0.06497082658661212
30,0,Travel_Rarely,Research & Development,1,4,Technical Degree,2715,Female,1,Research Scientist,Single,53010,1.0,16,1,10.0,3,10,1,8,3,3,4.0,3.0,3.0,6.09725321395776,0.29997124325765645,242,10.000619834710745,0.06692331176723855
39,1,Travel_Rarely,Human Resources,1,4,Medical,2716,Male,1,Sales Executive,Married,36730,3.0,14,1,19.0,3,1,0,0,3,3,4.0,4.0,4.0,6.489479458450046,0.2862171491916712,238,9.992086834733895,0.08041883349683043
24,1,Travel_Rarely,Human Resources,2,5,Human Resources,2717,Male,3,Sales Executive,Married,47680,2.0,11,1,6.0,2,2,2,0,2,3,2.0,4.0,2.0,9.689935720844813,0.3018958657380371,242,9.992424242424242,0.07284462886122639
43,0,Travel_Rarely,Sales,9,5,Technical Degree,2718,Female,1,Research Director,Divorced,12740,1.0,19,0,6.0,3,5,1,4,2,3,4.0,3.0,2.0,6.499559426229508,0.30103642647396084,244,9.968442622950821,0.06578101224073703
50,1,Travel_Rarely,Research & Development,12,4,Medical,2719,Male,1,Research Director,Married,49000,1.0,11,0,3.0,3,3,0,2,2,3,1.0,3.0,3.0,8.894330543933053,0.26568352960970415,239,9.976011157601116,0.08111912966023228
35,0,Travel_Rarely,Sales,2,4,Marketing,2720,Male,3,Manufacturing Director,Married,104660,1.0,13,0,2.0,1,2,2,2,3,3,4.0,4.0,3.0,7.1040713276836165,0.29217795622396875,236,9.980225988700564,0.07374207637135873
36,0,Travel_Rarely,Research & Development,25,1,Life Sciences,2721,Female,4,Sales Executive,Married,170070,9.0,12,1,6.0,2,1,0,0,2,3,2.0,1.0,4.0,9.130807971014494,0.31645244328864225,230,9.971231884057971,0.06346645254519744
33,0,Travel_Frequently,Sales,9,2,Marketing,2722,Male,4,Human Resources,Married,29090,2.0,11,0,10.0,2,5,1,3,2,3,3.0,1.0,3.0,6.599109929078015,0.2979901603784218,235,9.986028368794326,0.08045566870744182
35,0,Travel_Rarely,Research & Development,10,1,Medical,2723,Male,1,Research Scientist,Divorced,57650,1.0,14,1,1.0,2,1,0,0,3,3,3.0,4.0,3.0,6.1866900093370685,0.3237804042388582,238,10.029411764705882,0.07254433137530686
27,0,Travel_Rarely,Sales,8,2,Marketing,2724,Female,3,Research Scientist,Divorced,45990,1.0,15,1,1.0,3,1,0,0,2,3,4.0,1.0,3.0,7.5895013947001395,0.29874524648616196,239,9.987168758716876,0.06830105403388695
26,1,Travel_Rarely,Sales,4,3,Marketing,2725,Male,2,Manager,Single,24040,1.0,12,0,1.0,6,1,0,1,3,3,1.0,3.0,2.0,7.700121671258035,0.31312689263221416,242,10.019077134986226,0.07658130246257377
27,0,Travel_Frequently,Sales,24,3,Life Sciences,2726,Male,4,Healthcare Representative,Single,31720,1.0,20,1,9.0,1,9,1,7,3,4,4.0,3.0,3.0,6.773530543530543,0.29551437272505693,231,9.974747474747476,0.08802378861074518
30,0,Travel_Frequently,Research & Development,1,4,Medical,2727,Male,1,Research Scientist,Single,20330,1.0,14,1,12.0,3,12,3,7,1,3,3.0,4.0,3.0,6.813341335162323,0.2900156663006533,243,9.99835390946502,0.07349131041050236
41,1,Travel_Rarely,Sales,20,4,Marketing,2728,Male,2,Sales Executive,Married,102090,1.0,13,1,23.0,2,22,15,8,3,3,2.0,3.0,3.0,6.006660855416086,0.29236945635452066,239,9.98410041841004,0.08504726158245723
34,0,Non-Travel,Research & Development,7,2,Technical Degree,2729,Female,1,Research Scientist,Single,86200,0.0,13,1,10.0,2,9,8,7,2,3,2.0,3.0,3.0,7.779143026004728,0.2892672573194235,235,9.98595744680851,0.0779786021700915
37,0,Travel_Rarely,Research & Development,17,3,Life Sciences,2730,Female,3,Sales Executive,Married,20640,4.0,16,0,8.0,3,1,0,0,2,3,2.0,2.0,3.0,6.083371980676328,0.3178244005264529,230,9.988188405797102,0.07488777609012087
46,0,Travel_Frequently,Research & Development,20,3,Technical Degree,2731,Male,3,Sales Executive,Single,40350,4.0,14,1,14.0,2,9,0,8,3,3,1.0,4.0,3.0,9.295620490620491,0.29462666370576973,231,9.957720057720056,0.07642685655729133
35,0,Travel_Rarely,Research & Development,8,4,Medical,2732,Female,3,Research Scientist,Married,38380,1.0,16,1,1.0,2,1,0,1,3,3,4.0,4.0,3.0,6.919921802054155,0.30266435944737413,238,9.985994397759105,0.07210024938245335
48,1,Travel_Rarely,Research & Development,2,4,Technical Degree,2733,Female,1,Sales Executive,Single,45910,9.0,16,0,23.0,6,1,0,0,1,3,1.0,3.0,3.0,9.309293684710351,0.306874676803042,234,10.0005698005698,0.06905785228388958
28,1,Travel_Rarely,Research & Development,10,1,Medical,2734,Male,1,Sales Executive,Single,25610,1.0,22,1,2.0,3,2,2,2,3,4,3.0,3.0,2.0,10.671643614568927,0.3253937698135365,241,9.999446749654219,0.08231450745351156
44,0,Travel_Rarely,Research & Development,1,1,Medical,2735,Female,3,Research Scientist,Divorced,15630,5.0,12,2,9.0,3,4,1,3,3,3,2.0,1.0,2.0,9.391213080168777,0.2960168176862335,237,9.996554149085794,0.07105328295469898
35,0,Non-Travel,Research & Development,5,4,Technical Degree,2736,Female,3,Manufacturing Director,Married,48980,2.0,15,2,10.0,2,4,2,3,3,3,3.0,1.0,3.0,9.484306742640076,0.30585187678766274,234,10.003490028490031,0.09128366632837306
26,0,Travel_Rarely,Research & Development,4,4,Life Sciences,2737,Female,3,Sales Executive,Married,47890,7.0,20,1,5.0,2,2,0,0,3,4,3.0,4.0,2.0,10.192182870370369,0.320296971054374,240,10.000208333333335,0.08468266213389139
33,0,Travel_Frequently,Sales,29,4,Life Sciences,2738,Female,1,Human Resources,Single,31800,1.0,14,1,15.0,2,15,8,12,3,3,1.0,4.0,3.0,8.223002267573696,0.2852527322404742,245,9.993197278911563,0.0672440615590498
35,0,Travel_Frequently,Research & Development,15,3,Medical,2739,Male,3,Manufacturing Director,Married,65490,1.0,20,0,9.0,3,9,1,8,3,4,2.0,1.0,2.0,6.477757246376812,0.2968262868552321,230,9.985869565217394,0.07955079319874264
35,0,Travel_Rarely,Human Resources,3,2,Life Sciences,2740,Female,1,Laboratory Technician,Married,63880,3.0,13,0,4.0,6,2,2,2,2,3,3.0,1.0,3.0,8.797342403628118,0.3072709353573963,245,9.960680272108844,0.0708838704880859
31,0,Travel_Rarely,Sales,10,2,Life Sciences,2741,Female,2,Research Scientist,Divorced,112440,3.0,12,1,10.0,3,7,1,7,3,3,4.0,4.0,2.0,6.079943710230054,0.30221320526705114,227,9.97459618208517,0.07404451418398238
37,0,Travel_Rarely,Sales,4,3,Marketing,2742,Male,4,Human Resources,Divorced,160320,1.0,13,0,7.0,2,7,0,7,3,3,1.0,3.0,4.0,7.4127754036087365,0.3047143360132402,234,9.98383190883191,0.07815068025547285
32,0,Travel_Rarely,Research & Development,21,3,Other,2743,Male,2,Sales Executive,Married,23620,1.0,11,0,9.0,2,9,7,8,3,3,1.0,4.0,3.0,8.112133190883192,0.29293742121995886,234,10.004629629629628,0.0812815265193663
38,0,Travel_Frequently,Research & Development,25,3,Medical,2744,Male,2,Manufacturing Director,Single,163280,1.0,17,3,10.0,2,10,9,9,3,3,4.0,4.0,3.0,6.184593079922028,0.3195705228645111,228,9.976608187134504,0.06600694712797647
50,0,Travel_Rarely,Sales,2,4,Marketing,2745,Female,4,Research Scientist,Divorced,83760,5.0,14,3,29.0,2,27,13,8,3,3,2.0,3.0,2.0,9.529191609977326,0.3106602371505257,245,10.011836734693878,0.08387343407308276
59,0,Travel_Rarely,Research & Development,1,3,Technical Degree,2746,Male,1,Laboratory Technician,Single,166060,7.0,11,0,28.0,6,21,7,9,3,3,1.0,1.0,2.0,6.903471064814815,0.3111525757695492,240,9.993055555555555,0.07064427398109399
36,0,Travel_Rarely,Sales,1,2,Marketing,2747,Female,2,Sales Executive,Divorced,86060,1.0,14,2,17.0,3,17,12,8,3,3,3.0,3.0,3.0,6.004394257703082,0.2867313458666887,238,9.966666666666667,0.07096108766994848
55,0,Travel_Rarely,Research & Development,7,3,Medical,2748,Male,3,Research Scientist,Divorced,22720,2.0,17,1,21.0,2,5,0,2,3,3,4.0,3.0,3.0,8.11756763285024,0.2859362806083721,230,9.969565217391304,0.07059563740691514
36,0,Travel_Frequently,Research & Development,3,3,Life Sciences,2749,Female,2,Laboratory Technician,Single,20180,1.0,13,0,6.0,5,6,0,3,3,3,2.0,2.0,3.0,7.211824074074074,0.2885090297863563,240,10.012847222222224,0.0899795395552456
45,0,Travel_Rarely,Research & Development,1,2,Medical,2750,Female,1,Sales Executive,Divorced,70830,2.0,12,1,25.0,5,1,0,0,3,3,2.0,1.0,3.0,6.77077147525677,0.28921525976047074,238,9.973039215686276,0.06814838945423457
35,0,Travel_Frequently,Human Resources,9,3,Other,2751,Female,2,Sales Representative,Married,40840,4.0,13,1,5.0,3,3,1,2,3,3,2.0,1.0,2.0,6.08270863137816,0.30343456413147957,233,9.993919885550785,0.08273945332412476
36,1,Travel_Rarely,Sales,7,2,Life Sciences,2752,Male,4,Laboratory Technician,Married,144110,0.0,18,3,2.0,2,1,0,0,4,3,4.0,3.0,2.0,8.87298726851852,0.2629400007314524,240,9.992430555555556,0.07407891194018286
59,0,Travel_Frequently,Research & Development,10,4,Life Sciences,2753,Male,3,Research Scientist,Single,23080,7.0,19,1,20.0,4,4,1,3,2,3,1.0,3.0,2.0,6.809138418079097,0.29521156013081645,236,9.9760593220339,0.07283929859358089
29,0,Travel_Rarely,Research & Development,28,4,Life Sciences,2754,Female,1,Sales Representative,Married,48410,0.0,11,0,6.0,3,5,0,4,3,3,3.0,2.0,3.0,7.797563131313131,0.28590435336639936,242,9.988911845730028,0.07682329233489178
31,0,Travel_Rarely,Research & Development,3,2,Medical,2755,Female,3,Sales Executive,Single,42850,1.0,21,1,1.0,2,1,1,0,1,4,3.0,2.0,3.0,6.30899930264993,0.31849140973589357,239,9.997698744769876,0.08914384163707323
32,0,Travel_Rarely,Sales,3,4,Life Sciences,2756,Male,2,Manufacturing Director,Married,97150,1.0,15,1,10.0,1,10,0,9,2,3,2.0,2.0,3.0,7.5021654846335695,0.299905254702576,235,9.979503546099291,0.07514196520579501
36,0,Travel_Rarely,Research & Development,2,3,Life Sciences,2757,Male,2,Sales Representative,Married,43200,3.0,17,0,5.0,2,1,0,0,3,3,2.0,4.0,3.0,7.192458804143127,0.32187109435626465,236,10.016313559322034,0.08783793625035066
31,0,Travel_Rarely,Research & Development,27,3,Medical,2758,Female,2,Research Director,Single,21320,1.0,18,0,11.0,3,11,1,8,3,3,3.0,4.0,3.0,6.103305898491084,0.3308964362833256,243,10.0159122085048,0.07999139354638797
35,0,Travel_Rarely,Research & Development,2,4,Medical,2759,Male,2,Healthcare Representative,Single,101240,0.0,14,1,16.0,2,15,2,8,4,3,3.0,1.0,3.0,6.036447626040137,0.2982581618190141,227,10.003157121879589,0.07936683213563256
45,0,Travel_Rarely,Human Resources,14,3,Human Resources,2760,Female,1,Sales Executive,Married,54730,4.0,13,0,17.0,3,0,0,0,1,3,4.0,1.0,4.0,8.942251334303736,0.30048733829282315,229,9.983915574963609,0.07883981545323766
37,0,Travel_Rarely,Research & Development,1,3,Life Sciences,2761,Female,3,Sales Executive,Single,52070,4.0,17,3,16.0,3,5,0,2,3,3,1.0,3.0,4.0,6.592121101364523,0.2950089821127644,228,10.00921052631579,0.08290059767627597
46,0,Travel_Rarely,Research & Development,9,3,Medical,2762,Male,3,Manager,Divorced,164370,8.0,15,1,16.0,0,4,0,2,3,3,2.0,2.0,3.0,10.291692894611352,0.30025532358310314,233,9.957439198855507,0.07689844276717143
30,0,Travel_Rarely,Sales,18,3,Life Sciences,2763,Male,4,Human Resources,Married,22960,1.0,18,1,10.0,2,10,3,0,3,3,4.0,4.0,2.0,9.193685666185665,0.2959468944447478,231,10.013564213564212,0.07256883535144408
35,0,Travel_Rarely,Research & Development,20,4,Life Sciences,2764,Female,3,Human Resources,Single,40690,1.0,13,0,6.0,5,6,0,4,3,3,2.0,3.0,3.0,7.903942768199234,0.2927905123031956,232,9.982183908045975,0.07956817767162591
55,0,Travel_Rarely,Research & Development,2,3,Life Sciences,2765,Female,2,Laboratory Technician,Married,74410,3.0,12,1,24.0,4,1,1,0,3,3,1.0,4.0,3.0,6.689085038986354,0.32143099627207244,228,10.008625730994153,0.08093848485629151
38,0,Non-Travel,Sales,11,1,Marketing,2766,Male,2,Laboratory Technician,Divorced,24300,7.0,13,2,17.0,2,13,1,9,4,3,2.0,4.0,3.0,8.799516203703702,0.30336012775361443,240,9.993263888888889,0.06585982779327446
34,0,Travel_Rarely,Research & Development,8,2,Medical,2767,Male,1,Research Scientist,Married,58780,1.0,14,0,5.0,1,5,1,3,3,3,1.0,2.0,3.0,7.969375917767987,0.31210668911509243,227,9.97790014684288,0.08106425350538639
56,0,Travel_Rarely,Human Resources,2,1,Medical,2768,Male,2,Sales Executive,Single,26440,4.0,11,1,37.0,2,6,0,2,3,3,4.0,4.0,2.0,6.303037974683544,0.3066765049252667,237,10.016596343178621,0.08010710426152388
23,0,Travel_Rarely,Research & Development,10,3,Medical,2769,Male,2,Laboratory Technician,Divorced,64390,3.0,22,3,3.0,2,0,0,0,3,4,3.0,1.0,3.0,6.400710514233242,0.31113076738957235,242,9.992630853994491,0.06993048649451881
51,0,Travel_Rarely,Research & Development,29,4,Life Sciences,2770,Female,5,Manufacturing Director,Married,24510,3.0,17,0,10.0,2,4,0,3,2,3,4.0,4.0,3.0,6.680548668503214,0.30752938473718666,242,10.025,0.0741407330567082
30,0,Travel_Rarely,Sales,8,2,Technical Degree,2771,Male,1,Sales Representative,Married,63920,1.0,21,1,11.0,2,11,10,8,4,4,3.0,4.0,3.0,7.580297291092746,0.2844733322793973,242,10.006267217630853,0.06945226024865776
46,1,Travel_Rarely,Sales,1,2,Medical,2772,Female,2,Research Scientist,Single,97140,1.0,22,0,9.0,0,9,4,7,3,4,3.0,4.0,3.0,6.212327423167848,0.29571250876179184,235,10.012056737588653,0.09281460265502821
40,0,Travel_Frequently,Research & Development,6,3,Medical,2773,Male,1,Healthcare Representative,Married,60770,1.0,16,2,22.0,2,22,11,11,2,3,3.0,2.0,2.0,7.393092592592593,0.28705884237046964,240,9.99611111111111,0.0888504571517125
51,0,Travel_Rarely,Research & Development,8,4,Life Sciences,2774,Female,5,Sales Representative,Single,24500,0.0,12,1,11.0,2,10,1,0,3,3,3.0,4.0,1.0,10.108070175438598,0.31065764167150506,247,10.006747638326587,0.06886349838532123
30,0,Travel_Rarely,Research & Development,9,3,Life Sciences,2775,Male,1,Manufacturing Director,Divorced,92500,1.0,12,3,11.0,0,11,2,7,3,3,3.0,2.0,2.0,8.085411301859798,0.28493996682923045,233,9.975178826895563,0.07803427104402012
46,0,Travel_Frequently,Research & Development,12,1,Medical,2776,Male,1,Laboratory Technician,Married,20740,2.0,15,1,21.0,3,10,9,5,3,3,3.0,1.0,2.0,9.029782559198543,0.29328959793830023,244,9.953483606557379,0.0797328991357275
32,0,Travel_Rarely,Sales,15,3,Marketing,2777,Male,1,Research Scientist,Single,101690,1.0,14,0,12.0,6,11,5,7,2,3,2.0,3.0,3.0,7.266001182033096,0.31547894387729886,235,9.991560283687944,0.060808096421571624
54,0,Travel_Rarely,Research & Development,25,1,Medical,2778,Female,1,Laboratory Technician,Married,48550,9.0,25,1,16.0,2,4,0,3,2,4,1.0,3.0,1.0,7.6289959981167605,0.28795670199619633,236,9.960381355932205,0.07197332912609686
24,0,Travel_Rarely,Sales,6,2,Marketing,2779,Male,2,Research Scientist,Married,40870,0.0,20,3,4.0,1,3,0,2,3,4,1.0,3.0,2.0,7.780240271917487,0.3115426230870963,237,9.970464135021096,0.07479248611409096
28,0,Non-Travel,Sales,9,4,Medical,2780,Male,2,Laboratory Technician,Married,23670,1.0,13,0,5.0,2,5,0,4,2,3,2.0,3.0,4.0,5.9836557971014495,0.28338365961404804,230,10.002028985507245,0.08337044068940784
58,0,Travel_Rarely,Research & Development,8,4,Life Sciences,2781,Male,2,Sales Executive,Single,29720,0.0,14,0,38.0,2,37,1,8,4,3,4.0,3.0,2.0,7.103534836065574,0.3006452772784791,244,9.995696721311475,0.08358565798646254
44,0,Non-Travel,Research & Development,23,2,Medical,2782,Female,1,Research Scientist,Married,195860,4.0,16,0,17.0,3,3,1,2,2,3,2.0,2.0,4.0,6.7090300925925925,0.3091063443779649,240,10.018263888888889,0.07279962323725388
37,1,Travel_Rarely,Human Resources,9,3,Human Resources,2783,Male,2,Healthcare Representative,Divorced,54840,4.0,17,0,7.0,4,3,0,2,3,3,3.0,1.0,3.0,10.150894557823129,0.2831114048439844,245,9.967891156462585,0.07879630868740937
32,0,Travel_Rarely,Human Resources,12,2,Human Resources,2784,Female,1,Sales Representative,Single,20610,1.0,15,1,1.0,2,1,0,0,2,3,4.0,1.0,3.0,7.9799502668607465,0.2972946590486465,229,9.953930131004366,0.08978224460958331
20,1,Travel_Frequently,Sales,4,4,Life Sciences,2785,Female,2,Healthcare Representative,Single,99240,1.0,22,0,1.0,3,1,1,0,3,4,4.0,4.0,3.0,10.725876251788268,0.30744582845233104,233,10.00092989985694,0.08751709132915665
34,0,Travel_Rarely,Research & Development,1,4,Other,2786,Male,4,Laboratory Technician,Single,41980,1.0,22,1,16.0,2,16,2,10,2,4,1.0,3.0,3.0,7.589314128943759,0.273444577021405,243,10.001165980795609,0.0700778359728978
37,0,Non-Travel,Sales,24,2,Life Sciences,2787,Male,1,Research Scientist,Divorced,68150,5.0,20,1,17.0,3,1,0,0,3,4,3.0,4.0,4.0,7.763286838340487,0.30069435843226044,233,9.996351931330471,0.07427662465262365
59,0,Non-Travel,Research & Development,12,2,Life Sciences,2788,Male,2,Sales Executive,Married,47230,9.0,14,0,30.0,0,3,2,2,3,3,3.0,4.0,3.0,7.192599290780142,0.28635185082379594,235,9.977517730496453,0.07603203612778081
50,0,Travel_Frequently,Research & Development,3,4,Medical,2789,Male,4,Research Scientist,Married,61420,3.0,13,2,28.0,3,8,0,7,2,3,1.0,2.0,2.0,9.614590643274855,0.3024877932150059,247,10.006815114709852,0.08273453071912636
25,1,Travel_Rarely,Sales,10,1,Marketing,2790,Male,2,Research Director,Single,82370,1.0,13,0,6.0,6,6,0,3,2,3,3.0,3.0,3.0,8.532735760971056,0.30189903135383617,238,9.998809523809523,0.07187504185921904
25,0,Travel_Rarely,Research & Development,26,3,Technical Degree,2791,Male,1,Laboratory Technician,Married,88530,1.0,22,1,2.0,3,2,2,1,3,4,4.0,4.0,3.0,7.701538647342994,0.30219675094717574,230,9.992173913043478,0.0763067527371685
22,0,Travel_Rarely,Research & Development,2,1,Life Sciences,2792,Male,1,Sales Representative,Single,193310,1.0,12,1,1.0,2,0,0,0,3,3,2.0,4.0,3.0,6.3118393719806765,0.32555726953483255,230,9.999130434782607,0.08294441280087761
51,0,Travel_Frequently,Research & Development,1,3,Life Sciences,2793,Female,1,Sales Executive,Single,20730,3.0,14,1,23.0,4,13,12,8,3,3,1.0,1.0,2.0,7.474746326905417,0.30225369219413056,242,9.990633608815426,0.07371089240195243
34,1,Travel_Frequently,Human Resources,4,4,Life Sciences,2794,Female,5,Sales Executive,Single,55620,1.0,15,0,9.0,3,9,0,6,3,3,1.0,3.0,3.0,8.195805795019156,0.31204416956454806,232,9.969899425287355,0.07733798887893718
54,0,Non-Travel,Research & Development,9,3,Life Sciences,2795,Male,1,Laboratory Technician,Single,196130,2.0,17,0,23.0,5,5,4,4,3,3,4.0,4.0,3.0,8.075190748688604,0.27854111121847136,233,10.008583690987125,0.07245234366007264
24,0,Travel_Rarely,Research & Development,2,1,Life Sciences,2796,Male,2,Laboratory Technician,Married,34070,0.0,13,1,6.0,4,5,1,2,3,3,2.0,3.0,3.0,6.530900673400674,0.27579006113005,231,9.98138528138528,0.06530899052638191
34,0,Travel_Rarely,Sales,4,3,Marketing,2797,Female,2,Sales Representative,Divorced,50630,6.0,12,1,12.0,2,1,0,0,3,3,3.0,2.0,3.0,6.0196475770925115,0.3037285475674406,227,9.967107195301029,0.0902997067474085
37,0,Travel_Rarely,Sales,6,1,Technical Degree,2798,Male,1,Laboratory Technician,Single,46390,2.0,12,2,12.0,3,5,1,3,3,3,3.0,4.0,3.0,6.219499029597283,0.3113071505787117,229,9.951892285298399,0.07754757314197663
34,0,Travel_Rarely,Sales,9,2,Medical,2799,Male,2,Healthcare Representative,Single,48760,2.0,21,1,14.0,3,11,5,8,3,4,3.0,1.0,3.0,7.892017224648229,0.30304688996806384,229,9.98551673944687,0.07977104028873738
36,0,Travel_Frequently,Human Resources,7,3,Medical,2800,Male,1,Research Scientist,Married,26900,0.0,11,0,10.0,1,9,2,8,3,3,2.0,4.0,3.0,8.026875283446712,0.30913375866955495,245,9.986938775510202,0.07083963421434146
36,0,Travel_Rarely,Research & Development,1,3,Medical,2801,Female,2,Manufacturing Director,Divorced,175670,5.0,13,0,7.0,6,1,0,0,3,3,1.0,4.0,3.0,7.506159003831419,0.2851107768283793,232,9.995761494252873,0.08948532430213456
43,0,Travel_Frequently,Research & Development,3,4,Life Sciences,2802,Male,1,Sales Executive,Married,24080,1.0,12,1,25.0,3,25,4,12,3,3,3.0,4.0,4.0,8.667025273224043,0.30653936598791104,244,10.006079234972677,0.07559732154234779
30,0,Travel_Frequently,Research & Development,10,3,Life Sciences,2803,Female,3,Healthcare Representative,Divorced,28140,1.0,24,0,10.0,2,10,0,9,3,4,1.0,3.0,2.0,7.911322081575246,0.30907726084027937,237,9.974753867791842,0.07465536524509912
33,0,Non-Travel,Sales,7,3,Life Sciences,2804,Male,2,Sales Executive,Married,112450,0.0,21,0,8.0,3,7,0,7,3,4,3.0,2.0,4.0,6.736566859066859,0.2811101499247766,231,9.990043290043289,0.08927482903569862
56,1,Travel_Rarely,Research & Development,15,3,Life Sciences,2805,Male,2,Laboratory Technician,Married,33120,9.0,19,0,7.0,1,5,4,3,1,3,2.0,2.0,3.0,9.003661723163841,0.3078324244428586,236,10.026694915254238,0.0833245382057138
51,0,Travel_Rarely,Research & Development,3,2,Other,2806,Female,2,Sales Representative,Single,190490,7.0,14,1,23.0,2,20,15,15,3,3,1.0,3.0,3.0,6.718495762711864,0.29046663029111547,236,9.994279661016952,0.06864680750891539
31,1,Travel_Rarely,Research & Development,2,4,Technical Degree,2807,Female,3,Sales Executive,Married,21410,4.0,20,0,12.0,2,7,7,7,3,4,2.0,3.0,2.0,8.396202908917502,0.2866154022268372,233,9.997854077253221,0.0809101261243484
26,0,Travel_Rarely,Sales,17,3,Medical,2808,Female,2,Manager,Married,57690,1.0,19,0,5.0,4,5,4,3,2,3,3.0,2.0,2.0,7.718274853801169,0.2970222266956699,228,9.990277777777777,0.08561847364986128
58,1,Travel_Rarely,Sales,2,2,Medical,2809,Female,1,Research Scientist,Married,43850,1.0,13,1,40.0,2,40,15,6,2,3,4.0,4.0,2.0,7.566837068160598,0.29153303618228044,238,9.987675070028011,0.0646622699712796
19,1,Travel_Rarely,Research & Development,5,2,Life Sciences,2810,Male,1,Manager,Single,53320,1.0,23,1,0.0,2,0,0,0,3,4,4.0,3.0,2.0,9.410347512784751,0.30212870884793874,239,9.997559274755927,0.08473141278826729
22,0,Travel_Rarely,Sales,29,4,Technical Degree,2811,Male,1,Sales Executive,Married,46630,0.0,13,1,3.0,1,2,2,1,3,3,3.0,4.0,3.0,6.39757696007696,0.31770346853190456,231,10.00108225108225,0.07908215697346135
49,0,Travel_Rarely,Research & Development,2,3,Life Sciences,2812,Female,1,Sales Executive,Married,47240,1.0,11,1,16.0,3,15,5,11,2,3,3.0,1.0,2.0,7.1968747044917265,0.3056368871011748,235,9.985886524822694,0.07953761289931499
43,0,Travel_Frequently,Sales,2,2,Life Sciences,2813,Male,1,Sales Executive,Single,32110,4.0,13,0,18.0,2,3,1,2,4,3,2.0,3.0,3.0,7.990022675736961,0.28478482494458285,245,9.998571428571429,0.08368078324225857
50,0,Travel_Frequently,Research & Development,19,4,Life Sciences,2814,Male,2,Sales Executive,Single,53770,4.0,14,1,16.0,3,2,2,1,4,3,3.0,4.0,3.0,7.084341339155749,0.29456483471158684,229,9.992576419213975,0.08030770916860328
31,1,Travel_Rarely,Research & Development,15,1,Medical,2815,Female,2,Sales Executive,Married,40660,3.0,22,0,4.0,2,2,2,2,2,4,2.0,3.0,3.0,8.386093749999999,0.2994077052016527,240,10.00409722222222,0.0809489723771889
41,0,Travel_Rarely,Research & Development,17,2,Other,2816,Male,1,Manufacturing Director,Divorced,52080,3.0,11,3,12.0,2,9,0,7,1,3,3.0,3.0,3.0,8.089008916323731,0.298972073262739,243,9.983813443072702,0.06941092556693007
26,0,Travel_Rarely,Research & Development,17,4,Life Sciences,2817,Male,2,Sales Executive,Married,48770,1.0,13,1,8.0,5,8,5,7,4,3,3.0,3.0,3.0,7.87903371320038,0.30819783890953495,234,10.004985754985757,0.0733322124809965
36,0,Travel_Rarely,Human Resources,25,1,Human Resources,2818,Male,2,Research Scientist,Divorced,31170,6.0,21,1,7.0,2,3,0,1,4,4,2.0,2.0,3.0,6.792215419501134,0.3084894119627783,245,9.995102040816327,0.0685073324411731
51,1,Travel_Frequently,Research & Development,6,3,Life Sciences,2819,Female,1,Manager,Single,15690,2.0,11,0,18.0,2,4,0,3,4,3,1.0,4.0,3.0,7.193490896358543,0.28927825041842703,238,9.970868347338936,0.08407744251005599
39,0,Travel_Rarely,Research & Development,7,3,Life Sciences,2820,Female,1,Research Scientist,Married,196580,4.0,13,1,17.0,3,15,5,9,4,3,4.0,3.0,4.0,7.933086158192089,0.2817325806927017,236,9.991313559322034,0.08194668329526791
25,0,Travel_Rarely,Sales,29,1,Medical,2821,Female,3,Research Scientist,Married,30690,2.0,14,1,6.0,3,2,2,2,2,3,1.0,3.0,3.0,7.785092208390964,0.3111530433484872,241,9.991977869986169,0.08055806247118492
30,0,Travel_Rarely,Research & Development,21,1,Medical,2822,Male,2,Laboratory Technician,Married,104350,0.0,11,0,12.0,5,11,4,7,3,3,3.0,4.0,1.0,10.030638039786512,0.27714826683486465,229,10.021615720524016,0.09693933706172259
32,1,Travel_Rarely,Research & Development,2,4,Life Sciences,2823,Female,2,Research Director,Single,41480,7.0,15,0,10.0,0,5,0,4,2,3,1.0,1.0,4.0,7.915311065197429,0.3228699588833951,242,9.96046831955923,0.07727815689905465
45,0,Travel_Rarely,Research & Development,2,1,Technical Degree,2824,Female,2,Healthcare Representative,Single,57680,5.0,23,1,9.0,4,6,0,3,3,4,3.0,4.0,2.0,7.409882478632478,0.3025575257290854,234,10.006623931623933,0.08513595429367962
38,0,Travel_Rarely,Research & Development,7,4,Life Sciences,2825,Female,2,Research Director,Single,50420,3.0,16,1,19.0,4,3,2,2,3,3,4.0,3.0,3.0,10.426072295002427,0.27689211728602864,229,9.972343522561864,0.0856303999931902
30,0,Travel_Rarely,Sales,13,3,Marketing,2826,Female,2,Laboratory Technician,Single,57700,1.0,16,1,5.0,2,5,0,4,4,3,1.0,3.0,2.0,6.6939449016918156,0.29628293559621677,243,9.993758573388202,0.07990463936030713
32,0,Travel_Frequently,Sales,2,3,Marketing,2827,Male,3,Laboratory Technician,Divorced,77560,0.0,21,0,9.0,3,8,0,7,3,4,4.0,4.0,4.0,6.489492544492544,0.3072120988984742,231,10.003607503607505,0.07555939310287134
30,0,Travel_Rarely,Research & Development,1,3,Medical,2828,Female,3,Sales Executive,Divorced,103060,5.0,13,0,8.0,5,3,2,2,3,3,4.0,1.0,3.0,6.674859903381643,0.31777689002327675,230,9.974927536231883,0.08196687973335019
30,0,Travel_Rarely,Sales,9,3,Medical,2829,Male,2,Research Scientist,Single,39360,0.0,11,1,6.0,3,5,1,2,3,3,2.0,4.0,3.0,6.430403608736942,0.2888050504600958,234,9.974928774928774,0.07068728627383858
41,0,Travel_Frequently,Sales,10,2,Medical,2830,Female,3,Manufacturing Director,Divorced,79450,4.0,12,1,21.0,6,7,7,7,2,3,4.0,1.0,2.0,7.281752955082743,0.31446745454563624,235,9.997446808510638,0.09200200036370235
41,0,Travel_Rarely,Research & Development,10,4,Medical,2831,Male,4,Research Scientist,Married,57430,2.0,12,3,7.0,2,5,1,4,4,3,3.0,1.0,3.0,7.996069739952718,0.3003277309861222,235,9.9922695035461,0.0723343335151846
19,0,Travel_Rarely,Research & Development,1,3,Other,2832,Female,5,Manufacturing Director,Single,152020,1.0,18,3,1.0,2,1,0,0,2,3,2.0,2.0,3.0,6.412936507936507,0.3022828422961915,238,10.013865546218486,0.07521012343052554
40,0,Travel_Frequently,Research & Development,26,4,Medical,2833,Male,2,Manufacturing Director,Divorced,54400,1.0,12,1,20.0,2,20,2,13,3,3,2.0,2.0,3.0,7.022685969868173,0.2879530898390207,236,10.040395480225989,0.08644400368634042
35,0,Travel_Rarely,Sales,8,1,Marketing,2834,Female,3,Laboratory Technician,Married,37600,1.0,14,3,10.0,2,10,0,6,3,3,3.0,2.0,3.0,7.35771513002364,0.31091825452566413,235,9.960283687943262,0.07757779192176344
53,0,Travel_Rarely,Sales,14,2,Life Sciences,2835,Female,5,Manufacturing Director,Married,35170,2.0,12,1,13.0,1,7,4,5,2,3,2.0,3.0,1.0,10.932706855791963,0.27613207697502734,235,9.986382978723405,0.07723543674607505
45,0,Travel_Rarely,Sales,1,4,Technical Degree,2836,Male,1,Research Scientist,Divorced,25800,8.0,17,3,20.0,3,17,0,15,3,3,2.0,2.0,1.0,6.843852157943067,0.27317024717769633,242,10.009986225895316,0.08470968169053801
32,0,Travel_Frequently,Sales,2,2,Life Sciences,2837,Female,1,Manufacturing Director,Single,21660,1.0,19,1,9.0,4,9,3,7,1,3,2.0,4.0,3.0,7.894804526748971,0.3020150810912321,243,9.998491083676269,0.07691231431411005
29,0,Non-Travel,Research & Development,10,4,Technical Degree,2838,Male,3,Healthcare Representative,Married,58690,1.0,11,1,10.0,6,10,0,9,4,3,4.0,3.0,3.0,6.118706018518519,0.2739999802894282,240,9.970486111111112,0.08252719181001082
51,0,Travel_Rarely,Research & Development,1,3,Other,2839,Female,3,Research Director,Married,80080,2.0,15,1,10.0,4,1,0,0,3,3,2.0,3.0,3.0,7.583658625730995,0.29391802026302477,228,10.00285087719298,0.0869583075714249
58,0,Travel_Rarely,Sales,3,3,Marketing,2840,Female,1,Research Scientist,Married,52060,4.0,11,3,9.0,4,1,0,0,1,3,2.0,2.0,2.0,9.953753472222221,0.3228066076759832,240,10.013402777777777,0.08509971621726337
40,0,Travel_Rarely,Research & Development,11,2,Technical Degree,2841,Male,4,Laboratory Technician,Married,52950,7.0,18,0,15.0,4,12,2,11,3,3,3.0,4.0,2.0,6.194080543425521,0.29223185920376055,229,9.987554585152838,0.07364682022864048
34,0,Travel_Frequently,Sales,24,4,Marketing,2842,Male,2,Manufacturing Director,Married,164130,6.0,16,0,6.0,1,4,1,2,3,3,3.0,3.0,3.0,7.026667884990253,0.3116189625266718,228,9.987500000000002,0.08293777533039644
22,0,Travel_Rarely,Research & Development,3,3,Medical,2843,Male,1,Laboratory Technician,Married,132690,1.0,25,1,2.0,2,2,2,2,3,4,3.0,4.0,3.0,7.703482552800734,0.30399133870243567,242,9.96370523415978,0.07654144710019854
27,0,Non-Travel,Research & Development,3,3,Medical,2844,Male,1,Healthcare Representative,Divorced,27830,6.0,16,1,6.0,2,2,2,2,4,3,4.0,2.0,1.0,6.2832463768115945,0.2995790381406716,230,10.02731884057971,0.0705641045925364
28,0,Travel_Rarely,Sales,4,4,Life Sciences,2845,Male,2,Healthcare Representative,Married,54330,1.0,13,1,5.0,4,5,0,2,2,3,3.0,4.0,1.0,6.489963042441583,0.2988607722225913,233,9.977896995708154,0.08043966750530315
57,0,Travel_Rarely,Research & Development,3,3,Life Sciences,2846,Male,2,Manufacturing Director,Divorced,20130,3.0,14,1,12.0,5,5,1,4,3,3,3.0,4.0,1.0,10.887184397163121,0.29486952913822856,235,9.978652482269505,0.07842291527752526
27,0,Non-Travel,Research & Development,2,3,Life Sciences,2847,Male,1,Manufacturing Director,Divorced,139660,1.0,19,0,1.0,1,1,0,1,3,3,3.0,3.0,2.0,10.613379818594105,0.3035070136419581,245,9.994285714285716,0.07359426229508194
50,0,Travel_Rarely,Research & Development,4,3,Life Sciences,2848,Female,2,Manufacturing Director,Single,43740,3.0,15,1,21.0,5,5,4,4,4,3,3.0,2.0,3.0,6.223148148148148,0.31706157311121885,243,9.99355281207133,0.07748121884766106
41,0,Travel_Rarely,Sales,7,4,Marketing,2849,Male,4,Laboratory Technician,Divorced,68420,4.0,12,1,13.0,3,9,1,8,3,3,1.0,3.0,3.0,6.183541666666667,0.2931508605050607,232,10.01264367816092,0.07964223515947663
30,0,Travel_Rarely,Human Resources,1,4,Human Resources,2850,Female,1,Manager,Married,174260,2.0,12,1,12.0,0,10,7,4,2,3,2.0,4.0,3.0,6.886836355183635,0.3135756303186269,239,9.987796373779636,0.07547019365626298
38,0,Travel_Rarely,Sales,1,1,Medical,2851,Male,2,Laboratory Technician,Single,176030,4.0,16,0,12.0,0,8,0,7,2,3,1.0,4.0,4.0,6.278257887517146,0.3099246930692882,243,9.984773662551442,0.08018731081862387
32,0,Travel_Rarely,Research & Development,20,3,Medical,2852,Female,1,Manufacturing Director,Single,45810,3.0,14,1,8.0,3,5,1,4,3,3,3.0,3.0,3.0,6.9309076510721255,0.3012989379697428,228,10.00124269005848,0.06206526242797392
27,0,Travel_Rarely,Research & Development,5,4,Medical,2853,Male,2,Healthcare Representative,Married,47350,0.0,13,0,6.0,2,5,1,1,3,3,3.0,2.0,2.0,8.924711761971176,0.3238314913941189,239,10.001464435146445,0.06851908824896769
19,1,Travel_Frequently,Research & Development,10,2,Life Sciences,2854,Male,2,Healthcare Representative,Single,41870,0.0,22,1,1.0,4,0,0,0,3,4,3.0,1.0,4.0,7.514374090247453,0.2928241231787958,229,9.966812227074236,0.07279724967440429
36,0,Travel_Frequently,Sales,25,3,Marketing,2855,Female,2,Research Director,Single,55050,4.0,21,2,13.0,3,8,7,2,3,4,4.0,2.0,2.0,7.428980696798494,0.2964271165092738,236,9.984322033898305,0.08241272989542008
30,0,Non-Travel,Sales,1,3,Medical,2856,Female,1,Sales Executive,Divorced,54700,1.0,18,1,12.0,2,12,6,10,3,3,3.0,1.0,3.0,6.828885445362718,0.29190480901420013,242,10.001239669421489,0.08087443655719774
45,0,Travel_Rarely,Research & Development,24,2,Medical,2857,Male,2,Sales Executive,Divorced,54760,4.0,13,1,9.0,3,5,0,3,3,3,3.0,1.0,4.0,8.11569214876033,0.28654589943507114,242,10.006473829201102,0.07362780959348299
56,0,Travel_Rarely,Research & Development,4,3,Life Sciences,2858,Male,4,Manager,Divorced,25870,4.0,12,0,19.0,2,2,2,2,2,3,3.0,1.0,3.0,8.298600780532599,0.28597957462467133,242,10.018388429752065,0.07733796375676802
33,0,Travel_Rarely,Research & Development,2,2,Medical,2859,Male,1,Sales Executive,Single,24400,0.0,18,3,4.0,4,3,0,2,3,3,3.0,4.0,4.0,6.8169341138659325,0.2932532254500811,242,10.002134986225894,0.07632437635502518
19,1,Travel_Rarely,Research & Development,8,2,Life Sciences,2860,Male,2,Sales Executive,Single,159720,1.0,21,0,1.0,2,1,1,0,3,4,2.0,4.0,2.0,7.1971643518518515,0.2988555898553347,240,10.014513888888889,0.07833449074074081
46,0,Travel_Rarely,Research & Development,10,3,Technical Degree,2861,Female,2,Laboratory Technician,Divorced,153790,1.0,12,0,24.0,1,24,15,7,1,3,2.0,1.0,3.0,6.8578174603174595,0.2864976074150016,231,9.996248196248196,0.07867668402451009
38,0,Travel_Rarely,Sales,4,4,Life Sciences,2862,Male,1,Manufacturing Director,Single,70820,1.0,14,0,2.0,3,2,2,1,4,3,3.0,4.0,3.0,7.900873015873016,0.30169729033453396,238,10.008333333333335,0.08134728082512895
31,0,Travel_Rarely,Sales,2,5,Life Sciences,2863,Male,2,Sales Representative,Married,27280,8.0,11,0,7.0,3,4,0,2,4,3,3.0,4.0,3.0,10.368086675887506,0.30880892269796956,241,10.002213001383128,0.07633304518211155
34,0,Travel_Rarely,Sales,9,3,Marketing,2864,Female,2,Manager,Single,53680,2.0,14,1,9.0,2,3,1,2,3,3,4.0,2.0,3.0,6.208591787439614,0.299864195369577,230,9.96963768115942,0.08466968862730205
41,1,Travel_Rarely,Research & Development,18,4,Life Sciences,2865,Male,5,Laboratory Technician,Single,53470,1.0,24,1,4.0,1,4,0,2,3,4,2.0,2.0,2.0,10.054291962174942,0.312001497605852,235,9.992340425531916,0.07373500232365482
50,0,Travel_Rarely,Sales,19,4,Marketing,2866,Male,3,Sales Executive,Married,31950,2.0,11,0,5.0,4,3,0,2,2,3,3.0,3.0,2.0,6.77911814653081,0.28501951329752356,229,9.990975254730714,0.06716478544736419
53,0,Travel_Rarely,Sales,1,2,Life Sciences,2867,Male,1,Manager,Divorced,39890,1.0,13,0,5.0,2,4,1,3,3,3,4.0,1.0,3.0,6.132815602836879,0.2735068734552457,235,9.998865248226952,0.0760955729324523
33,0,Travel_Rarely,Research & Development,4,3,Life Sciences,2868,Male,1,Human Resources,Married,33060,1.0,11,3,8.0,6,8,1,6,1,3,4.0,2.0,3.0,7.506620370370371,0.29386145462417335,240,10.002916666666668,0.06979387494188749
40,0,Travel_Rarely,Research & Development,11,3,Life Sciences,2869,Female,2,Sales Executive,Married,70050,1.0,20,2,21.0,2,20,9,9,3,4,4.0,3.0,3.0,6.21970652173913,0.30849704438238706,230,9.987391304347828,0.08032795392696668
55,0,Travel_Rarely,Research & Development,6,1,Life Sciences,2870,Female,2,Laboratory Technician,Single,26550,8.0,17,0,36.0,0,24,2,15,2,3,3.0,2.0,3.0,6.093933654729108,0.3167781861795048,242,9.957988980716252,0.07439649227087929
34,0,Travel_Frequently,Human Resources,7,4,Other,2871,Female,1,Research Scientist,Married,13930,1.0,11,2,10.0,4,10,1,9,4,3,4.0,3.0,2.0,6.819717553688142,0.2929273370822835,238,9.993697478991596,0.08088369243618687
51,0,Travel_Rarely,Human Resources,4,2,Human Resources,2872,Male,2,Sales Representative,Single,25700,3.0,18,0,21.0,2,7,1,0,3,3,4.0,2.0,3.0,7.382190214906265,0.3083140814426159,243,9.988751714677642,0.07357359604273186
52,0,Travel_Rarely,Research & Development,2,4,Medical,2873,Female,2,Sales Representative,Married,35370,0.0,11,1,34.0,3,33,11,9,3,3,3.0,3.0,3.0,6.266114798426746,0.29759436317444254,226,9.99269911504425,0.07629831202884299
27,0,Travel_Rarely,Sales,15,3,Marketing,2874,Male,1,Research Scientist,Single,39860,1.0,12,2,7.0,3,7,0,3,3,3,4.0,2.0,2.0,7.528170068027211,0.2995819591682341,245,9.951836734693877,0.07791669454667104
35,1,Travel_Rarely,Research & Development,2,4,Life Sciences,2875,Female,2,Research Director,Married,108830,3.0,12,0,8.0,3,1,0,1,4,3,2.0,3.0,3.0,8.999426937441642,0.27081303436174364,238,10.00546218487395,0.0700122327411978
43,0,Non-Travel,Research & Development,6,2,Medical,2876,Male,1,Healthcare Representative,Divorced,20280,4.0,20,1,7.0,2,5,2,2,2,4,4.0,3.0,4.0,8.014231601731602,0.29375274771537474,231,9.996103896103895,0.07898233891712157
45,0,Non-Travel,Research & Development,9,2,Medical,2877,Female,1,Sales Executive,Married,95250,9.0,19,0,22.0,3,20,11,8,3,3,1.0,4.0,3.0,6.208377871542429,0.28494622114415025,237,9.989240506329113,0.06773096498128683
37,0,Travel_Rarely,Research & Development,7,3,Life Sciences,2878,Female,1,Research Scientist,Married,29290,1.0,12,0,8.0,2,8,1,7,1,3,2.0,1.0,2.0,10.083961556493202,0.29413781969464076,237,9.983122362869198,0.08780951274166243
35,0,Travel_Frequently,Research & Development,1,3,Other,2879,Male,2,Research Director,Single,22750,5.0,13,0,10.0,2,6,1,2,4,3,2.0,2.0,3.0,6.1174161877394635,0.2899450246347443,232,10.002011494252873,0.07940430578361615
42,0,Non-Travel,Research & Development,1,1,Technical Degree,2880,Male,2,Sales Executive,Divorced,78790,2.0,11,1,11.0,2,5,0,2,3,3,3.0,3.0,3.0,6.392047884704788,0.2882441281899476,239,9.979637377963737,0.08108688942801669
38,0,Travel_Rarely,Sales,8,2,Marketing,2881,Male,5,Research Scientist,Married,49300,9.0,14,0,14.0,0,1,0,0,3,3,4.0,3.0,3.0,6.299181481481481,0.2812483951551312,225,9.993629629629629,0.08119683641975305
38,0,Travel_Rarely,Human Resources,25,1,Human Resources,2882,Female,1,Manufacturing Director,Married,78470,3.0,14,1,9.0,3,7,1,7,4,3,4.0,4.0,1.0,7.283589743589743,0.3009115763632064,234,9.97948717948718,0.08121547265324093
27,0,Travel_Frequently,Research & Development,13,4,Medical,2883,Male,1,Manager,Married,44010,5.0,13,0,6.0,4,2,2,0,2,3,3.0,1.0,3.0,6.521139005113901,0.3027892430895485,239,9.996373779637377,0.08189622571483265
49,0,Non-Travel,Research & Development,23,1,Other,2884,Female,2,Sales Executive,Divorced,92410,1.0,19,1,7.0,5,7,1,7,3,3,4.0,4.0,3.0,9.59264058956916,0.2814672530226916,245,9.9843537414966,0.07810801643061602
34,0,Travel_Frequently,Research & Development,7,2,Medical,2885,Male,4,Sales Representative,Divorced,29740,1.0,23,0,5.0,2,5,2,0,3,4,4.0,3.0,4.0,10.51404477262072,0.3160523880439421,237,9.997327707454291,0.0777776685181212
40,0,Travel_Rarely,Research & Development,23,3,Medical,2886,Female,1,Laboratory Technician,Married,45020,8.0,12,2,15.0,0,7,3,7,2,3,3.0,4.0,4.0,10.400431972789116,0.2873563281682794,245,10.013537414965986,0.08979208022006602
38,1,Travel_Rarely,Sales,6,4,Life Sciences,2887,Female,3,Research Scientist,Married,107480,7.0,15,0,17.0,3,1,0,0,3,3,2.0,1.0,3.0,8.400432367149758,0.3163930527779807,230,10.003043478260869,0.08386260363268151
29,1,Travel_Rarely,Sales,10,2,Life Sciences,2888,Female,2,Research Scientist,Married,15550,1.0,19,2,10.0,2,10,1,9,3,3,2.0,4.0,2.0,6.715693277310924,0.30845405570750006,238,10.010714285714286,0.09118218806509941
22,0,Travel_Rarely,Research & Development,1,3,Life Sciences,2889,Female,4,Healthcare Representative,Divorced,129360,1.0,11,2,4.0,3,4,2,2,3,3,4.0,2.0,2.0,8.494217391304348,0.30640896675316986,230,9.983840579710145,0.08961764550766838
36,0,Travel_Frequently,Research & Development,1,3,Life Sciences,2890,Female,2,Laboratory Technician,Single,23050,1.0,17,0,8.0,3,8,1,7,3,3,2.0,4.0,3.0,7.506036556036555,0.2922169488967514,231,9.985353535353536,0.07148865466256776
40,0,Non-Travel,Research & Development,28,2,Life Sciences,2891,Male,1,Manufacturing Director,Married,167040,9.0,22,0,5.0,2,3,0,2,4,4,4.0,4.0,1.0,6.108284662867996,0.29501333359342724,234,9.949643874643872,0.08471732613542339
46,0,Travel_Rarely,Research & Development,25,1,Medical,2892,Male,5,Research Scientist,Divorced,34330,7.0,18,0,17.0,3,4,0,3,3,3,4.0,1.0,3.0,6.019111346516007,0.2976523862037987,236,9.97747175141243,0.08090048383219138
32,1,Travel_Rarely,Research & Development,5,3,Medical,2893,Male,1,Healthcare Representative,Married,34770,1.0,11,0,14.0,2,14,9,8,4,3,4.0,4.0,2.0,7.798501821493625,0.32087187005889684,244,10.022540983606557,0.07597815332029054
30,0,Non-Travel,Research & Development,17,4,Life Sciences,2894,Male,2,Healthcare Representative,Single,64300,1.0,12,1,12.0,2,11,5,8,2,3,3.0,3.0,3.0,8.02510401891253,0.2868321257871742,235,9.989787234042554,0.07221244266634329
27,0,Travel_Frequently,Research & Development,18,2,Medical,2895,Female,1,Laboratory Technician,Single,65160,1.0,19,1,7.0,4,7,0,7,3,3,4.0,3.0,3.0,6.187480506822612,0.3310553591351759,228,9.998172514619881,0.08029889717563612
51,0,Travel_Rarely,Research & Development,2,1,Medical,2896,Female,1,Manufacturing Director,Married,39070,5.0,13,0,16.0,2,10,4,7,3,3,2.0,2.0,1.0,6.688292654579265,0.3314263846615298,239,9.973430962343098,0.0835686645648497
30,1,Travel_Rarely,Research & Development,10,4,Life Sciences,2897,Female,2,Research Scientist,Single,55620,5.0,13,0,8.0,3,5,0,4,2,3,4.0,1.0,3.0,8.48314309056956,0.2999373780845571,238,9.99313725490196,0.08550357133007906
41,0,Travel_Rarely,Research & Development,1,3,Life Sciences,2898,Male,2,Human Resources,Single,68830,3.0,19,2,16.0,3,1,0,0,2,3,4.0,4.0,3.0,9.080530838041431,0.30962903120018226,236,9.994915254237286,0.08370689586088065
30,1,Travel_Frequently,Sales,3,2,Medical,2899,Male,2,Healthcare Representative,Single,28620,5.0,14,0,9.0,2,6,0,1,2,3,3.0,1.0,3.0,7.004625755462575,0.31532910082955956,239,10.016387726638774,0.08640281635666815
29,1,Travel_Rarely,Research & Development,2,3,Life Sciences,2900,Male,1,Sales Executive,Single,49780,0.0,13,0,7.0,3,6,1,5,2,3,3.0,3.0,2.0,7.803890056022409,0.2819756471754752,238,9.957002801120447,0.0788279221674606
45,0,Non-Travel,Research & Development,2,3,Medical,2901,Female,2,Research Scientist,Single,103680,6.0,12,2,23.0,2,19,12,8,3,3,4.0,4.0,3.0,6.583583900226757,0.32114290277938856,245,9.980340136054423,0.07107023902457157
54,0,Travel_Rarely,Sales,8,2,Marketing,2902,Female,2,Laboratory Technician,Married,61340,2.0,19,0,16.0,2,6,0,5,2,3,4.0,1.0,3.0,6.371495815899581,0.31450050133806917,239,10.000139470013949,0.07869045665686081
36,0,Travel_Rarely,Research & Development,16,4,Life Sciences,2903,Male,1,Healthcare Representative,Single,67350,8.0,25,2,16.0,3,13,3,7,2,4,4.0,2.0,4.0,7.622738095238096,0.2960223177714599,238,10.009593837535014,0.0797751273505183
33,0,Travel_Rarely,Sales,9,1,Other,2904,Female,3,Sales Executive,Married,32950,6.0,22,2,7.0,2,3,1,1,3,4,3.0,2.0,3.0,7.508465829846584,0.3081740886919206,239,9.961506276150626,0.07388782430684973
37,0,Travel_Frequently,Sales,2,4,Life Sciences,2905,Male,2,Laboratory Technician,Divorced,52380,1.0,15,1,10.0,5,10,0,7,3,3,2.0,4.0,3.0,10.113996647509579,0.30036596683700073,232,9.985847701149426,0.06903285212552454
38,0,Travel_Rarely,Research & Development,1,2,Medical,2906,Male,4,Laboratory Technician,Divorced,64720,0.0,12,0,17.0,4,16,5,13,3,3,1.0,3.0,2.0,6.934340277777778,0.2880295837070702,232,9.985847701149426,0.07147873957141204
31,0,Non-Travel,Sales,4,1,Medical,2907,Female,3,Research Scientist,Married,96100,0.0,11,1,6.0,2,5,1,4,2,3,3.0,3.0,3.0,5.9720233196159125,0.28841564409124987,243,9.983539094650206,0.08589412644968202
59,0,Travel_Rarely,Research & Development,5,3,Life Sciences,2908,Female,3,Manager,Married,198330,3.0,13,0,7.0,2,1,0,0,3,3,3.0,4.0,3.0,6.214212570621469,0.29554222214092307,236,10.002754237288135,0.07227961593941583
37,0,Travel_Frequently,Sales,2,3,Marketing,2909,Female,2,Laboratory Technician,Divorced,97560,4.0,19,0,13.0,2,9,5,8,3,3,1.0,4.0,3.0,7.020965550703542,0.29224225156186384,229,9.991994177583699,0.0746042416813504
29,0,Travel_Frequently,Sales,15,4,Medical,2910,Female,1,Sales Executive,Married,49680,1.0,19,3,11.0,4,11,4,1,3,3,2.0,4.0,3.0,6.286423611111112,0.3119251022900101,240,9.997430555555555,0.08228416531070815
35,0,Travel_Frequently,Research & Development,19,3,Life Sciences,2911,Female,1,Sales Executive,Single,21450,1.0,13,0,10.0,6,10,0,8,2,3,3.0,3.0,4.0,5.982920768870136,0.2909576706885908,237,10.001758087201127,0.07390814838653287
29,1,Travel_Rarely,Research & Development,7,1,Life Sciences,2912,Female,1,Research Scientist,Single,21800,1.0,21,0,4.0,2,4,0,1,3,4,3.0,4.0,2.0,8.36599815583218,0.2823854060282456,241,10.022752420470264,0.0797614203934225
52,0,Travel_Rarely,Research & Development,1,2,Medical,2913,Female,4,Manager,Single,83460,7.0,14,0,6.0,5,2,2,2,3,3,3.0,4.0,2.0,7.386176963601532,0.28794216123826594,232,9.990014367816093,0.08720745530012769
42,0,Travel_Rarely,Research & Development,7,4,Life Sciences,2914,Female,2,Sales Executive,Married,34450,1.0,11,2,22.0,2,22,11,15,3,3,3.0,4.0,3.0,6.401950405340963,0.30640338276589085,233,9.996423462088698,0.07335640611382437
59,0,Travel_Rarely,Research & Development,4,4,Technical Degree,2915,Male,1,Healthcare Representative,Married,27600,8.0,11,0,7.0,3,2,2,2,4,3,2.0,3.0,2.0,6.696338061465721,0.2788022319308486,235,9.981418439716311,0.08012570972500045
50,0,Travel_Rarely,Research & Development,11,2,Life Sciences,2916,Male,2,Sales Executive,Divorced,62940,3.0,23,1,32.0,2,7,0,6,4,4,4.0,4.0,2.0,7.682673041894353,0.3077566517039465,244,9.994603825136613,0.07007935771736118
33,1,Travel_Rarely,Sales,11,4,Marketing,2917,Male,1,Research Scientist,Married,71400,5.0,21,0,8.0,2,5,0,4,2,4,3.0,4.0,1.0,10.900699275362319,0.2988203561648976,230,10.02355072463768,0.09081727422315049
43,0,Travel_Rarely,Sales,1,3,Marketing,2918,Female,2,Manufacturing Director,Married,29320,5.0,24,0,22.0,3,17,1,9,3,4,4.0,4.0,3.0,9.317622549019609,0.29452795870250464,238,9.975350140056022,0.07950937055553589
33,1,Travel_Rarely,Sales,1,3,Life Sciences,2919,Male,2,Manager,Married,51470,7.0,11,0,13.0,2,9,1,7,3,3,1.0,1.0,4.0,7.100713462425082,0.31337930464590924,241,9.989903181189488,0.0819693887352081
52,0,Non-Travel,Research & Development,2,3,Technical Degree,2920,Male,1,Sales Executive,Single,45070,1.0,14,0,33.0,3,33,15,12,2,3,1.0,3.0,4.0,8.800496376811594,0.2894625344865743,230,9.97217391304348,0.08648336603168577
32,0,Travel_Rarely,Human Resources,13,4,Life Sciences,2921,Female,3,Manufacturing Director,Married,85640,2.0,16,1,6.0,2,4,1,2,2,3,3.0,2.0,3.0,8.019951590594744,0.31649757947158785,241,9.997994467496541,0.0731730444137083
32,1,Travel_Rarely,Sales,23,1,Life Sciences,2922,Male,3,Healthcare Representative,Single,24680,0.0,11,0,4.0,2,3,1,2,3,3,4.0,3.0,1.0,10.182786087369422,0.30085078938697324,234,9.979629629629631,0.07397525565622846
39,0,Travel_Rarely,Sales,26,4,Life Sciences,2923,Male,2,Research Director,Divorced,81610,7.0,12,1,7.0,2,3,1,2,4,3,3.0,3.0,3.0,6.318539351851852,0.2798422838909259,240,10.00423611111111,0.06785390031768175
32,0,Non-Travel,Sales,2,4,Marketing,2924,Male,4,Research Scientist,Married,21090,0.0,13,1,4.0,3,3,2,2,2,3,3.0,4.0,3.0,6.210912193973636,0.2842717978903041,236,9.979731638418079,0.06857444304203233
41,0,Travel_Rarely,Sales,29,3,Life Sciences,2925,Female,2,Laboratory Technician,Divorced,52940,2.0,15,0,17.0,3,1,0,0,2,3,3.0,1.0,2.0,6.091800281293952,0.3109144234056264,237,9.978059071729957,0.07038284583661109
40,0,Travel_Rarely,Research & Development,2,3,Life Sciences,2926,Male,1,Manufacturing Director,Divorced,27180,1.0,14,1,9.0,4,9,4,7,2,3,3.0,4.0,3.0,7.3476493930905695,0.2900258397890981,238,9.997829131652662,0.08880562843984292
45,0,Travel_Rarely,Research & Development,18,1,Life Sciences,2927,Female,2,Sales Representative,Married,58110,0.0,14,0,25.0,4,24,1,7,2,3,3.0,4.0,3.0,6.942974137931034,0.29326727946791364,232,9.993678160919542,0.08314408452339478
31,0,Travel_Frequently,Research & Development,7,4,Medical,2928,Male,1,Research Scientist,Divorced,24370,9.0,14,1,9.0,3,2,2,2,4,3,2.0,3.0,3.0,7.324519890260631,0.278500689296319,243,9.994650205761316,0.07580918613746894
33,0,Travel_Rarely,Research & Development,2,4,Life Sciences,2929,Female,1,Sales Executive,Married,27660,1.0,12,1,2.0,2,2,0,2,3,3,3.0,4.0,2.0,6.760009832841691,0.3030127006379083,226,9.990781710914456,0.07693069485414618
34,0,Travel_Rarely,Research & Development,26,3,Other,2930,Female,1,Sales Executive,Married,190380,6.0,13,0,13.0,3,11,5,9,2,3,4.0,1.0,3.0,6.393331056466303,0.3071019541904917,244,9.957445355191258,0.07171960148268082
37,0,Travel_Rarely,Research & Development,22,5,Medical,2931,Female,2,Manufacturing Director,Married,30550,2.0,14,3,17.0,3,3,0,2,3,3,3.0,1.0,2.0,7.593826530612245,0.2970687274167852,245,9.993673469387755,0.07018408237611978
45,0,Travel_Frequently,Sales,21,1,Marketing,2932,Male,3,Research Scientist,Married,22890,4.0,13,0,9.0,3,3,0,2,2,3,1.0,3.0,3.0,8.004546533713201,0.31213360781091876,234,10.004273504273504,0.08369887384908845
37,1,Travel_Frequently,Sales,2,3,Marketing,2933,Male,1,Laboratory Technician,Divorced,40010,6.0,11,1,17.0,2,1,0,0,3,3,1.0,3.0,3.0,7.07385431568908,0.30384845175732406,233,9.974821173104434,0.08311808330455665
39,0,Travel_Frequently,Research & Development,22,3,Medical,2934,Female,1,Manufacturing Director,Single,129650,0.0,19,1,20.0,2,19,11,8,3,3,3.0,3.0,3.0,7.441578884078885,0.28501182039570994,231,10.006204906204907,0.08616423029466497
29,0,Travel_Rarely,Sales,4,3,Other,2935,Female,2,Human Resources,Single,35390,1.0,18,0,6.0,2,6,1,5,2,3,3.0,4.0,3.0,7.301593507087334,0.3103957206126821,243,9.984362139917694,0.07688025031459376
42,0,Travel_Rarely,Research & Development,5,4,Medical,2936,Female,1,Research Scientist,Single,60290,3.0,17,1,10.0,5,3,0,2,3,3,4.0,1.0,3.0,8.51441897137312,0.2910354216806575,229,9.974381368267833,0.09698944261429902
29,0,Travel_Rarely,Research & Development,2,4,Medical,2937,Male,1,Laboratory Technician,Divorced,26790,2.0,15,0,10.0,2,3,0,2,2,3,4.0,4.0,3.0,6.081796951819076,0.2747612258592183,226,10.017256637168144,0.08155026767180151
25,0,Travel_Rarely,Research & Development,25,2,Life Sciences,2938,Male,2,Sales Executive,Married,37020,0.0,20,0,5.0,4,4,1,2,3,4,1.0,3.0,3.0,7.718641078838175,0.3007505738365403,241,9.987482710926693,0.07590632203780542
42,0,Travel_Rarely,Sales,18,2,Medical,2939,Male,1,Laboratory Technician,Divorced,23980,0.0,14,1,10.0,2,9,7,8,2,3,4.0,1.0,3.0,9.495627572016462,0.2914543537602708,243,9.978943758573388,0.08156926541887251
40,0,Travel_Rarely,Research & Development,28,3,Medical,2940,Male,2,Laboratory Technician,Divorced,54680,0.0,12,0,22.0,6,21,3,9,4,3,1.0,3.0,3.0,7.01772427140255,0.29348344393404036,244,10.00922131147541,0.075878266320358
51,0,Travel_Rarely,Sales,6,2,Life Sciences,2941,Female,1,Healthcare Representative,Married,131160,1.0,11,0,1.0,6,1,0,0,3,3,3.0,4.0,2.0,7.420300625300625,0.29284431762115454,231,10.019696969696971,0.09504150197628458
31,1,Travel_Frequently,Research & Development,10,1,Life Sciences,2942,Female,1,Research Scientist,Single,41890,0.0,23,1,6.0,3,5,1,4,2,4,3.0,2.0,4.0,7.702797702766057,0.3083027089123575,237,9.987341772151899,0.06757214117142245
32,0,Travel_Frequently,Research & Development,17,4,Other,2943,Male,4,Sales Executive,Married,193280,1.0,15,3,5.0,2,5,0,3,3,3,2.0,2.0,1.0,7.012908496732026,0.3158687561051437,238,10.004621848739495,0.08281961729839624
38,0,Non-Travel,Research & Development,2,5,Life Sciences,2944,Male,3,Human Resources,Married,83210,3.0,11,3,13.0,5,8,7,5,2,3,4.0,4.0,3.0,7.221461925287356,0.29025510310555586,232,9.977873563218392,0.07225721915377095
32,0,Travel_Rarely,Research & Development,10,1,Medical,2945,Male,1,Sales Executive,Single,23420,4.0,12,2,9.0,2,6,0,4,3,3,4.0,1.0,3.0,7.979356167608286,0.29050672148667767,236,10.001200564971754,0.08956238229755181
46,0,Travel_Rarely,Research & Development,8,3,Life Sciences,2946,Female,4,Research Director,Married,40710,3.0,13,0,28.0,5,7,7,7,3,3,3.0,2.0,2.0,10.815976890756302,0.2862620275220649,238,9.972268907563025,0.07411288003246302
28,1,Travel_Rarely,Research & Development,11,2,Medical,2947,Male,2,Sales Executive,Single,58130,2.0,20,1,5.0,2,0,0,0,3,4,1.0,3.0,1.0,6.895297787193973,0.289947657350362,236,9.98502824858757,0.0766472332411749
29,0,Travel_Rarely,Research & Development,18,3,Life Sciences,2948,Male,2,Sales Executive,Married,31430,2.0,22,3,10.0,2,0,0,0,3,4,1.0,2.0,3.0,6.726156189083821,0.31901053070270513,228,9.972002923976609,0.06777487419601383
31,0,Travel_Rarely,Research & Development,1,3,Life Sciences,2949,Male,3,Laboratory Technician,Married,20440,0.0,21,0,10.0,2,9,7,8,3,4,2.0,4.0,3.0,7.226828989483311,0.2933462566092093,243,10.013854595336078,0.0769858612310913
25,0,Non-Travel,Research & Development,7,4,Medical,2950,Female,4,Laboratory Technician,Divorced,134640,1.0,13,1,6.0,2,6,1,5,3,3,2.0,1.0,3.0,7.085127410468319,0.27366236802432,242,10.007644628099174,0.0720609575574683
45,0,Travel_Rarely,Research & Development,17,2,Medical,2951,Male,2,Laboratory Technician,Married,79910,0.0,13,2,21.0,2,20,4,10,2,3,3.0,4.0,3.0,8.409649062642888,0.2841114129211571,243,9.989643347050755,0.0843516629066573
36,0,Travel_Rarely,Research & Development,28,1,Life Sciences,2952,Male,1,Laboratory Technician,Married,33770,0.0,12,2,16.0,2,15,10,11,3,3,4.0,4.0,3.0,7.072117467043315,0.2994969709215124,236,10.007344632768362,0.07211131145570385
55,0,Travel_Rarely,Research & Development,14,4,Life Sciences,2953,Female,1,Sales Executive,Single,55380,0.0,17,0,37.0,2,36,4,13,3,3,4.0,1.0,3.0,9.27186226851852,0.2899199439806827,240,9.995347222222222,0.0748492513172168
47,1,Non-Travel,Research & Development,1,1,Medical,2954,Male,1,Research Scientist,Married,57620,1.0,11,2,10.0,4,10,9,9,2,3,1.0,2.0,2.0,9.422889344262297,0.2967355062191166,244,9.986748633879781,0.08206876325829973
28,0,Travel_Rarely,Research & Development,1,3,Life Sciences,2955,Male,1,Manufacturing Director,Married,25920,1.0,14,0,5.0,2,5,0,4,3,3,4.0,4.0,2.0,6.066950589970502,0.3124190939928014,226,10.005014749262536,0.07957967879383818
37,0,Travel_Rarely,Research & Development,1,3,Life Sciences,2956,Male,2,Healthcare Representative,Married,53460,4.0,11,0,7.0,2,5,0,1,3,3,3.0,4.0,4.0,6.701199813258637,0.2837754803527448,238,9.986414565826331,0.08198765300775727
21,0,Travel_Rarely,Research & Development,3,2,Life Sciences,2957,Male,1,Laboratory Technician,Single,42130,1.0,12,3,3.0,3,3,1,0,2,3,4.0,3.0,4.0,6.594208572796935,0.2924869850158501,232,9.96896551724138,0.07758728500107799
37,0,Non-Travel,Research & Development,1,3,Medical,2958,Male,2,Sales Executive,Divorced,41270,2.0,13,1,15.0,2,5,0,2,3,3,1.0,4.0,3.0,11.001878952122855,0.2778262091142132,246,9.990650406504065,0.09285100381616061
35,0,Travel_Rarely,Sales,7,4,Life Sciences,2959,Male,1,Sales Representative,Divorced,24380,7.0,16,0,10.0,5,7,6,2,2,3,2.0,2.0,2.0,7.030591168091168,0.30684562176945807,234,9.988390313390314,0.07839229526103637
38,0,Travel_Rarely,Research & Development,8,3,Life Sciences,2960,Female,1,Manager,Divorced,68700,1.0,11,1,8.0,5,8,7,7,3,3,1.0,1.0,3.0,9.294923215898825,0.3033066202652289,246,9.970121951219513,0.08056284221005479
26,0,Travel_Frequently,Research & Development,1,4,Other,2961,Male,2,Laboratory Technician,Divorced,104470,1.0,18,0,6.0,3,6,1,4,3,3,3.0,2.0,1.0,7.546754571026723,0.30573186001743974,237,9.975105485232069,0.07235550907053806
50,0,Travel_Rarely,Sales,8,4,Life Sciences,2962,Male,1,Research Scientist,Divorced,96670,3.0,23,0,28.0,2,10,1,6,2,4,1.0,2.0,2.0,5.9777025715672,0.2898415963860816,229,9.967831149927221,0.07239629884998766
53,0,Travel_Rarely,Research & Development,11,4,Life Sciences,2963,Female,2,Research Scientist,Married,21480,3.0,11,0,21.0,2,5,1,3,3,3,3.0,3.0,2.0,8.349351851851852,0.2841797930274812,228,9.998245614035087,0.08327639951567622
42,0,Travel_Rarely,Research & Development,4,4,Life Sciences,2964,Male,1,Manufacturing Director,Married,89260,1.0,14,0,20.0,4,20,11,6,1,3,2.0,3.0,3.0,6.814167890357317,0.31667950031115133,227,9.96798825256975,0.0782824148073067
29,0,Travel_Frequently,Research & Development,16,4,Medical,2965,Male,1,Laboratory Technician,Single,65130,1.0,11,1,10.0,2,10,0,9,3,3,2.0,4.0,2.0,7.103465491923642,0.2952038005526615,227,9.9856093979442,0.09351372482770873
55,0,Travel_Rarely,Research & Development,1,4,Other,2966,Female,1,Research Scientist,Married,67990,3.0,11,0,12.0,2,10,0,8,3,3,2.0,4.0,3.0,9.400733867054827,0.31301212132680206,229,9.992867540029113,0.07491722847876614
26,0,Travel_Frequently,Research & Development,9,3,Life Sciences,2967,Female,1,Manager,Married,162910,1.0,22,0,5.0,3,5,3,3,3,4,1.0,1.0,3.0,11.003064738292009,0.3009141744238674,242,9.961019283746555,0.07089236384973845
37,0,Travel_Rarely,Sales,5,1,Marketing,2968,Male,1,Research Scientist,Single,27050,1.0,11,0,17.0,2,17,5,7,3,3,4.0,4.0,3.0,7.611183891314896,0.2764000104775753,229,9.987918486171763,0.07859365024643121
44,1,Travel_Frequently,Research & Development,1,2,Medical,2969,Male,2,Research Scientist,Divorced,103330,3.0,14,1,19.0,2,1,0,0,2,3,4.0,3.0,1.0,11.021406771578446,0.2900623478961332,233,9.988841201716738,0.07156076825678717
38,0,Travel_Rarely,Sales,2,3,Marketing,2970,Female,1,Manager,Divorced,44480,9.0,12,0,10.0,3,2,1,2,2,3,4.0,4.0,3.0,6.781370056497176,0.32393315377164206,236,10.0079802259887,0.06855188424089428
26,1,Travel_Rarely,Research & Development,4,3,Medical,2971,Male,3,Research Scientist,Divorced,68540,2.0,11,0,5.0,5,3,0,2,2,3,1.0,2.0,3.0,10.13693533697632,0.2788141912035944,244,9.985245901639345,0.06180702661779368
28,0,Travel_Rarely,Research & Development,7,3,Other,2972,Male,1,Human Resources,Single,96370,1.0,13,0,5.0,6,5,0,2,2,3,4.0,4.0,3.0,6.700665954415955,0.3162561026155916,234,10.018660968660967,0.06830311107850452
49,0,Travel_Frequently,Research & Development,1,1,Medical,2973,Female,2,Research Scientist,Single,35910,9.0,13,0,22.0,2,3,1,2,3,3,3.0,1.0,3.0,10.511506734006733,0.3090323486196416,231,9.994588744588745,0.09874716105150874
36,0,Travel_Rarely,Sales,5,3,Technical Degree,2974,Male,3,Sales Executive,Single,54050,4.0,14,0,10.0,2,8,7,7,3,3,3.0,2.0,3.0,6.1994655414908575,0.29625026577284275,237,9.98959212376934,0.08436155609589428
31,0,Travel_Frequently,Research & Development,9,4,Medical,2975,Male,1,Sales Executive,Divorced,46840,1.0,16,1,2.0,4,2,2,2,3,3,4.0,2.0,2.0,6.5930073461891645,0.27543559039424154,242,9.988636363636363,0.07907388197325955
26,1,Travel_Rarely,Research & Development,8,3,Medical,2976,Male,2,Manager,Single,157870,1.0,12,2,8.0,5,8,7,4,3,3,4.0,4.0,3.0,10.273392687559353,0.31799188280710633,234,9.99031339031339,0.07311272921430285
37,0,Travel_Frequently,Sales,9,1,Marketing,2977,Male,1,Laboratory Technician,Married,15140,1.0,14,0,4.0,3,4,1,2,3,3,2.0,4.0,2.0,10.029451476793248,0.28963483943585977,237,9.970886075949368,0.0713615938401392
42,0,Travel_Frequently,Sales,2,2,Marketing,2978,Male,3,Research Director,Married,29560,5.0,13,0,23.0,2,20,4,8,3,3,3.0,2.0,4.0,6.0334113060428844,0.29425061386920276,228,9.99576023391813,0.07050079003185895
18,1,Travel_Rarely,Research & Development,1,4,Life Sciences,2979,Male,1,Sales Executive,Single,23350,1.0,14,2,0.0,3,0,0,0,2,3,3.0,3.0,3.0,6.770954785954785,0.2884234689425804,231,9.976334776334776,0.08291819854863332
35,0,Travel_Rarely,Sales,20,2,Life Sciences,2980,Male,1,Laboratory Technician,Married,51540,0.0,19,0,12.0,2,11,6,9,2,3,3.0,2.0,2.0,7.696398109727986,0.29773846853417274,241,9.988520055325033,0.07047182841555252
36,0,Travel_Frequently,Research & Development,8,3,Other,2981,Female,3,Sales Executive,Married,69620,4.0,12,2,4.0,2,1,0,0,2,3,3.0,4.0,3.0,7.18869976359338,0.298659948226987,235,9.985177304964537,0.07212384069830874
51,0,Travel_Rarely,Research & Development,2,3,Life Sciences,2982,Male,2,Laboratory Technician,Divorced,56750,5.0,13,0,13.0,2,4,1,2,2,3,4.0,2.0,3.0,7.606370214752568,0.29813281067648395,238,9.978081232492997,0.08042588554409097
41,0,Travel_Rarely,Research & Development,29,1,Life Sciences,2983,Male,1,Laboratory Technician,Single,23790,1.0,12,0,22.0,6,22,0,4,3,3,4.0,2.0,3.0,6.925646591970122,0.2824557495747579,238,9.973529411764705,0.07442762196299062
18,0,Travel_Rarely,Sales,7,3,Life Sciences,2984,Male,1,Research Scientist,Single,38120,1.0,15,0,0.0,3,0,0,0,3,3,4.0,3.0,3.0,6.973782231598687,0.29879145785681077,237,10.003164556962025,0.06839507497198984
28,0,Travel_Rarely,Research & Development,9,3,Medical,2985,Male,1,Sales Representative,Single,46480,0.0,23,2,9.0,2,8,0,7,2,4,2.0,1.0,3.0,7.201891701828411,0.3078306322912334,237,9.988115330520394,0.06896008645418646
31,0,Travel_Rarely,Research & Development,8,1,Technical Degree,2986,Male,1,Manufacturing Director,Married,29360,4.0,12,1,10.0,2,8,7,7,3,3,2.0,4.0,2.0,7.210875979714153,0.2983790114995368,241,9.971230982019364,0.08902306170278165
39,0,Travel_Rarely,Sales,5,4,Marketing,2987,Female,2,Human Resources,Divorced,21050,0.0,20,0,19.0,3,18,3,7,3,4,3.0,4.0,2.0,7.600149051490515,0.28935281472472213,246,9.983130081300812,0.07353623969913174
36,0,Non-Travel,Research & Development,5,4,Life Sciences,2988,Male,1,Sales Executive,Married,85780,7.0,21,0,11.0,4,9,0,8,3,4,2.0,2.0,3.0,7.826676286676287,0.2732437243405358,231,10.016233766233766,0.07082106782106791
32,0,Travel_Rarely,Sales,2,3,Marketing,2989,Male,2,Laboratory Technician,Married,27060,1.0,21,1,13.0,4,13,4,8,3,4,4.0,3.0,2.0,6.953546918767507,0.28197792942131134,238,9.992927170868347,0.07593546490326093
38,0,Travel_Rarely,Research & Development,5,2,Life Sciences,2990,Female,3,Research Scientist,Married,63840,3.0,19,2,19.0,4,10,0,1,2,3,1.0,2.0,3.0,6.88454523107178,0.30206140774569307,226,10.02057522123894,0.07839329727958047
58,0,Non-Travel,Research & Development,2,3,Life Sciences,2991,Male,2,Manufacturing Director,Divorced,39680,2.0,13,2,12.0,3,5,1,2,2,3,4.0,3.0,3.0,10.898085399449036,0.2759838321122886,242,9.984986225895318,0.07475059916402814
31,0,Travel_Rarely,Research & Development,20,1,Technical Degree,2992,Female,3,Research Scientist,Married,99070,0.0,13,1,6.0,3,5,0,3,2,3,3.0,4.0,3.0,9.100579297245964,0.27650772499036663,234,10.02022792022792,0.072273862946252
31,0,Travel_Rarely,Sales,7,4,Marketing,2993,Male,2,Sales Executive,Married,132250,3.0,21,1,9.0,2,2,1,0,3,4,1.0,1.0,3.0,6.827082175925925,0.2936704694799188,240,9.996458333333333,0.06116708798233386
45,0,Travel_Frequently,Research & Development,3,1,Medical,2994,Female,1,Sales Executive,Divorced,35400,1.0,13,0,24.0,6,24,9,11,3,3,1.0,1.0,3.0,7.29936099189318,0.31817049246353896,233,9.997997138769673,0.07576464941706539
31,0,Travel_Rarely,Sales,16,4,Marketing,2995,Female,2,Research Scientist,Divorced,28040,0.0,19,2,3.0,0,2,2,2,3,3,3.0,4.0,1.0,8.615947441217152,0.3046305539703432,241,10.02911479944675,0.08337912056247118
33,0,Travel_Frequently,Research & Development,9,3,Life Sciences,2996,Male,4,Research Director,Married,193920,6.0,12,1,12.0,3,10,8,8,3,3,4.0,2.0,3.0,6.7630739972337475,0.3115207047347676,241,10.007399723374826,0.0712494140925158
39,0,Travel_Rarely,Sales,1,4,Life Sciences,2997,Male,1,Sales Executive,Married,196650,1.0,22,1,21.0,6,21,11,10,3,4,3.0,1.0,3.0,10.997257089725709,0.29299292425850165,239,9.97747559274756,0.07729980974258613
43,0,Travel_Frequently,Research & Development,7,4,Medical,2998,Male,4,Research Scientist,Single,24390,0.0,15,0,9.0,2,8,1,7,3,3,3.0,4.0,3.0,7.6803487253487255,0.3127930016259777,231,9.978427128427127,0.08036712884538966
49,0,Travel_Rarely,Research & Development,1,3,Life Sciences,2999,Male,3,Manufacturing Director,Single,73140,7.0,22,0,25.0,2,7,0,7,3,4,3.0,3.0,3.0,9.991833098921706,0.29837963859525546,237,9.970745428973277,0.07955014819582513
52,1,Travel_Rarely,Research & Development,7,1,Life Sciences,3000,Female,2,Research Scientist,Married,47740,2.0,18,1,11.0,2,8,7,7,3,3,3.0,2.0,2.0,7.913886473429952,0.3246379573506643,230,9.996594202898551,0.07713900491530075
27,0,Travel_Rarely,Research & Development,15,4,Medical,3001,Male,3,Research Scientist,Single,39020,1.0,22,0,4.0,2,4,1,2,3,4,3.0,2.0,2.0,10.689522996357013,0.327927219759253,244,9.99678961748634,0.08921575985518007
32,0,Travel_Rarely,Research & Development,1,3,Life Sciences,3002,Male,3,Research Scientist,Married,26620,1.0,11,1,13.0,6,13,11,9,4,3,3.0,2.0,3.0,10.529409576940958,0.303742598316364,239,9.9907949790795,0.07972116740699059
27,0,Travel_Rarely,Research & Development,13,2,Medical,3003,Female,4,Research Director,Single,28560,1.0,12,2,5.0,5,5,0,4,4,3,4.0,3.0,3.0,10.103739050253573,0.2871857424736534,241,9.995712309820194,0.0698820020746888
31,0,Travel_Rarely,Sales,24,3,Life Sciences,3004,Male,2,Healthcare Representative,Divorced,10810,4.0,11,3,13.0,4,7,1,7,4,3,4.0,4.0,3.0,6.624016548463357,0.30399700630971566,235,9.994468085106382,0.09234106201127482
32,0,Travel_Rarely,Research & Development,7,3,Technical Degree,3005,Male,2,Healthcare Representative,Single,24720,7.0,13,0,10.0,2,7,0,7,3,3,1.0,4.0,2.0,7.500045695045695,0.31090088531573734,231,10.030158730158732,0.0762121002990568
28,1,Travel_Rarely,Research & Development,9,4,Medical,3006,Male,1,Sales Executive,Married,56730,5.0,14,1,5.0,4,3,2,2,2,3,1.0,4.0,2.0,10.722796296296297,0.27875193370839857,240,9.99875,0.08060280102278009
30,0,Travel_Rarely,Research & Development,13,3,Life Sciences,3007,Female,4,Research Director,Married,41970,1.0,13,0,11.0,3,10,1,9,3,3,4.0,4.0,3.0,6.20279012345679,0.3063062891186692,225,9.970740740740741,0.07441165123456799
31,0,Travel_Frequently,Research & Development,2,1,Life Sciences,3008,Female,1,Manager,Married,97130,1.0,17,0,10.0,5,10,8,9,2,3,3.0,3.0,3.0,6.587253734827264,0.2804805825199109,238,9.971988795518206,0.08674605144448781
39,0,Travel_Frequently,Research & Development,19,4,Medical,3009,Female,1,Research Scientist,Married,20620,1.0,13,0,21.0,4,21,13,3,3,3,3.0,4.0,3.0,6.085376728659991,0.30184938833559205,233,9.973390557939915,0.08299578215184245
39,1,Travel_Rarely,Research & Development,1,1,Medical,3010,Female,1,Laboratory Technician,Married,42840,4.0,17,1,12.0,0,1,0,0,3,3,4.0,3.0,2.0,10.018378250591017,0.28518075431268997,235,9.959007092198583,0.07436653128851711
33,0,Travel_Frequently,Sales,4,2,Life Sciences,3011,Male,4,Research Scientist,Single,47880,3.0,11,1,9.0,0,7,0,1,3,3,2.0,4.0,2.0,7.389129709108249,0.31885484218671417,233,9.988912732474963,0.09151327635538452
47,0,Travel_Rarely,Research & Development,4,3,Life Sciences,3012,Female,2,Healthcare Representative,Married,59060,4.0,23,0,21.0,4,3,1,1,4,4,4.0,3.0,3.0,6.50920269642027,0.2812703272611151,239,9.98284518828452,0.07108169348632067
43,0,Travel_Frequently,Research & Development,14,3,Medical,3013,Female,5,Research Director,Divorced,38860,1.0,17,2,9.0,2,9,0,0,3,3,3.0,3.0,4.0,6.316731884057971,0.301563661809825,230,10.005289855072464,0.07045103158027977
27,0,Non-Travel,Research & Development,2,3,Life Sciences,3014,Male,1,Research Director,Married,168230,0.0,17,0,6.0,3,5,1,4,3,3,3.0,2.0,3.0,9.298370132953465,0.2879544910843316,234,10.003133903133904,0.062274352045453646
54,0,Travel_Frequently,Research & Development,1,4,Life Sciences,3015,Male,2,Research Scientist,Single,29330,3.0,12,2,20.0,2,4,0,3,3,3,4.0,3.0,2.0,6.11369755647764,0.3123240953788059,241,9.99356846473029,0.08268878707545718
43,0,Travel_Rarely,Research & Development,7,2,Life Sciences,3016,Female,2,Manager,Married,65000,8.0,23,0,10.0,3,1,0,0,3,4,3.0,1.0,2.0,7.199790748898678,0.28437632908735144,227,10.016446402349485,0.07734877132795343
45,0,Travel_Rarely,Sales,3,1,Marketing,3017,Female,1,Sales Executive,Married,171740,9.0,14,1,12.0,6,10,9,8,3,3,4.0,4.0,3.0,7.089812021072797,0.2881167164572229,232,10.015732758620691,0.08151307305402133
40,0,Travel_Rarely,Research & Development,2,4,Other,3018,Male,4,Research Scientist,Married,50330,2.0,14,2,6.0,6,4,0,2,3,3,2.0,4.0,2.0,9.893391393442624,0.294841162987569,244,9.985928961748634,0.07287846589759159
29,1,Travel_Rarely,Research & Development,29,3,Medical,3019,Female,1,Research Scientist,Married,23070,1.0,13,1,7.0,0,7,0,7,3,3,2.0,1.0,2.0,10.506102906704173,0.29347451153050574,237,9.985021097046415,0.09172736537223782
29,0,Travel_Rarely,Human Resources,8,3,Medical,3020,Male,3,Sales Representative,Single,25870,0.0,22,2,4.0,3,3,2,2,3,4,2.0,4.0,3.0,6.917478369763205,0.2797211055059511,244,10.012909836065575,0.07921193696732547
30,0,Travel_Rarely,Research & Development,10,3,Life Sciences,3021,Male,2,Research Scientist,Divorced,55070,1.0,12,2,10.0,2,10,1,2,2,3,4.0,3.0,3.0,7.593638888888889,0.31260768463357963,240,9.976319444444444,0.09595827037811876
27,0,Travel_Rarely,Research & Development,11,2,Medical,3022,Male,1,Manager,Married,43930,1.0,18,1,8.0,2,8,0,7,2,3,2.0,2.0,3.0,6.125528252611586,0.28419975659552366,234,10.017022792022793,0.07042786500046871
37,0,Travel_Rarely,Sales,1,4,Life Sciences,3023,Male,2,Healthcare Representative,Divorced,133480,7.0,14,0,8.0,4,6,0,4,3,3,4.0,4.0,2.0,6.028761671335201,0.2961782687375516,238,9.992366946778711,0.07595766506321242
38,0,Travel_Rarely,Research & Development,28,4,Medical,3024,Male,1,Laboratory Technician,Divorced,65830,0.0,12,0,12.0,1,11,2,9,3,3,3.0,4.0,3.0,8.990253164556963,0.3118565247492512,237,10.008087201125177,0.08280272871025918
31,0,Travel_Rarely,Research & Development,6,3,Medical,3025,Female,3,Manager,Single,81030,1.0,15,1,11.0,5,11,4,10,3,3,3.0,4.0,3.0,10.400454648526077,0.3080119453679647,245,10.016598639455783,0.07609402996171147
29,0,Travel_Rarely,Research & Development,3,4,Life Sciences,3026,Male,3,Sales Executive,Divorced,39780,1.0,11,0,7.0,0,7,1,7,3,3,4.0,2.0,3.0,8.375703309692671,0.30675109745764273,235,10.002553191489362,0.0783030449980804
35,0,Travel_Rarely,Sales,16,2,Technical Degree,3027,Male,3,Manager,Single,25440,0.0,13,1,17.0,3,16,0,13,4,3,3.0,2.0,3.0,7.913146945646946,0.3273844130020567,231,10.023881673881673,0.07334868352259653
23,0,Travel_Rarely,Research & Development,20,4,Life Sciences,3028,Male,1,Manufacturing Director,Divorced,53990,1.0,23,0,4.0,2,4,0,2,2,4,3.0,4.0,2.0,7.131063458856346,0.3075569491377175,239,9.975941422594142,0.08048901429469985
41,0,Travel_Rarely,Research & Development,9,2,Life Sciences,3029,Female,1,Laboratory Technician,Single,54870,6.0,19,2,8.0,0,5,1,2,3,3,4.0,2.0,3.0,9.68606325863679,0.2898573790826849,238,9.979691876750701,0.06635330362806162
47,0,Travel_Frequently,Sales,1,3,Medical,3030,Female,2,Laboratory Technician,Single,68340,3.0,16,1,5.0,2,0,0,0,4,3,2.0,3.0,3.0,7.781565972222222,0.2934978751527531,240,10.027152777777777,0.08343095750038734
42,0,Travel_Rarely,Research & Development,3,4,Life Sciences,3031,Male,1,Manager,Single,10910,2.0,22,0,16.0,0,1,0,0,1,4,1.0,4.0,3.0,6.323136473429951,0.286384447734067,230,9.951884057971014,0.08740303356327661
29,0,Non-Travel,Sales,22,4,Marketing,3032,Male,2,Human Resources,Married,57360,1.0,22,0,4.0,1,4,0,2,2,4,4.0,3.0,2.0,6.295467278719398,0.29883376171578246,236,9.982415254237289,0.07984430720839847
42,0,Travel_Rarely,Sales,7,4,Medical,3033,Male,3,Research Scientist,Divorced,22260,0.0,12,1,4.0,3,3,1,0,2,3,3.0,3.0,3.0,8.775288238028823,0.3124900593195811,239,10.030613668061367,0.07572669932687161
32,0,Travel_Rarely,Research & Development,2,3,Medical,3034,Male,2,Research Scientist,Married,57470,1.0,13,0,8.0,0,8,0,7,3,3,3.0,2.0,3.0,7.719472101972102,0.30860483689271934,231,10.014213564213565,0.08033453583453577
48,0,Travel_Rarely,Sales,13,4,Medical,3035,Male,4,Sales Executive,Married,98540,3.0,16,1,15.0,2,0,0,0,2,3,1.0,3.0,1.0,7.304210144927536,0.3038924515749681,230,9.984347826086957,0.08936335253043051
37,0,Travel_Rarely,Research & Development,8,5,Technical Degree,3036,Male,2,Manufacturing Director,Divorced,54670,4.0,12,0,13.0,2,7,6,7,3,3,3.0,1.0,3.0,10.815693863319387,0.30078202020973316,239,9.988493723849372,0.07812451898472085
30,0,Non-Travel,Sales,25,4,Other,3037,Male,1,Healthcare Representative,Married,53800,7.0,21,1,4.0,0,2,2,2,3,4,4.0,3.0,4.0,10.423221500721501,0.2956556686570236,231,9.994805194805195,0.08353328314197879
26,0,Travel_Rarely,Sales,28,3,Medical,3038,Female,5,Laboratory Technician,Married,51510,1.0,15,3,8.0,3,8,7,7,3,3,3.0,3.0,3.0,5.980144675925926,0.3054824771533859,240,9.971597222222222,0.07511854466914615
42,0,Travel_Rarely,Sales,2,2,Medical,3039,Female,1,Laboratory Technician,Single,21330,3.0,13,2,14.0,2,1,0,0,3,3,1.0,4.0,3.0,6.077879515317786,0.28316979426750344,243,9.989643347050755,0.07573825611143234
21,1,Travel_Frequently,Research & Development,9,3,Medical,3040,Female,4,Manufacturing Director,Single,178750,1.0,12,0,3.0,5,3,1,2,2,3,1.0,2.0,3.0,8.080786052009456,0.29372399675413075,235,10.022978723404258,0.07881207694328268
36,0,Non-Travel,Human Resources,28,3,Human Resources,3041,Male,2,Laboratory Technician,Single,24320,4.0,22,0,7.0,4,1,0,0,1,4,4.0,4.0,3.0,7.304043073910916,0.2800178946523721,227,10.02143906020558,0.08434413429842459
36,0,Travel_Frequently,Research & Development,6,3,Life Sciences,3042,Female,2,Research Scientist,Married,47710,4.0,13,1,16.0,2,13,1,12,3,3,1.0,4.0,3.0,7.088579710144927,0.303909546422323,230,10.021884057971015,0.06861652216104464
57,0,Travel_Rarely,Research & Development,21,4,Life Sciences,3043,Male,5,Research Scientist,Married,191610,2.0,18,0,15.0,2,3,1,2,1,3,4.0,3.0,3.0,6.295064855604503,0.2912675282158842,227,10.026578560939797,0.0665175929896604
40,0,Travel_Rarely,Research & Development,8,3,Other,3044,Male,2,Sales Executive,Married,50870,3.0,14,1,10.0,3,7,1,7,3,3,4.0,3.0,3.0,8.112756944444444,0.3176260763856611,240,10.002847222222222,0.0742979960870913
21,0,Non-Travel,Research & Development,1,5,Life Sciences,3045,Female,2,Manager,Single,28630,1.0,14,0,3.0,2,3,2,2,1,3,1.0,4.0,2.0,7.990563725490196,0.3022115166572802,238,10.012605042016807,0.06892623716153129
33,1,Travel_Rarely,Human Resources,28,2,Human Resources,3046,Female,5,Manager,Single,55610,1.0,21,1,1.0,3,1,0,0,1,4,4.0,3.0,3.0,10.470368055555555,0.30864249113192327,240,10.01451388888889,0.06983611789090352
37,0,Travel_Rarely,Research & Development,5,3,Life Sciences,3047,Male,4,Research Scientist,Married,21440,6.0,19,0,17.0,3,5,0,3,4,3,3.0,1.0,3.0,8.02378502415459,0.3101355418905164,230,9.984420289855073,0.08420187013480163
46,0,Non-Travel,Sales,2,4,Marketing,3048,Female,2,Laboratory Technician,Married,30650,2.0,11,0,7.0,3,1,0,0,3,3,3.0,3.0,4.0,6.10015690376569,0.28865312415490485,239,9.963877266387728,0.08210936675925608
41,1,Travel_Frequently,Research & Development,16,1,Medical,3049,Female,1,Research Scientist,Single,28100,1.0,11,0,8.0,3,8,7,7,4,3,1.0,2.0,3.0,7.621844397363465,0.31315436473882247,236,9.99385593220339,0.06902000941619589
50,0,Travel_Rarely,Research & Development,9,3,Medical,3050,Female,3,Laboratory Technician,Single,98880,6.0,15,0,20.0,2,4,1,3,3,3,4.0,4.0,3.0,6.919409722222222,0.28806865901115264,240,10.004513888888889,0.07088493239578492
40,1,Travel_Rarely,Research & Development,8,3,Medical,3051,Female,1,Healthcare Representative,Married,86280,2.0,20,0,8.0,2,6,1,0,2,4,3.0,3.0,3.0,9.277705979284368,0.2922210858238712,236,9.976341807909606,0.07380552049525184
31,0,Travel_Rarely,Research & Development,1,3,Life Sciences,3052,Male,4,Human Resources,Single,28670,0.0,24,0,3.0,5,2,2,2,3,4,3.0,2.0,3.0,10.785730286738351,0.29752453602575263,248,9.97258064516129,0.07126717745563245
21,1,Travel_Rarely,Human Resources,10,2,Human Resources,3053,Male,1,Laboratory Technician,Single,53730,1.0,12,1,1.0,2,1,0,0,3,3,3.0,2.0,3.0,5.978644261545496,0.30002905044354833,243,10.002400548696844,0.09189618784175466
29,0,Travel_Rarely,Research & Development,1,3,Life Sciences,3054,Female,2,Research Director,Single,66670,9.0,12,1,6.0,6,3,1,2,4,3,4.0,4.0,3.0,7.767982993197278,0.3113318499135662,245,9.976258503401361,0.06389555220995495
35,0,Travel_Rarely,Research & Development,29,3,Life Sciences,3055,Female,3,Sales Executive,Single,50030,9.0,15,0,10.0,2,1,0,0,3,3,3.0,2.0,3.0,7.713648526077098,0.26417201674430296,245,9.99482993197279,0.06635977287089695
27,0,Travel_Rarely,Sales,2,3,Life Sciences,3056,Male,1,Sales Executive,Divorced,23670,1.0,12,1,5.0,2,5,0,4,3,3,4.0,2.0,3.0,6.20977207977208,0.3141521227236316,234,9.98219373219373,0.07808882449082744
28,0,Travel_Rarely,Research & Development,2,2,Medical,3057,Male,3,Manager,Single,28580,1.0,12,0,7.0,2,7,0,7,2,3,2.0,4.0,3.0,7.11750354609929,0.29095051417622747,235,9.99758865248227,0.07419643975672348
49,0,Travel_Rarely,Sales,2,3,Technical Degree,3058,Male,2,Manufacturing Director,Single,52040,8.0,14,1,26.0,3,5,0,0,3,3,2.0,3.0,3.0,7.829485123198512,0.31917128837756054,239,10.007252440725242,0.07044904851759397
51,0,Travel_Rarely,Research & Development,1,2,Life Sciences,3059,Male,1,Sales Executive,Married,41050,4.0,22,1,18.0,2,7,0,7,3,4,3.0,4.0,2.0,7.598457977207977,0.3097754459876263,234,9.977421652421652,0.07306576040660444
36,0,Travel_Rarely,Sales,15,2,Life Sciences,3060,Male,1,Sales Executive,Married,96790,4.0,12,0,6.0,1,2,2,2,3,3,4.0,3.0,3.0,6.0360712659380695,0.3026437116820608,244,9.976775956284152,0.07571356825353989
34,1,Non-Travel,Research & Development,7,3,Life Sciences,3061,Male,1,Sales Representative,Single,56170,8.0,25,1,9.0,3,5,0,4,3,4,1.0,4.0,2.0,9.121058429118774,0.29984139362329054,232,10.017385057471264,0.09061516229619673
55,0,Travel_Rarely,Sales,26,3,Marketing,3062,Male,1,Laboratory Technician,Single,104480,2.0,13,0,30.0,3,5,1,2,3,3,3.0,4.0,3.0,8.711053955189758,0.31599413147784133,243,9.983676268861453,0.08212912892486403
24,0,Travel_Rarely,Research & Development,1,3,Life Sciences,3063,Female,5,Manager,Divorced,28970,1.0,18,3,5.0,4,5,0,3,3,3,4.0,3.0,4.0,10.002121007647323,0.293438283843121,247,9.983738191632929,0.0698033584586858
26,1,Travel_Frequently,Sales,14,3,Life Sciences,3065,Male,2,Manager,Single,75100,0.0,18,3,7.0,3,6,0,4,3,3,3.0,1.0,3.0,6.9786171236171235,0.30341791397221124,231,9.997907647907647,0.07307168998473344
22,0,Travel_Rarely,Research & Development,16,5,Other,3066,Male,1,Research Scientist,Married,29910,1.0,19,2,2.0,3,2,1,2,2,3,1.0,2.0,3.0,6.301039649608114,0.3195190241290989,241,9.993499308437068,0.0876751575226679
36,0,Travel_Rarely,Research & Development,1,3,Medical,3067,Female,5,Healthcare Representative,Married,196360,1.0,12,1,10.0,3,10,9,0,3,3,2.0,3.0,3.0,6.397997635933806,0.30144419034730885,235,9.972765957446809,0.06568438706027353
30,1,Travel_Frequently,Sales,3,2,Marketing,3068,Male,3,Research Scientist,Single,11290,9.0,19,0,3.0,2,1,0,0,2,3,3.0,4.0,3.0,8.179294871794871,0.29466633795959135,234,9.983119658119657,0.0704494057444701
37,0,Travel_Rarely,Research & Development,10,1,Technical Degree,3069,Male,1,Sales Executive,Divorced,133410,1.0,14,1,18.0,3,18,12,17,3,3,4.0,1.0,2.0,6.481071769194086,0.2969994377606674,233,9.99041487839771,0.08984546889645303
40,0,Travel_Rarely,Research & Development,6,2,Medical,3070,Male,3,Research Scientist,Divorced,43320,7.0,14,2,8.0,3,5,1,3,2,3,4.0,2.0,3.0,6.71229196217494,0.32175628121110217,235,9.999361702127661,0.08492717867895176
42,0,Travel_Rarely,Research & Development,2,3,Medical,3071,Female,4,Manager,Divorced,110310,3.0,12,1,8.0,2,5,1,2,2,3,2.0,1.0,3.0,7.534024390243902,0.30933228377613586,246,9.99932249322493,0.07758684069833897
37,0,Travel_Rarely,Sales,9,1,Marketing,3072,Male,3,Sales Executive,Single,44400,2.0,11,1,18.0,3,1,0,1,2,3,3.0,2.0,2.0,9.865617283950616,0.28597726036268406,243,10.001851851851852,0.080564738292011
43,0,Travel_Rarely,Sales,10,2,Life Sciences,3073,Female,1,Sales Executive,Divorced,46170,1.0,11,0,25.0,2,25,3,9,3,3,1.0,2.0,3.0,7.4287553191489355,0.31214151574144844,235,9.985602836879433,0.0767469640944819
40,0,Travel_Rarely,Sales,6,2,Life Sciences,3074,Female,1,Laboratory Technician,Married,26470,6.0,13,0,20.0,2,1,0,0,2,3,2.0,3.0,3.0,7.496623931623931,0.33035971989394597,234,9.992948717948718,0.06988688052529254
54,0,Travel_Rarely,Human Resources,9,3,Life Sciences,3075,Female,2,Manufacturing Director,Married,63230,4.0,23,1,24.0,2,4,1,2,2,4,1.0,1.0,2.0,5.9906901989325565,0.328241079876061,229,10.02976710334789,0.0730074503945453
34,0,Non-Travel,Research & Development,28,3,Medical,3076,Male,1,Laboratory Technician,Married,56770,9.0,20,1,6.0,3,3,1,2,3,4,3.0,3.0,3.0,6.85219621749409,0.30183759008201394,235,9.984751773049645,0.07559864419793501
31,0,Travel_Rarely,Research & Development,10,4,Life Sciences,3077,Male,3,Sales Executive,Married,21870,1.0,15,1,13.0,2,13,3,12,2,3,2.0,1.0,1.0,6.1033751229105215,0.30525420767755923,226,9.971312684365783,0.0716758494482684
43,0,Travel_Frequently,Sales,14,3,Life Sciences,3078,Female,1,Manufacturing Director,Married,37480,7.0,14,2,8.0,3,3,1,2,2,3,4.0,4.0,3.0,7.7028631602914395,0.2994111404916336,244,10.005942622950819,0.07184725595358567
43,0,Travel_Rarely,Sales,27,4,Life Sciences,3079,Male,2,Sales Representative,Divorced,39770,4.0,18,1,8.0,3,5,0,2,3,3,3.0,3.0,3.0,8.903843586075347,0.30463131498187607,233,9.968168812589413,0.06892373957870847
25,0,Travel_Rarely,Human Resources,7,2,Human Resources,3080,Male,1,Manufacturing Director,Single,86330,1.0,19,1,5.0,2,5,1,3,4,3,2.0,4.0,3.0,10.906502415458936,0.2983652173453227,230,9.97144927536232,0.07598624559627018
37,0,Non-Travel,Research & Development,1,3,Medical,3081,Male,3,Laboratory Technician,Married,20080,3.0,22,0,15.0,5,13,10,7,2,4,2.0,3.0,3.0,10.68521694214876,0.3282722383188595,242,9.992768595041323,0.08139170372148492
31,0,Travel_Rarely,Research & Development,24,1,Medical,3082,Male,3,Laboratory Technician,Married,44400,1.0,13,1,4.0,2,4,3,2,3,3,4.0,1.0,3.0,7.138725694444445,0.28940093273260653,240,9.966805555555556,0.07000927863009444
39,0,Travel_Frequently,Research & Development,26,4,Technical Degree,3083,Female,1,Sales Executive,Divorced,30670,1.0,20,1,21.0,5,21,1,6,1,4,2.0,3.0,3.0,8.98591836734694,0.31318243035330495,245,9.978503401360543,0.07439483662317385
56,0,Travel_Frequently,Research & Development,20,4,Life Sciences,3084,Female,3,Sales Executive,Married,53210,9.0,14,0,36.0,1,7,7,7,3,3,3.0,1.0,2.0,7.4406742535487025,0.3122434900211944,227,9.998458149779735,0.07490297107758413
30,0,Travel_Rarely,Sales,5,4,Medical,3085,Female,2,Manufacturing Director,Single,54100,0.0,17,1,6.0,2,5,4,4,3,3,2.0,3.0,3.0,7.581409985935303,0.27612569365256223,237,9.996272855133615,0.09079466534760458
41,0,Travel_Rarely,Research & Development,7,3,Technical Degree,3086,Female,3,Research Scientist,Married,27820,1.0,14,0,10.0,2,10,0,7,2,3,2.0,3.0,3.0,6.603824152542373,0.3098870381593319,236,10.013488700564972,0.06508560223584554
28,0,Travel_Rarely,Research & Development,7,3,Medical,3087,Male,3,Healthcare Representative,Divorced,119570,1.0,13,0,10.0,2,10,1,8,2,3,3.0,1.0,3.0,6.203099290780142,0.31341423047446865,235,9.995744680851065,0.072928158655109
25,1,Travel_Rarely,Research & Development,5,2,Life Sciences,3088,Female,3,Laboratory Technician,Married,26600,5.0,13,0,6.0,3,2,0,2,3,3,1.0,1.0,3.0,6.4915693858415375,0.2907194139112912,237,9.983966244725737,0.08240661279172333
52,0,Travel_Rarely,Research & Development,26,2,Life Sciences,3089,Female,2,Sales Representative,Married,33750,2.0,21,0,28.0,2,5,0,4,2,4,4.0,3.0,3.0,8.206621363853124,0.29534818801545243,233,9.997424892703863,0.0633865394734679
45,0,Travel_Rarely,Research & Development,2,3,Medical,3090,Female,1,Sales Executive,Married,50980,3.0,14,1,8.0,4,2,0,2,3,3,1.0,4.0,2.0,6.792599862258952,0.29728612768256724,242,9.980096418732783,0.07859597959984611
52,0,Travel_Rarely,Research & Development,12,3,Medical,3091,Male,2,Research Scientist,Married,48780,2.0,11,1,31.0,3,5,1,4,3,3,4.0,4.0,1.0,7.300627314814815,0.3012190566406228,240,9.982430555555556,0.08425417925770955
42,0,Travel_Frequently,Sales,10,3,Marketing,3092,Female,2,Healthcare Representative,Divorced,28370,2.0,13,1,19.0,0,5,0,2,2,3,1.0,3.0,3.0,6.798831496786043,0.2905538826590267,242,9.958057851239671,0.07768145906442786
30,0,Travel_Rarely,Sales,25,3,Marketing,3093,Male,1,Sales Executive,Single,24060,2.0,20,1,11.0,5,5,0,2,3,4,3.0,4.0,3.0,7.315416666666667,0.30464356823277877,244,10.005054644808745,0.07346314286356784
60,0,Travel_Rarely,Research & Development,10,3,Life Sciences,3094,Female,1,Manufacturing Director,Married,22690,5.0,18,1,33.0,4,29,11,10,3,3,1.0,1.0,1.0,6.205156544256121,0.3069536861175241,236,9.984745762711865,0.08331950955643709
46,0,Travel_Rarely,Sales,19,4,Marketing,3095,Female,1,Sales Executive,Divorced,41080,2.0,14,0,19.0,5,10,0,8,2,3,3.0,3.0,2.0,7.580708568738229,0.30881818649622794,236,9.96165254237288,0.07907995251833148
42,0,Travel_Frequently,Research & Development,18,4,Technical Degree,3096,Male,4,Sales Executive,Married,132060,0.0,13,2,7.0,2,6,0,4,3,3,4.0,4.0,4.0,6.615400572246066,0.30962616817790295,233,9.98912732474964,0.07300627538519723
24,1,Travel_Rarely,Research & Development,27,2,Medical,3097,Male,1,Research Scientist,Single,104220,1.0,17,1,6.0,0,5,1,4,2,3,1.0,2.0,3.0,10.635645458736745,0.2880137891807026,241,9.966597510373443,0.06171411556785007
34,1,Travel_Frequently,Research & Development,5,3,Medical,3098,Male,2,Research Scientist,Divorced,137440,0.0,20,1,3.0,3,2,1,0,3,4,4.0,3.0,2.0,6.200646551724139,0.3042166119970119,232,9.99655172413793,0.0756398135708481
38,0,Travel_Frequently,Sales,3,3,Marketing,3099,Female,2,Sales Executive,Married,49070,1.0,11,1,1.0,3,1,0,0,3,3,4.0,4.0,3.0,8.592567663817665,0.27877285710537736,234,9.976424501424502,0.08567810037945944
40,0,Travel_Rarely,Sales,26,4,Marketing,3100,Female,1,Sales Executive,Married,34820,0.0,18,1,21.0,2,20,1,12,2,3,3.0,3.0,3.0,6.006141044061303,0.2944468269220968,232,10.00574712643678,0.07245360003980691
26,0,Travel_Rarely,Research & Development,3,2,Medical,3101,Female,4,Healthcare Representative,Divorced,24360,1.0,24,0,3.0,2,3,0,2,4,4,1.0,4.0,1.0,6.303130761766134,0.30521377261538524,229,9.969141193595343,0.07412153017186346
30,0,Non-Travel,Research & Development,15,3,Medical,3102,Female,2,Sales Executive,Married,23800,4.0,18,3,9.0,2,5,1,4,2,3,3.0,4.0,1.0,7.906804407713499,0.29702186885704834,242,9.997176308539945,0.07293689916898133
29,0,Travel_Rarely,Research & Development,8,3,Medical,3103,Female,3,Manufacturing Director,Married,194310,1.0,11,0,10.0,3,10,0,7,3,3,2.0,3.0,3.0,7.181322126847878,0.3023207782961021,233,10.02167381974249,0.08140202341604591
29,1,Travel_Rarely,Research & Development,19,4,Life Sciences,3104,Male,3,Research Scientist,Married,17900,5.0,16,1,6.0,4,2,1,1,2,3,3.0,2.0,4.0,6.599958576998051,0.2807236868752611,228,10.00263157894737,0.08625834041785814
19,1,Travel_Rarely,Research & Development,4,3,Medical,3105,Male,1,Sales Executive,Single,76440,1.0,15,2,1.0,2,1,0,0,3,3,1.0,4.0,4.0,7.925364877589453,0.2993821393339681,236,9.989406779661017,0.07758470569379326
30,0,Non-Travel,Research & Development,2,4,Life Sciences,3106,Female,3,Research Scientist,Married,51310,0.0,15,1,10.0,2,9,7,8,3,3,3.0,1.0,3.0,6.711006944444445,0.2946830598153908,240,10.008888888888889,0.07580629164729587
57,0,Travel_Rarely,Research & Development,2,2,Life Sciences,3107,Male,4,Research Scientist,Divorced,63060,3.0,12,1,32.0,3,1,0,0,3,3,1.0,4.0,2.0,6.319523635477583,0.30962086290761165,228,9.993640350877193,0.0767765573073653
50,0,Travel_Rarely,Sales,10,4,Life Sciences,3108,Female,3,Manager,Married,47870,0.0,12,0,28.0,3,27,15,7,3,3,2.0,3.0,3.0,7.219125603864734,0.28302702411934283,230,9.99268115942029,0.07570190177836851
30,0,Non-Travel,Sales,10,2,Life Sciences,3109,Male,3,Laboratory Technician,Single,188800,0.0,22,1,12.0,3,11,6,7,3,4,3.0,4.0,2.0,6.288169577874818,0.3013222810078497,229,10.007933042212517,0.07741364267048016
60,0,Travel_Frequently,Research & Development,16,3,Life Sciences,3110,Female,4,Laboratory Technician,Married,23390,4.0,20,0,22.0,4,18,13,11,3,4,3.0,1.0,4.0,7.198991898148148,0.2894016343328781,240,10.005347222222222,0.07547919088021074
47,0,Travel_Rarely,Research & Development,1,3,Technical Degree,3111,Male,5,Manufacturing Director,Divorced,135700,5.0,16,2,20.0,2,5,0,4,2,3,1.0,4.0,3.0,7.784305555555556,0.32689170395558403,240,10.005208333333334,0.09401855241748021
46,0,Travel_Rarely,Sales,4,1,Technical Degree,3112,Male,1,Laboratory Technician,Married,67120,6.0,21,1,26.0,3,3,0,1,2,4,1.0,3.0,1.0,6.780565175565176,0.3031479110476251,231,9.983044733044732,0.08342503712068934
35,0,Travel_Rarely,Research & Development,15,2,Medical,3113,Female,2,Laboratory Technician,Single,54060,0.0,12,1,6.0,2,5,4,3,3,3,4.0,3.0,3.0,6.487327986982799,0.32586419989203413,239,9.996094839609484,0.0673002785493555
54,0,Travel_Rarely,Research & Development,2,4,Medical,3114,Male,2,Human Resources,Single,89380,7.0,11,3,19.0,2,1,0,0,3,3,3.0,3.0,3.0,7.7066478342749525,0.300984620585969,236,9.980084745762712,0.07286647032896582
34,0,Travel_Rarely,Sales,8,2,Life Sciences,3115,Male,1,Laboratory Technician,Divorced,24390,3.0,11,2,14.0,2,7,5,7,4,3,3.0,3.0,3.0,7.56542270531401,0.2883027491794202,230,9.951086956521738,0.08266620783494719
46,0,Travel_Rarely,Research & Development,2,3,Life Sciences,3116,Male,1,Healthcare Representative,Married,88370,2.0,18,0,15.0,3,3,1,2,2,3,3.0,4.0,3.0,9.194820936639118,0.3031129344426991,242,9.982093663911845,0.07013676942948922
31,0,Travel_Rarely,Research & Development,7,3,Life Sciences,3117,Male,2,Research Director,Divorced,53430,1.0,14,1,13.0,3,13,0,8,3,3,3.0,2.0,4.0,6.413506493506493,0.297719275019694,231,9.998845598845598,0.08354938620156023
33,1,Travel_Rarely,Research & Development,10,3,Life Sciences,3118,Female,4,Research Director,Married,67280,7.0,22,0,15.0,2,7,7,7,2,4,2.0,3.0,4.0,8.488653757491932,0.3064447044830503,241,10.008782849239282,0.06490517903795917
33,1,Travel_Rarely,Sales,5,4,Marketing,3119,Male,2,Research Director,Divorced,66520,7.0,25,0,8.0,5,4,1,3,3,4,1.0,4.0,3.0,6.980869363086937,0.31062517539826806,239,10.017294281729427,0.08171879211935819
30,0,Travel_Rarely,Research & Development,2,3,Life Sciences,3120,Male,1,Sales Executive,Single,48500,0.0,12,1,4.0,4,3,1,2,3,3,4.0,2.0,3.0,6.498657796451914,0.30394576656712097,238,10.000980392156864,0.08014905821681702
31,1,Travel_Frequently,Research & Development,22,2,Medical,3122,Female,2,Sales Executive,Married,56890,3.0,15,2,12.0,2,1,0,0,2,3,1.0,3.0,3.0,6.606826066572902,0.3046663862098733,237,10.035091420534458,0.07776643463888692
34,1,Travel_Frequently,Sales,17,1,Marketing,3123,Male,1,Research Director,Divorced,20010,9.0,22,1,11.0,5,3,0,2,4,4,2.0,1.0,3.0,11.012135565052231,0.31422525783125943,234,10.002991452991452,0.062284765782619746
42,0,Travel_Frequently,Research & Development,2,4,Medical,3124,Female,1,Research Scientist,Married,29770,4.0,15,3,8.0,3,2,2,0,2,3,2.0,3.0,3.0,7.799356725146198,0.2759921248072243,228,10.008187134502924,0.0907574430447142
36,0,Non-Travel,Research & Development,3,4,Medical,3125,Male,1,Research Scientist,Single,40250,1.0,11,0,10.0,3,10,9,7,3,3,2.0,4.0,2.0,7.20112389586239,0.3037879462763796,239,9.976290097629011,0.07449150092393997
22,1,Travel_Frequently,Research & Development,7,3,Medical,3126,Female,2,Laboratory Technician,Single,37850,5.0,13,2,4.0,2,2,1,2,3,3,3.0,3.0,3.0,6.430002384358607,0.3029481598088032,233,9.978540772532188,0.08958780400572246
48,0,Travel_Rarely,Research & Development,6,3,Medical,3127,Male,1,Laboratory Technician,Married,108540,2.0,14,1,14.0,6,9,6,7,3,3,2.0,4.0,3.0,6.771397093295827,0.2884752017693652,237,10.007102672292547,0.07701737029885496
55,0,Travel_Rarely,Research & Development,1,3,Medical,3128,Female,1,Sales Executive,Single,120310,3.0,11,0,37.0,5,10,7,7,3,3,1.0,2.0,3.0,7.418745754488113,0.3080139634191161,229,9.975036390101891,0.0840098061748257
41,0,Non-Travel,Research & Development,3,2,Life Sciences,3129,Female,2,Research Scientist,Single,99360,7.0,17,1,16.0,2,14,1,10,2,3,4.0,4.0,3.0,6.181212226871223,0.29275034405475914,239,9.985285913528593,0.0730143786942951
35,0,Travel_Rarely,Research & Development,22,3,Medical,3130,Female,1,Sales Representative,Married,29660,9.0,18,0,15.0,2,11,6,9,2,3,2.0,3.0,3.0,6.007819618781962,0.30196094415716285,239,9.994421199442117,0.08293326535635168
40,0,Travel_Rarely,Research & Development,15,3,Life Sciences,3131,Female,2,Laboratory Technician,Single,25710,7.0,14,0,22.0,1,20,5,13,3,3,2.0,3.0,3.0,7.32916785884597,0.2932688405754122,233,10.006580829756794,0.07604846003321653
39,0,Travel_Frequently,Research & Development,12,1,Medical,3132,Male,1,Research Scientist,Married,99910,1.0,16,1,8.0,3,8,0,7,3,3,3.0,3.0,3.0,7.065051139005114,0.2966640241572832,239,9.96492329149233,0.0755163222890272
31,0,Travel_Rarely,Research & Development,1,4,Life Sciences,3133,Male,3,Research Director,Single,61420,4.0,13,2,10.0,2,6,0,5,2,3,2.0,4.0,4.0,8.685710884353743,0.2817420594921428,245,9.990544217687075,0.07736582283186494
42,0,Travel_Rarely,Research & Development,5,3,Medical,3134,Male,3,Sales Executive,Married,53900,1.0,14,0,10.0,3,10,5,8,3,3,4.0,1.0,2.0,10.796660654160654,0.2789588880505784,231,9.952164502164502,0.07388176799046357
45,0,Travel_Rarely,Research & Development,2,1,Medical,3135,Female,4,Sales Executive,Married,44040,0.0,23,0,9.0,2,8,3,7,3,4,4.0,2.0,4.0,7.365032467532468,0.31297856852281136,231,10.01976911976912,0.06839733776690307
26,1,Travel_Frequently,Research & Development,2,1,Life Sciences,3136,Female,2,Laboratory Technician,Divorced,59930,0.0,12,0,8.0,3,7,1,0,3,3,2.0,3.0,2.0,9.178884200656354,0.3229455340824306,237,9.993600562587906,0.07606409966069916
29,0,Travel_Rarely,Research & Development,5,3,Medical,3137,Male,1,Research Scientist,Divorced,51300,4.0,11,0,8.0,3,3,1,2,2,3,4.0,4.0,4.0,7.425431697931698,0.3211814051163032,231,10.041341991341993,0.08768316707447148
33,0,Travel_Rarely,Research & Development,16,3,Medical,3138,Female,1,Laboratory Technician,Divorced,20900,4.0,16,0,10.0,2,6,0,5,3,3,1.0,3.0,3.0,7.4132265890344495,0.3144398209065615,229,9.985807860262009,0.0746307894311227
31,0,Travel_Rarely,Research & Development,2,4,Life Sciences,3139,Female,1,Sales Executive,Divorced,29090,9.0,14,2,10.0,2,5,0,1,3,3,3.0,4.0,2.0,6.695462194559705,0.3044400617756645,241,9.984301521438452,0.07666341055786072
18,1,Travel_Frequently,Research & Development,2,3,Technical Degree,3140,Male,1,Sales Executive,Single,34680,1.0,18,2,0.0,4,0,0,0,4,3,2.0,2.0,3.0,9.204595744680852,0.3048781915516922,235,9.996524822695037,0.08180529793295749
40,0,Non-Travel,Research & Development,1,4,Technical Degree,3141,Female,2,Laboratory Technician,Divorced,30680,3.0,19,0,20.0,3,1,0,1,2,3,3.0,1.0,3.0,6.857323343079923,0.3217597861832965,228,9.99780701754386,0.07608425432156016
41,0,Non-Travel,Research & Development,23,3,Life Sciences,3142,Male,2,Manufacturing Director,Single,26700,2.0,15,2,10.0,2,8,0,7,2,3,1.0,3.0,3.0,9.293875545851527,0.2952981851225081,229,10.002620087336247,0.06866025902942698
26,0,Travel_Rarely,Research & Development,9,4,Medical,3143,Male,3,Healthcare Representative,Divorced,26930,5.0,17,3,8.0,3,0,0,0,2,3,1.0,3.0,3.0,5.988631120527307,0.28526244015538427,236,10.010875706214689,0.07596632207396725
35,0,Travel_Rarely,Research & Development,16,4,Medical,3144,Male,2,Human Resources,Single,95260,1.0,15,0,5.0,2,5,0,3,2,3,1.0,3.0,3.0,6.2932205240174675,0.2988211698446957,229,10.015938864628819,0.0835520995599139
34,0,Travel_Rarely,Research & Development,26,3,Medical,3145,Male,1,Laboratory Technician,Single,52370,1.0,19,1,10.0,3,10,5,7,2,3,4.0,4.0,3.0,6.3876744719926535,0.29762793720853403,242,10.001584022038568,0.08309683500413426
26,1,Travel_Rarely,Sales,1,3,Marketing,3146,Female,2,Manufacturing Director,Single,24260,1.0,22,0,1.0,3,1,0,0,1,4,3.0,4.0,1.0,8.699645593869732,0.29925095344632957,232,9.984195402298852,0.07964331326400284
37,0,Travel_Rarely,Research & Development,8,1,Life Sciences,3147,Male,1,Sales Executive,Single,41930,4.0,16,1,12.0,5,6,1,2,3,3,2.0,4.0,4.0,7.397629392212726,0.2996602143226187,234,9.983333333333334,0.07588936576061041
46,0,Travel_Frequently,Research & Development,4,1,Medical,3148,Male,5,Human Resources,Married,29110,5.0,13,0,28.0,3,2,1,2,3,3,1.0,3.0,2.0,6.240668812589413,0.29347804061220284,233,10.017095851216023,0.06841696060052946
41,0,Travel_Rarely,Research & Development,24,1,Life Sciences,3149,Male,1,Research Director,Married,26610,7.0,14,1,22.0,2,18,11,8,3,3,2.0,1.0,3.0,7.72220068027211,0.2826368148213009,245,9.991904761904761,0.0794367030965391
37,0,Non-Travel,Research & Development,7,2,Medical,3150,Male,1,Sales Executive,Divorced,20280,1.0,16,1,9.0,3,9,7,7,3,3,1.0,2.0,3.0,7.506805555555556,0.2847111939281463,236,9.979237288135591,0.07960253636254355
52,0,Travel_Rarely,Sales,2,1,Medical,3151,Male,1,Laboratory Technician,Divorced,99800,3.0,11,1,18.0,2,10,6,9,3,3,4.0,1.0,3.0,9.078030942334742,0.3196944638651128,237,9.995428973277075,0.05792040136038198
32,1,Non-Travel,Research & Development,7,2,Life Sciences,3152,Female,2,Research Director,Married,32980,8.0,22,0,6.0,4,4,1,2,2,4,4.0,3.0,3.0,5.98072800925926,0.3181349316455915,240,9.972499999999998,0.08178823802882385
24,0,Travel_Frequently,Sales,22,3,Life Sciences,3153,Female,1,Healthcare Representative,Married,29350,0.0,14,2,3.0,5,2,2,1,2,3,4.0,4.0,3.0,5.993148148148148,0.3067303577325585,228,9.988888888888889,0.0779743840757056
38,0,Travel_Rarely,Research & Development,5,3,Life Sciences,3154,Female,1,Research Scientist,Married,154270,3.0,16,1,18.0,2,1,0,0,3,3,3.0,3.0,3.0,6.010115641392465,0.2858397076821132,233,10.00793991416309,0.07538568028217658
37,0,Travel_Rarely,Research & Development,1,4,Technical Degree,3155,Female,5,Research Scientist,Married,39440,6.0,11,2,8.0,3,6,4,3,3,3,2.0,2.0,2.0,6.8842312125403415,0.2825647408128403,241,9.993637621023511,0.07070009220839098
49,0,Travel_Rarely,Sales,21,1,Life Sciences,3156,Male,1,Sales Executive,Divorced,40110,1.0,18,2,31.0,2,31,0,9,1,3,4.0,3.0,3.0,10.810944669365721,0.2647906899658141,247,10.001079622132252,0.08124995885586389
24,0,Travel_Rarely,Sales,1,3,Marketing,3157,Female,1,Sales Executive,Married,34070,1.0,15,2,6.0,2,6,1,4,2,3,2.0,4.0,3.0,9.029714187327823,0.3045880207397898,242,10.01714876033058,0.07845873388734571
26,0,Travel_Rarely,Research & Development,19,4,Technical Degree,3158,Female,4,Sales Executive,Married,119940,1.0,14,1,6.0,6,5,1,4,3,3,1.0,2.0,4.0,7.4096365740740735,0.270511079236434,240,10.01173611111111,0.08434216159150786
24,0,Travel_Rarely,Sales,7,3,Medical,3159,Female,1,Laboratory Technician,Married,12320,1.0,12,0,1.0,4,1,0,0,1,3,4.0,2.0,3.0,6.796458333333335,0.28262050707452635,228,9.97953216374269,0.08209023537797022
50,0,Travel_Frequently,Sales,2,2,Marketing,3160,Male,1,Sales Executive,Married,29600,1.0,14,3,32.0,2,32,10,7,3,3,1.0,2.0,3.0,6.80873417721519,0.307890716606356,237,9.977355836849508,0.08488996559314085
25,0,Travel_Rarely,Research & Development,2,3,Life Sciences,3161,Male,1,Research Scientist,Married,190940,1.0,16,0,7.0,3,7,0,6,2,3,2.0,3.0,3.0,7.404134199134199,0.3005900530289109,231,9.986363636363638,0.06963087395696095
24,1,Travel_Frequently,Research & Development,2,3,Medical,3162,Male,2,Research Scientist,Married,39190,1.0,21,0,6.0,3,6,1,2,3,4,1.0,3.0,3.0,10.791623300515704,0.308253361233318,237,9.98959212376934,0.0719980909358189
30,1,Travel_Frequently,Research & Development,9,3,Other,3163,Male,2,Healthcare Representative,Married,68250,1.0,14,0,1.0,2,1,0,0,3,3,2.0,1.0,4.0,6.91139233241506,0.29231261265486463,242,10.021280991735537,0.08302264916231344
34,0,Travel_Rarely,Sales,6,2,Life Sciences,3164,Male,4,Research Director,Married,102480,1.0,12,1,6.0,4,6,1,3,3,3,2.0,4.0,3.0,8.937468123861565,0.30997821175912177,244,9.976639344262296,0.09079405503459351
31,1,Travel_Rarely,Research & Development,9,1,Medical,3165,Female,1,Sales Representative,Divorced,189470,2.0,12,2,9.0,2,3,1,2,2,3,2.0,1.0,1.0,6.717291962174941,0.2975060573874788,235,9.99177304964539,0.07442395587076435
35,0,Travel_Rarely,Research & Development,2,3,Life Sciences,3166,Female,5,Sales Executive,Single,24960,4.0,17,3,9.0,3,3,0,2,3,3,1.0,4.0,3.0,7.893947056030389,0.30505369151820116,234,10.008333333333333,0.07827193609918925
31,0,Travel_Rarely,Sales,1,3,Marketing,3167,Female,2,Sales Executive,Divorced,64650,4.0,17,0,13.0,3,7,5,7,3,3,1.0,4.0,4.0,6.314440928270042,0.31349877062024795,237,9.967651195499297,0.07487661604964761
27,0,Travel_Rarely,Sales,22,4,Medical,3168,Male,1,Sales Representative,Divorced,22060,0.0,14,1,6.0,4,5,0,3,3,3,1.0,3.0,2.0,7.891020833333333,0.3108399420156224,240,10.006527777777778,0.08507575933674263
37,0,Travel_Rarely,Sales,9,4,Marketing,3169,Female,2,Laboratory Technician,Married,20860,4.0,14,0,17.0,3,3,1,0,3,3,4.0,3.0,2.0,8.928014571948998,0.3021200033656115,244,10.020491803278688,0.08092495146431601
20,0,Travel_Rarely,Research & Development,17,4,Medical,3170,Female,1,Sales Representative,Single,22930,1.0,13,2,1.0,3,1,0,0,1,3,4.0,2.0,4.0,7.145572989307299,0.30918640457069135,239,10.014853556485356,0.07385290796932448
42,0,Travel_Rarely,Research & Development,28,4,Life Sciences,3171,Female,2,Manufacturing Director,Married,26450,1.0,15,0,10.0,5,10,2,2,3,3,3.0,4.0,3.0,7.480773635477583,0.29368546056777295,228,9.990058479532163,0.0777299035645894
43,0,Travel_Rarely,Research & Development,10,5,Technical Degree,3172,Female,2,Sales Executive,Divorced,26830,4.0,11,0,21.0,3,1,0,0,3,3,2.0,4.0,2.0,8.685696202531647,0.29532709753997777,237,9.958649789029534,0.07261907316026604
38,0,Travel_Rarely,Human Resources,2,4,Medical,3173,Male,1,Human Resources,Single,20140,3.0,17,1,8.0,5,0,0,0,4,3,3.0,1.0,2.0,6.786083562901745,0.29453526310830835,242,9.971487603305787,0.0766871277848268
43,0,Travel_Frequently,Sales,4,3,Medical,3174,Female,2,Healthcare Representative,Divorced,34190,3.0,11,1,10.0,5,8,4,7,3,3,4.0,3.0,3.0,9.060249766573296,0.28315804928672506,238,9.975070028011205,0.07321788068251205
48,0,Travel_Rarely,Research & Development,8,1,Medical,3175,Male,2,Laboratory Technician,Married,53760,7.0,13,1,21.0,3,3,0,2,4,3,4.0,1.0,1.0,7.013436474449132,0.3001149685350677,237,9.973206751054851,0.07140831724236577
44,0,Travel_Rarely,Sales,29,4,Marketing,3176,Male,2,Sales Executive,Single,19510,4.0,22,3,10.0,4,2,0,2,4,4,1.0,3.0,4.0,6.716417704011065,0.27599571444135595,241,9.97759336099585,0.08657918395573984
34,0,Travel_Rarely,Research & Development,13,4,Life Sciences,3177,Female,1,Laboratory Technician,Divorced,23410,1.0,20,2,8.0,3,8,0,6,2,4,3.0,3.0,3.0,8.410260270774977,0.2940285976108824,238,9.994397759103643,0.07415741824155828
27,1,Travel_Rarely,Sales,27,3,Life Sciences,3178,Male,2,Research Scientist,Divorced,22930,0.0,18,0,5.0,0,4,0,2,3,3,3.0,1.0,3.0,6.512541062801933,0.2807055213440377,230,10.008985507246377,0.0702270109486741
21,0,Travel_Rarely,Sales,16,2,Life Sciences,3179,Male,3,Sales Executive,Single,87260,1.0,11,1,3.0,2,3,1,2,1,3,3.0,3.0,3.0,7.165077546296296,0.27198867597743764,240,10.002777777777776,0.08623121028978772
44,0,Travel_Rarely,Research & Development,2,2,Life Sciences,3180,Male,1,Laboratory Technician,Married,40110,4.0,14,1,26.0,2,2,0,1,3,3,4.0,4.0,4.0,8.711613865932048,0.30791627103033903,242,9.997520661157024,0.08087672271565145
22,0,Travel_Rarely,Research & Development,2,2,Medical,3181,Female,2,Laboratory Technician,Married,195450,0.0,14,0,3.0,3,2,2,2,2,3,1.0,3.0,3.0,5.9946639980591945,0.2872785234839479,229,9.957933042212519,0.06714561148139638
33,0,Travel_Rarely,Sales,13,4,Marketing,3182,Female,2,Manufacturing Director,Divorced,45680,0.0,18,1,6.0,2,5,1,2,3,3,3.0,3.0,3.0,7.303262436076244,0.2883493958313963,239,9.980543933054395,0.08130871316448476
32,0,Travel_Rarely,Research & Development,1,1,Life Sciences,3183,Female,1,Healthcare Representative,Married,30220,1.0,16,1,6.0,3,6,0,5,3,3,1.0,4.0,2.0,9.408271604938271,0.3079349702427085,243,10.01124828532236,0.07059838943116165
30,0,Travel_Frequently,Research & Development,4,5,Technical Degree,3184,Male,3,Manager,Divorced,57720,1.0,17,0,1.0,3,1,0,0,3,3,3.0,3.0,3.0,7.319099859353023,0.2942371637036599,237,9.999085794655414,0.08589958441599717
53,0,Travel_Rarely,Research & Development,24,3,Other,3185,Female,3,Manager,Single,22690,7.0,11,1,18.0,2,14,8,10,2,3,4.0,1.0,4.0,7.110381083562901,0.293728243179715,242,9.979752066115703,0.08661920982743315
34,0,Travel_Rarely,Research & Development,1,5,Medical,3186,Male,1,Research Scientist,Married,53810,1.0,12,0,10.0,0,10,8,8,3,3,2.0,4.0,2.0,7.383673724954463,0.29513922448269414,244,9.991871584699453,0.0700971229020967
45,1,Travel_Frequently,Research & Development,19,4,Life Sciences,3187,Male,3,Research Director,Married,34410,2.0,13,1,5.0,5,1,0,0,3,3,1.0,1.0,3.0,7.603039855072464,0.29803363774829034,230,9.995724637681159,0.07995616838596713
26,0,Travel_Rarely,Research & Development,7,2,Life Sciences,3188,Male,1,Manufacturing Director,Married,54540,1.0,13,1,3.0,5,3,0,2,4,3,3.0,4.0,3.0,9.990916305916306,0.3105675215634821,231,9.978427128427127,0.06941543802413376
37,0,Travel_Rarely,Research & Development,4,3,Medical,3189,Male,1,Manager,Married,98840,1.0,14,0,10.0,3,10,7,8,2,3,3.0,3.0,3.0,6.228323795898902,0.26785395544512314,233,9.982331902718169,0.07196019971058817
29,0,Travel_Rarely,Research & Development,2,3,Life Sciences,3190,Female,1,Healthcare Representative,Married,41570,1.0,17,3,6.0,2,6,1,2,3,3,2.0,3.0,2.0,6.803848547717842,0.3203242884847764,241,9.991009681881051,0.07623365222068539
35,0,Travel_Rarely,Research & Development,10,5,Medical,3191,Female,4,Laboratory Technician,Single,134580,1.0,11,0,17.0,3,17,11,8,3,3,2.0,4.0,3.0,6.678400095374344,0.3000100520594768,233,9.992918454935625,0.09212516238304319
33,0,Travel_Frequently,Research & Development,8,3,Technical Degree,3192,Male,2,Laboratory Technician,Divorced,90690,3.0,25,1,15.0,3,13,4,7,3,4,3.0,4.0,1.0,7.480845570239844,0.32824742384042704,227,9.998604992657857,0.07414873364261308
54,0,Travel_Rarely,Research & Development,5,2,Life Sciences,3193,Female,2,Sales Executive,Married,40140,2.0,19,1,16.0,4,9,7,1,2,3,3.0,2.0,4.0,6.402996376811594,0.2998984019389705,230,10.01340579710145,0.07830203257177826
36,0,Travel_Rarely,Research & Development,8,3,Life Sciences,3194,Male,2,Research Scientist,Divorced,59150,2.0,13,1,13.0,3,3,0,2,2,3,2.0,2.0,3.0,10.695917015341701,0.2894557662636157,239,9.999372384937239,0.08257546812309315
27,0,Travel_Rarely,Sales,9,3,Marketing,3195,Male,5,Research Director,Single,59930,0.0,14,1,5.0,3,4,1,1,1,3,1.0,4.0,3.0,6.983818015546411,0.30710962909823075,243,9.99917695473251,0.07343136754752926
20,1,Travel_Rarely,Research & Development,1,3,Life Sciences,3196,Male,5,Sales Representative,Single,61620,1.0,12,3,1.0,2,1,1,1,2,3,4.0,3.0,3.0,8.586739526411657,0.28152000224490664,244,9.995560109289617,0.08692236445613785
33,1,Travel_Frequently,Research & Development,15,4,Medical,3197,Female,1,Laboratory Technician,Single,24060,1.0,11,0,10.0,3,10,9,7,3,3,1.0,1.0,3.0,10.374517797017797,0.3146898798952913,231,9.987373737373735,0.07798360415751719
35,0,Non-Travel,Research & Development,2,1,Medical,3198,Male,1,Research Scientist,Married,187400,1.0,19,1,1.0,2,1,0,0,4,3,3.0,3.0,3.0,6.723173216885007,0.2943512911193224,229,9.967540029112081,0.07059864909727018
23,0,Travel_Rarely,Research & Development,2,3,Life Sciences,3199,Male,1,Healthcare Representative,Married,76370,2.0,11,1,5.0,3,3,0,2,3,3,1.0,1.0,4.0,7.078298156234836,0.2880221321500107,229,9.992212518195052,0.07449927432603821
25,0,Travel_Rarely,Research & Development,11,3,Medical,3200,Male,2,Manufacturing Director,Married,100960,0.0,11,1,4.0,3,3,1,2,3,3,4.0,2.0,3.0,7.679447975517891,0.2883122762970759,236,10.018573446327682,0.06917956384982171
38,0,Travel_Rarely,Research & Development,16,3,Life Sciences,3201,Male,5,Research Scientist,Single,147560,0.0,20,1,8.0,3,7,0,5,2,4,4.0,4.0,3.0,6.811202107279694,0.31222511350927834,232,10.010704022988508,0.07264947815594366
29,0,Travel_Frequently,Sales,2,4,Life Sciences,3202,Male,4,Healthcare Representative,Divorced,64990,1.0,18,3,10.0,3,10,2,8,2,3,2.0,4.0,3.0,7.774786324786324,0.30428668757058835,234,9.999857549857548,0.07761800537193946
48,0,Travel_Rarely,Research & Development,16,3,Technical Degree,3203,Male,1,Sales Executive,Married,97240,3.0,13,0,12.0,2,2,2,2,4,3,2.0,2.0,3.0,7.108345463367297,0.28559719451373927,229,10.011353711790393,0.07756545962188333
27,0,Travel_Frequently,Sales,4,3,Technical Degree,3204,Male,5,Laboratory Technician,Divorced,21940,1.0,12,0,6.0,5,6,0,4,3,3,4.0,4.0,3.0,8.891393596986816,0.30080349994298555,236,10.00204802259887,0.08902770264855553
37,0,Travel_Rarely,Research & Development,16,3,Life Sciences,3205,Male,3,Manager,Single,33880,3.0,11,0,4.0,2,1,0,0,4,3,4.0,4.0,3.0,7.560947712418301,0.31218434995901556,238,9.990826330532213,0.09339064106655325
50,0,Travel_Rarely,Sales,5,3,Medical,3206,Male,1,Laboratory Technician,Married,54730,1.0,19,1,20.0,2,20,3,8,4,3,4.0,3.0,3.0,9.11023893596987,0.2973069621283176,236,9.975564971751414,0.07591575509876991
34,0,Travel_Rarely,Research & Development,18,1,Medical,3207,Male,1,Healthcare Representative,Single,27030,1.0,21,1,9.0,2,8,7,7,3,4,4.0,2.0,4.0,6.781759661835748,0.30011406870832197,230,9.987173913043478,0.08118969790941503
24,1,Travel_Rarely,Research & Development,17,2,Life Sciences,3208,Female,1,Healthcare Representative,Single,25010,9.0,12,0,4.0,3,2,2,0,1,3,1.0,3.0,3.0,7.514184941520468,0.3139414263105008,228,9.983040935672514,0.08142429004473979
39,0,Travel_Rarely,Research & Development,12,5,Medical,3209,Female,1,Sales Representative,Single,62200,1.0,14,2,20.0,2,20,11,10,3,3,4.0,3.0,3.0,6.67428270042194,0.29948210994108676,237,9.999578059071728,0.06672298505327894
32,0,Travel_Rarely,Research & Development,2,3,Life Sciences,3210,Male,5,Research Scientist,Single,30380,1.0,11,0,10.0,5,10,0,8,1,3,4.0,4.0,2.0,7.880511254789272,0.319784662659779,232,9.980747126436782,0.08397837156457855
50,1,Travel_Frequently,Research & Development,4,2,Medical,3211,Male,4,Sales Representative,Married,44240,3.0,14,1,18.0,2,4,1,3,2,3,2.0,3.0,3.0,8.186869747899161,0.3000897069813114,238,10.00637254901961,0.08530732053721628
38,0,Travel_Rarely,Research & Development,9,4,Life Sciences,3212,Male,1,Sales Executive,Single,43120,0.0,12,1,10.0,2,9,1,8,2,3,2.0,4.0,2.0,7.195928362573099,0.3045033921090744,228,9.991593567251464,0.0734960788228526
27,0,Travel_Rarely,Research & Development,10,3,Medical,3213,Male,5,Research Scientist,Married,132450,1.0,23,1,9.0,3,9,0,7,2,4,3.0,1.0,3.0,6.4921731321839085,0.3053285558448361,232,9.967672413793103,0.07225006634489393
32,0,Travel_Rarely,Sales,1,3,Medical,3214,Male,2,Sales Executive,Single,136640,3.0,14,0,10.0,6,7,7,7,3,3,3.0,4.0,3.0,7.872965399610136,0.3008355530200194,228,10.012646198830408,0.07820084735210511
47,0,Travel_Rarely,Research & Development,2,3,Medical,3215,Female,5,Sales Executive,Single,50210,2.0,17,0,20.0,3,7,1,7,3,3,4.0,1.0,3.0,6.696672358834244,0.28571570451555456,244,9.993647540983607,0.06375577649598593
40,0,Travel_Frequently,Research & Development,3,4,Medical,3216,Female,3,Human Resources,Married,51260,5.0,18,0,20.0,2,18,1,12,3,3,4.0,1.0,3.0,8.61273776863283,0.301472615753606,243,9.977160493827162,0.09171104989286817
53,0,Travel_Rarely,Research & Development,7,1,Life Sciences,3217,Male,2,Laboratory Technician,Married,28590,3.0,18,1,32.0,2,5,1,3,3,3,3.0,3.0,3.0,6.809521604938272,0.31544909411126043,234,10.025712250712251,0.07375068270096881
41,0,Travel_Rarely,Sales,6,3,Medical,3218,Male,1,Sales Executive,Divorced,102390,3.0,24,3,23.0,3,21,12,6,3,4,2.0,4.0,2.0,7.724133986928106,0.3078711414810175,238,9.975350140056022,0.07382254448896296
60,0,Travel_Rarely,Research & Development,8,2,Life Sciences,3219,Female,5,Laboratory Technician,Single,53290,8.0,20,0,10.0,3,2,2,2,4,4,1.0,1.0,3.0,6.591772486772486,0.2778437690188838,231,9.989754689754688,0.0692472342472342
27,0,Travel_Frequently,Research & Development,29,1,Life Sciences,3220,Male,2,Manufacturing Director,Divorced,43250,1.0,14,0,9.0,2,9,1,7,2,3,4.0,1.0,2.0,7.398501461988304,0.30712424633124297,228,9.956652046783626,0.09236989699530276
41,0,Travel_Rarely,Research & Development,3,3,Medical,3221,Male,1,Manufacturing Director,Married,72600,1.0,16,0,22.0,2,22,2,10,3,3,4.0,3.0,3.0,6.2199187853107345,0.28886329834502933,236,9.975635593220339,0.07219462976319266
50,0,Travel_Rarely,Sales,9,3,Life Sciences,3222,Male,2,Research Scientist,Married,23220,7.0,25,1,4.0,0,2,2,2,4,4,4.0,2.0,3.0,7.399452789699571,0.28643079705669605,233,9.993204577968529,0.08108987798661473
28,1,Travel_Rarely,Sales,2,4,Life Sciences,3223,Male,3,Research Scientist,Single,20750,7.0,18,3,10.0,0,7,3,7,2,3,1.0,2.0,3.0,8.10241850321396,0.3033563350399267,242,9.987809917355372,0.09699808819999323
36,0,Non-Travel,Research & Development,10,4,Technical Degree,3224,Female,2,Research Scientist,Married,41520,9.0,19,1,10.0,3,8,0,5,3,3,1.0,1.0,3.0,6.0103244631185815,0.3083108719097164,238,9.980742296918766,0.07879893096479106
38,0,Travel_Rarely,Research & Development,1,3,Medical,3225,Female,3,Manager,Single,96190,4.0,13,1,10.0,2,1,0,0,3,3,3.0,3.0,4.0,9.792004629629629,0.2864466820226514,240,9.981041666666666,0.06856167189679212
44,0,Non-Travel,Research & Development,8,2,Life Sciences,3226,Male,1,Research Scientist,Single,135030,2.0,12,0,9.0,6,5,1,4,2,3,1.0,3.0,3.0,6.090522030651341,0.2892648863755078,232,10.019181034482758,0.07949942259209498
47,0,Travel_Frequently,Research & Development,27,3,Life Sciences,3227,Male,1,Research Scientist,Divorced,54410,9.0,22,1,28.0,6,22,11,13,2,4,4.0,3.0,2.0,8.281967213114754,0.3092382318532667,244,9.9823087431694,0.08506867611894423
30,0,Travel_Rarely,Research & Development,8,3,Life Sciences,3228,Male,2,Sales Executive,Divorced,52090,7.0,14,1,10.0,3,8,7,7,3,3,3.0,4.0,2.0,7.524912764003673,0.2915310109193703,242,9.992561983471074,0.06543084561190947
29,0,Travel_Rarely,Research & Development,1,2,Medical,3229,Female,1,Sales Executive,Single,106730,1.0,13,3,1.0,2,1,0,0,3,3,3.0,3.0,3.0,6.440665053019826,0.3057930156590945,241,10.03789764868603,0.07893972836944838
42,1,Travel_Frequently,Research & Development,10,1,Life Sciences,3230,Female,1,Sales Executive,Divorced,50100,6.0,21,3,7.0,3,2,2,2,3,4,3.0,3.0,3.0,9.945424976258309,0.287940849718828,234,10.008404558404559,0.08636682847698576
43,0,Travel_Frequently,Research & Development,26,1,Life Sciences,3231,Male,1,Laboratory Technician,Married,135490,3.0,11,2,7.0,3,2,2,2,3,3,4.0,4.0,3.0,7.093515283842795,0.27502122862094097,229,9.971470160116448,0.06954310205401897
34,0,Travel_Rarely,Research & Development,2,5,Technical Degree,3232,Male,2,Healthcare Representative,Single,49990,3.0,12,2,10.0,2,5,4,3,4,3,2.0,3.0,3.0,6.403804347826087,0.2896858854884323,230,9.980579710144928,0.07699384005231735
23,0,Travel_Rarely,Sales,13,3,Marketing,3233,Male,5,Sales Executive,Married,42210,1.0,11,1,5.0,4,4,0,2,3,3,2.0,1.0,4.0,7.827048762736536,0.29215878590356037,229,9.992940320232895,0.0650218234207547
39,0,Travel_Rarely,Sales,2,4,Marketing,3234,Female,4,Healthcare Representative,Married,138720,9.0,12,3,12.0,3,8,3,6,2,3,3.0,2.0,1.0,6.308489810771469,0.3173709137096011,229,10.025036390101894,0.07203855861147289
56,0,Travel_Rarely,Research & Development,2,4,Medical,3235,Male,1,Manager,Married,20420,7.0,12,0,30.0,6,10,1,1,3,3,3.0,4.0,2.0,7.119548898071625,0.2887986761457497,242,9.954132231404959,0.08970853384848114
40,0,Travel_Rarely,Sales,9,3,Marketing,3236,Male,2,Research Scientist,Single,20730,0.0,14,0,5.0,3,4,2,3,3,3,4.0,4.0,2.0,8.80456675811614,0.2930683501165009,243,9.999931412894375,0.07776514679152165
27,0,Travel_Rarely,Research & Development,10,3,Life Sciences,3237,Female,1,Laboratory Technician,Single,29560,8.0,13,0,9.0,6,7,0,7,3,3,4.0,1.0,1.0,7.493230676328502,0.2885456613902311,230,9.99304347826087,0.07501204565111906
29,0,Travel_Rarely,Sales,20,3,Marketing,3238,Female,2,Manager,Divorced,29260,1.0,15,1,2.0,3,2,2,2,2,3,4.0,2.0,3.0,7.091451129552789,0.3163073324206792,241,10.011272475795296,0.0826119851698172
53,0,Travel_Rarely,Research & Development,9,3,Life Sciences,3239,Female,3,Laboratory Technician,Single,48090,2.0,18,0,19.0,2,2,2,2,3,3,4.0,4.0,3.0,6.282684792843692,0.2865167982418687,236,9.956497175141244,0.08254862363264817
35,0,Non-Travel,Research & Development,5,1,Medical,3240,Male,1,Healthcare Representative,Divorced,51630,2.0,18,2,16.0,4,1,0,0,3,3,4.0,1.0,4.0,7.127432659932661,0.296454324543609,231,10.0023088023088,0.07442218248739992
32,0,Travel_Frequently,Sales,4,4,Life Sciences,3241,Male,2,Sales Executive,Married,188440,1.0,19,0,10.0,3,10,4,7,1,3,1.0,4.0,3.0,7.783390070921986,0.30684232110357296,235,10.022978723404256,0.06226411872865782
38,0,Travel_Rarely,Sales,10,3,Medical,3242,Male,4,Laboratory Technician,Married,181720,6.0,12,2,6.0,5,1,0,1,3,3,4.0,3.0,1.0,10.898861678004534,0.28536885213736,245,9.977823129251702,0.07229760975428426
34,0,Travel_Rarely,Research & Development,20,3,Medical,3243,Female,3,Laboratory Technician,Divorced,57440,3.0,19,1,7.0,4,0,0,0,2,3,2.0,1.0,3.0,6.180956399437412,0.3115984297945439,237,9.996694796061885,0.06837297472327505
52,0,Travel_Rarely,Sales,21,5,Technical Degree,3244,Male,3,Manager,Married,28890,1.0,11,1,34.0,2,34,1,16,3,3,3.0,1.0,4.0,5.995623219373219,0.28682526876969655,234,10.008618233618234,0.08914452983301338
33,1,Travel_Rarely,Research & Development,1,2,Medical,3245,Male,3,Laboratory Technician,Single,28710,1.0,17,3,10.0,2,10,7,8,3,3,4.0,4.0,2.0,10.02339609483961,0.3280189661023798,239,9.952161785216179,0.07125931265114142
25,0,Travel_Rarely,Research & Development,8,3,Life Sciences,3246,Male,2,Research Scientist,Single,74840,1.0,15,0,6.0,3,6,1,4,3,3,3.0,4.0,2.0,7.709783950617283,0.2993106622107019,243,9.988340192043896,0.07431481859371866
45,0,Travel_Rarely,Sales,2,3,Life Sciences,3247,Male,3,Healthcare Representative,Single,60740,0.0,14,0,9.0,2,8,3,1,3,3,2.0,3.0,3.0,5.9889547413793105,0.2929874752292369,232,10.001293103448276,0.0754672961138479
23,0,Travel_Rarely,Research & Development,23,1,Life Sciences,3248,Female,2,Research Scientist,Single,173280,1.0,17,1,2.0,2,2,0,2,1,3,1.0,3.0,3.0,8.017960676726108,0.27867617726038446,243,9.995336076817559,0.07105942515314011
47,1,Travel_Frequently,Research & Development,4,3,Life Sciences,3249,Male,1,Research Director,Single,27740,4.0,13,1,8.0,2,5,1,3,3,3,2.0,3.0,3.0,10.028770354406129,0.30428600811114065,232,9.991163793103448,0.0744514054751123
34,0,Travel_Rarely,Research & Development,12,3,Technical Degree,3250,Male,1,Research Scientist,Single,45050,1.0,12,0,6.0,3,6,1,4,3,3,4.0,4.0,3.0,7.766991898148148,0.3055408146965374,240,10.001597222222221,0.0712794000852317
55,1,Travel_Rarely,Human Resources,7,3,Human Resources,3251,Male,4,Laboratory Technician,Married,74280,5.0,12,0,24.0,2,5,1,4,3,3,4.0,1.0,3.0,8.032659069325737,0.29372916177885394,234,10.014458689458689,0.08318179919217106
36,0,Non-Travel,Research & Development,7,2,Life Sciences,3252,Male,5,Sales Executive,Single,116310,1.0,18,1,10.0,2,10,0,9,1,3,1.0,1.0,3.0,7.417550505050506,0.3017338607447846,231,10.040115440115441,0.07298278854800593
52,0,Non-Travel,Research & Development,1,4,Life Sciences,3253,Male,5,Sales Executive,Married,97380,0.0,18,2,5.0,2,4,1,2,3,3,4.0,4.0,3.0,7.197127343392775,0.30271269795888933,243,9.986145404663922,0.07462819364615099
26,0,Travel_Frequently,Research & Development,2,2,Life Sciences,3254,Male,1,Manufacturing Director,Divorced,28350,3.0,11,1,5.0,2,2,2,0,3,3,1.0,4.0,3.0,7.121989522417154,0.2850892230159125,228,9.947222222222223,0.07720713003752648
29,0,Travel_Rarely,Research & Development,10,2,Medical,3255,Male,3,Manufacturing Director,Married,169590,4.0,14,3,11.0,5,8,1,1,3,3,2.0,3.0,2.0,6.297399758454107,0.300026321607424,230,10.005072463768117,0.06476794717633912
26,1,Travel_Rarely,Research & Development,15,2,Life Sciences,3256,Male,2,Laboratory Technician,Single,26130,6.0,19,1,6.0,2,4,1,2,3,3,4.0,1.0,2.0,6.157829936923824,0.2960729777136545,229,10.012663755458515,0.08083307796419731
34,0,Travel_Rarely,Research & Development,14,4,Technical Degree,3257,Male,2,Manufacturing Director,Single,61460,2.0,12,0,10.0,3,4,1,3,3,3,2.0,4.0,3.0,6.222678571428571,0.28919819885227827,238,9.990266106442578,0.07592805828379168
54,0,Travel_Rarely,Research & Development,18,4,Medical,3258,Female,2,Laboratory Technician,Divorced,49630,9.0,15,1,9.0,2,5,1,4,3,3,4.0,1.0,3.0,8.904882338670548,0.29022534193981053,229,9.97802037845706,0.0627092218051192
27,0,Travel_Frequently,Research & Development,13,2,Life Sciences,3259,Female,4,Research Scientist,Married,195370,0.0,12,0,5.0,5,4,1,1,3,3,3.0,4.0,3.0,6.835637115839244,0.3036698561959677,235,10.000496453900709,0.0809244913216544
37,0,Travel_Rarely,Sales,2,4,Technical Degree,3260,Male,2,Manufacturing Director,Divorced,61720,0.0,11,0,6.0,1,5,4,3,3,3,4.0,1.0,2.0,9.532072383586907,0.3049491414472978,241,9.992738589211617,0.08703385776855689
38,0,Travel_Frequently,Sales,2,4,Life Sciences,3261,Female,2,Research Scientist,Single,23680,6.0,11,1,17.0,3,15,4,12,3,3,1.0,1.0,3.0,10.801050164088139,0.30521483238931985,237,10.021800281293954,0.08189796935961922
34,0,Travel_Rarely,Sales,2,3,Marketing,3262,Male,1,Sales Representative,Single,103120,1.0,12,0,6.0,2,6,1,3,3,3,3.0,1.0,3.0,6.855058782849239,0.2733317655402079,241,9.988174273858922,0.08379359727985246
35,0,Travel_Rarely,Research & Development,5,4,Medical,3263,Male,3,Manager,Married,16750,1.0,16,0,3.0,6,3,0,2,2,3,1.0,4.0,2.0,7.784760047281324,0.3147769384174746,235,10.006028368794327,0.08198748257258885
30,0,Travel_Rarely,Research & Development,20,3,Medical,3264,Male,1,Laboratory Technician,Married,25230,3.0,13,1,7.0,2,2,0,2,3,3,4.0,3.0,3.0,7.160638075313808,0.3228048315964893,239,9.96994421199442,0.07978262992784282
40,0,Travel_Frequently,Research & Development,10,4,Medical,3265,Male,2,Manufacturing Director,Married,65670,1.0,13,1,8.0,3,8,3,7,4,3,3.0,2.0,3.0,6.360885565052231,0.2945955378694335,234,9.979202279202278,0.07603436329473533
34,0,Travel_Rarely,Research & Development,10,3,Life Sciences,3266,Male,3,Healthcare Representative,Married,47390,5.0,24,2,6.0,2,3,1,2,3,4,3.0,1.0,3.0,7.914244492337165,0.29440477442749735,232,9.954022988505745,0.07882453434177575
42,0,Travel_Frequently,Research & Development,9,4,Medical,3267,Male,1,Manufacturing Director,Divorced,92080,1.0,15,1,24.0,2,24,14,9,4,3,2.0,4.0,2.0,7.8034794061302675,0.3215452055708473,232,9.995258620689654,0.08233191935778142
23,1,Travel_Rarely,Sales,2,3,Medical,3268,Female,4,Manufacturing Director,Married,45590,1.0,18,1,1.0,2,0,0,0,2,3,3.0,1.0,3.0,7.983474499089254,0.297556794000784,244,9.989207650273224,0.07098958450456128
24,0,Non-Travel,Sales,1,5,Marketing,3269,Female,1,Manufacturing Director,Divorced,81890,1.0,14,1,1.0,3,1,0,0,3,3,3.0,2.0,3.0,6.8139005602240905,0.2894082701189608,238,10.01155462184874,0.07507338167334447
52,0,Travel_Rarely,Research & Development,29,3,Life Sciences,3270,Male,2,Manufacturing Director,Married,29420,8.0,11,1,9.0,1,5,1,4,2,3,4.0,3.0,3.0,6.109673758865248,0.3093019891358768,235,9.974113475177306,0.06905755591925795
50,0,Travel_Rarely,Research & Development,8,4,Life Sciences,3271,Male,2,Sales Executive,Married,49410,5.0,11,1,30.0,3,4,0,3,1,3,3.0,3.0,3.0,6.421843765162541,0.32176467361044897,229,9.979912663755458,0.08357377401533914
29,1,Travel_Rarely,Sales,2,4,Marketing,3272,Female,4,Research Scientist,Married,106500,1.0,13,2,1.0,2,1,0,0,4,3,2.0,1.0,3.0,10.66860992402659,0.31054476870248254,234,9.969515669515667,0.07337048449351743
33,0,Travel_Rarely,Research & Development,3,4,Life Sciences,3273,Male,4,Manufacturing Director,Married,59020,0.0,12,1,14.0,2,13,3,7,3,3,3.0,3.0,4.0,7.04480278980279,0.290629239397969,231,10.017099567099566,0.08030415960850737
33,1,Travel_Rarely,Research & Development,23,5,Life Sciences,3274,Male,1,Human Resources,Single,86390,5.0,16,2,6.0,3,3,0,2,2,3,1.0,1.0,3.0,7.963464791952446,0.32016976613201187,243,9.96707818930041,0.07865226337448546
47,0,Travel_Rarely,Research & Development,6,4,Other,3275,Male,2,Manager,Married,63470,1.0,14,0,26.0,2,26,3,0,4,3,3.0,4.0,2.0,9.543667133520076,0.28399813896146037,238,9.975910364145657,0.07839286206747115
36,0,Travel_Rarely,Sales,6,3,Medical,3276,Female,2,Sales Executive,Married,42000,0.0,22,0,10.0,3,9,0,5,3,4,3.0,2.0,3.0,7.685820548582055,0.29339222151780175,239,10.002510460251047,0.06929572526360618
29,0,Travel_Rarely,Research & Development,10,3,Other,3277,Male,1,Research Scientist,Married,34520,1.0,11,0,10.0,3,10,0,7,2,3,3.0,3.0,3.0,7.683185990338163,0.2833630725269836,230,9.997173913043477,0.07101696622576631
58,1,Travel_Rarely,Research & Development,24,3,Other,3278,Female,2,Research Scientist,Single,43170,7.0,17,0,40.0,2,31,13,8,3,3,4.0,2.0,3.0,8.926272749042145,0.29877032425901473,232,10.011925287356322,0.0690827611086232
35,0,Travel_Rarely,Sales,10,4,Marketing,3279,Female,1,Research Scientist,Single,26320,3.0,13,3,7.0,3,2,2,2,4,3,4.0,3.0,3.0,7.792069383794275,0.28401814521601976,229,9.982823871906842,0.09626314087012777
42,0,Travel_Rarely,Sales,15,1,Marketing,3280,Male,2,Laboratory Technician,Married,46680,9.0,18,2,8.0,2,4,0,2,3,3,4.0,4.0,3.0,10.508887731481481,0.28056158595541136,240,9.977777777777778,0.09389508755617536
28,1,Travel_Rarely,Research & Development,19,4,Medical,3281,Female,2,Sales Executive,Single,32040,6.0,16,1,5.0,4,2,2,1,2,3,3.0,3.0,2.0,6.24961041954818,0.2879685292341027,241,9.993914246196406,0.07577762409712618
36,0,Travel_Rarely,Research & Development,2,3,Life Sciences,3282,Male,2,Healthcare Representative,Married,27200,4.0,14,1,8.0,3,5,0,4,3,3,3.0,2.0,3.0,6.590610200364299,0.2961814477332861,244,9.969057377049179,0.09138543610904974
32,0,Travel_Rarely,Research & Development,3,1,Medical,3283,Male,2,Manufacturing Director,Married,171810,1.0,14,0,14.0,2,14,6,8,2,3,3.0,3.0,3.0,7.996312382297551,0.2883392030685745,236,10.009957627118643,0.07641697219217063
40,0,Travel_Frequently,Sales,9,3,Marketing,3284,Male,3,Manufacturing Director,Single,22380,6.0,14,0,10.0,3,1,0,0,3,3,1.0,3.0,3.0,6.904626113455227,0.3139505014426735,237,9.99198312236287,0.08294157786836401
30,0,Travel_Rarely,Research & Development,7,3,Technical Degree,3285,Male,2,Research Director,Single,14830,5.0,13,0,12.0,3,0,0,0,3,3,3.0,4.0,2.0,9.370607856810786,0.2995522152055571,239,9.996513249651326,0.06793597076208449
45,0,Travel_Rarely,Research & Development,10,4,Life Sciences,3286,Male,1,Research Director,Single,56050,1.0,12,2,1.0,2,1,0,0,3,3,2.0,3.0,3.0,6.598810511756571,0.28831056719718245,241,10.008022130013831,0.07709741432303675
42,0,Travel_Rarely,Research & Development,20,2,Medical,3287,Male,2,Sales Representative,Married,72950,1.0,15,0,10.0,3,9,7,8,3,3,2.0,2.0,2.0,7.614132241215574,0.29786602234014137,234,9.996794871794872,0.06805716041231055
38,0,Travel_Frequently,Sales,4,3,Medical,3288,Male,2,Research Scientist,Divorced,23060,2.0,19,1,13.0,5,4,1,2,3,3,1.0,1.0,2.0,7.583628618113912,0.28407402062162146,238,10.05203081232493,0.07847101076717611
34,0,Travel_Frequently,Research & Development,7,4,Life Sciences,3289,Male,3,Laboratory Technician,Single,23480,1.0,14,1,6.0,3,5,1,3,3,3,3.0,4.0,3.0,6.900036730945821,0.29099249169263924,242,9.975275482093663,0.08338685325529922
49,1,Travel_Rarely,Sales,7,2,Life Sciences,3290,Female,2,Healthcare Representative,Married,89980,1.0,14,2,9.0,2,9,7,7,4,3,3.0,4.0,4.0,6.285461744639376,0.29606509228729105,228,10.01016081871345,0.07647853496320346
55,1,Travel_Rarely,Human Resources,16,3,Technical Degree,3291,Male,4,Manufacturing Director,Single,43190,4.0,11,0,12.0,3,9,7,3,4,3,3.0,4.0,2.0,6.378344346549192,0.2967662182134076,227,9.970484581497798,0.08141849570517089
43,0,Travel_Rarely,Research & Development,25,2,Medical,3292,Male,2,Healthcare Representative,Married,61320,6.0,13,0,22.0,3,4,1,0,2,3,2.0,1.0,3.0,7.298232738911752,0.308976948508912,243,9.982990397805214,0.0817044273637988
27,0,Travel_Rarely,Sales,2,4,Medical,3293,Male,2,Manager,Divorced,33460,1.0,21,1,9.0,2,9,0,8,2,4,3.0,4.0,3.0,10.484794061302681,0.3004769406393441,232,10.006034482758619,0.06957381698761009
35,0,Travel_Rarely,Research & Development,1,3,Medical,3294,Male,1,Research Director,Single,108550,3.0,13,1,17.0,2,8,1,6,3,3,3.0,3.0,4.0,7.007824675324675,0.2912249095435846,231,9.98982683982684,0.07423542882238537
28,0,Travel_Rarely,Sales,1,2,Technical Degree,3295,Female,1,Sales Executive,Married,22310,1.0,12,0,8.0,3,8,7,5,2,3,2.0,2.0,3.0,9.899078884078884,0.2887073507148641,231,9.991558441558443,0.06568326118326123
34,0,Travel_Rarely,Sales,2,5,Life Sciences,3296,Male,4,Research Scientist,Married,23230,0.0,17,0,4.0,2,3,0,2,3,3,3.0,3.0,1.0,6.877794540229885,0.30629124950576103,232,10.013793103448275,0.09262758952414125
26,1,Travel_Frequently,Research & Development,22,4,Other,3297,Female,1,Sales Executive,Married,20240,1.0,23,0,8.0,2,8,1,7,3,4,3.0,3.0,3.0,8.024657287157286,0.3152891384110694,231,10.003102453102453,0.08379830395047787
27,0,Non-Travel,Sales,1,3,Technical Degree,3298,Female,1,Sales Executive,Married,27130,1.0,11,0,0.0,2,0,0,0,3,3,4.0,4.0,2.0,7.299756944444445,0.2651466578682541,232,10.013002873563217,0.07312143914514604
51,0,Travel_Rarely,Sales,16,3,Medical,3299,Male,3,Research Scientist,Married,94390,2.0,15,3,29.0,0,20,4,17,3,3,1.0,3.0,2.0,6.110529770276606,0.32607199724338226,237,9.994866385372717,0.080290153917058
44,0,Travel_Rarely,Sales,24,5,Medical,3300,Female,1,Sales Executive,Single,25660,9.0,11,1,10.0,3,5,2,3,3,3,4.0,2.0,2.0,6.288274231678487,0.30405699246109186,235,9.981914893617022,0.0712064314723889
25,0,Travel_Rarely,Research & Development,17,3,Medical,3301,Male,1,Laboratory Technician,Single,199260,7.0,11,3,6.0,5,4,0,1,4,3,1.0,1.0,2.0,6.398666197843413,0.2955159454076105,237,10.002461322081574,0.0798538503102975
33,0,Travel_Rarely,Research & Development,8,4,Life Sciences,3302,Male,3,Laboratory Technician,Divorced,24510,1.0,13,1,9.0,3,9,0,8,2,3,1.0,1.0,3.0,5.9922647754137115,0.30823632176203364,235,10.008510638297873,0.08195954820068303
35,0,Travel_Rarely,Sales,6,4,Medical,3303,Female,2,Manager,Single,94190,1.0,24,1,6.0,5,6,1,1,2,4,3.0,1.0,2.0,6.915613526570049,0.3035788582582356,230,10.009492753623189,0.08880444803071531
36,0,Travel_Rarely,Sales,10,4,Marketing,3304,Male,3,Manager,Married,86860,1.0,13,0,18.0,2,18,4,11,3,3,2.0,4.0,2.0,9.690696818613484,0.3131994892164902,234,10.011111111111111,0.07270386266094415
32,0,Travel_Rarely,Research & Development,3,4,Medical,3305,Female,4,Sales Executive,Divorced,30380,2.0,20,0,8.0,3,5,0,3,3,4,2.0,4.0,2.0,7.827509220839096,0.2917951721617861,241,9.95387275242047,0.07363308744429076
30,0,Travel_Frequently,Research & Development,4,5,Medical,3306,Male,5,Sales Representative,Divorced,30580,9.0,14,1,10.0,2,5,0,3,3,3,2.0,4.0,2.0,6.400223192624939,0.3271667994001939,229,9.990975254730714,0.06879977570077546
53,0,Travel_Rarely,Sales,6,3,Marketing,3307,Male,4,Sales Executive,Married,23250,7.0,18,1,35.0,1,5,0,4,4,3,1.0,4.0,3.0,10.413876518218624,0.3144236300282749,247,9.970310391363022,0.07557384183828338
45,0,Travel_Rarely,Research & Development,1,5,Technical Degree,3308,Male,2,Healthcare Representative,Divorced,20880,4.0,15,3,18.0,2,5,0,2,3,3,4.0,1.0,3.0,8.501261574074075,0.29869142454244074,240,9.990763888888889,0.08033623411591524
32,0,Travel_Rarely,Sales,10,3,Marketing,3309,Female,1,Human Resources,Married,30720,5.0,12,0,9.0,4,5,1,3,1,3,3.0,3.0,2.0,6.597560226155358,0.28969944122650626,226,9.990781710914456,0.07144921337266469
52,0,Travel_Frequently,Research & Development,1,1,Life Sciences,3310,Male,2,Laboratory Technician,Married,50060,3.0,16,1,31.0,2,9,0,0,3,3,3.0,4.0,3.0,7.587263418079097,0.3144684380748249,236,10.01122881355932,0.09016533938374001
37,0,Travel_Rarely,Sales,24,2,Life Sciences,3311,Female,4,Laboratory Technician,Divorced,42570,4.0,15,0,9.0,2,1,0,0,3,3,4.0,3.0,3.0,6.080773979107312,0.32271970835195607,234,10.022222222222224,0.07908679065331427
28,0,Travel_Rarely,Research & Development,21,4,Life Sciences,3312,Female,1,Healthcare Representative,Divorced,25000,1.0,16,2,6.0,3,5,0,4,3,3,2.0,4.0,3.0,6.343983918128655,0.29616090591978783,228,9.987499999999999,0.07237977239353882
22,0,Travel_Rarely,Research & Development,2,2,Life Sciences,3313,Male,1,Sales Representative,Married,11020,6.0,19,0,4.0,3,2,2,2,2,3,4.0,4.0,1.0,6.5201775956284145,0.2955781045662311,244,10.002527322404372,0.07597323884803636
44,0,Travel_Rarely,Research & Development,22,3,Medical,3314,Female,1,Laboratory Technician,Married,104530,2.0,11,1,10.0,2,3,0,2,3,3,1.0,4.0,2.0,10.969163292847504,0.2984910385278166,247,9.990283400809716,0.07465000969173002
42,0,Travel_Frequently,Sales,13,4,Life Sciences,3315,Female,2,Laboratory Technician,Single,22880,5.0,16,1,8.0,4,2,2,2,2,3,2.0,4.0,3.0,7.997912632549562,0.2957964147320831,241,9.996680497925311,0.07876902758567687
36,0,Travel_Rarely,Research & Development,14,3,Other,3316,Male,2,Research Scientist,Married,39290,0.0,24,0,6.0,6,5,0,3,2,4,1.0,1.0,3.0,7.627617880485528,0.3061947647100688,238,9.999089635854341,0.06436508428969324
25,0,Travel_Rarely,Sales,11,3,Life Sciences,3317,Female,1,Laboratory Technician,Married,23110,1.0,11,1,5.0,2,5,0,3,3,3,3.0,1.0,3.0,10.406759637188209,0.2846011940974837,245,9.997210884353741,0.08224742574625481
35,0,Travel_Rarely,Research & Development,9,2,Life Sciences,3318,Female,1,Healthcare Representative,Married,31400,1.0,13,1,17.0,2,17,5,15,2,3,4.0,3.0,3.0,8.786719187675072,0.2752569611268209,238,9.982072829131651,0.07411936082449869
35,1,Travel_Frequently,Sales,8,2,Marketing,3319,Female,1,Laboratory Technician,Divorced,36900,1.0,13,1,10.0,2,10,7,8,4,3,4.0,2.0,2.0,9.962005029721078,0.32837129025689177,243,9.998148148148148,0.07735078053259871
32,0,Non-Travel,Research & Development,21,3,Life Sciences,3320,Male,1,Sales Executive,Divorced,44500,0.0,13,0,4.0,3,3,0,2,3,3,4.0,4.0,3.0,7.890476694915254,0.3017617084775903,236,9.969138418079094,0.0714347627920023
25,0,Travel_Rarely,Sales,5,3,Marketing,3321,Female,4,Research Scientist,Married,27560,1.0,12,2,5.0,2,5,0,3,3,3,3.0,1.0,4.0,7.8078167641325535,0.2872267557051371,228,10.008114035087718,0.09702760710513439
49,0,Travel_Rarely,Sales,9,3,Technical Degree,3322,Female,2,Sales Representative,Married,190330,2.0,18,1,7.0,5,4,0,2,3,3,3.0,1.0,3.0,7.488967911877394,0.2801069074912848,232,9.99913793103448,0.0733662569869466
24,0,Non-Travel,Research & Development,2,5,Technical Degree,3323,Male,2,Healthcare Representative,Married,187220,0.0,22,1,6.0,3,5,3,4,3,4,1.0,4.0,2.0,7.586379184861717,0.3119061097670429,229,9.99141193595342,0.08318615558790225
32,0,Travel_Frequently,Research & Development,12,5,Medical,3324,Male,1,Research Scientist,Married,95470,1.0,13,1,10.0,3,10,5,3,2,3,2.0,2.0,3.0,6.822150500910747,0.3080583776400083,244,10.005122950819672,0.06511196470200213
38,0,Travel_Rarely,Sales,22,2,Medical,3325,Male,1,Sales Executive,Married,137340,0.0,13,0,3.0,3,2,1,2,4,3,2.0,2.0,3.0,7.0055765639589165,0.3013551963504731,238,9.984243697478991,0.07673264172054192
42,0,Travel_Rarely,Research & Development,18,1,Technical Degree,3326,Female,2,Research Scientist,Married,199990,2.0,23,1,17.0,6,5,1,3,3,4,3.0,4.0,2.0,9.61358806404658,0.318816939944288,229,10.009461426491994,0.08573123888080204
31,0,Travel_Rarely,Research & Development,16,3,Life Sciences,3327,Female,3,Sales Executive,Married,22790,3.0,12,1,8.0,3,6,0,2,3,3,4.0,4.0,3.0,10.097124463519313,0.29662744245904704,233,9.980114449213163,0.08013686423955409
29,1,Travel_Rarely,Sales,3,3,Marketing,3328,Male,3,Laboratory Technician,Divorced,59160,6.0,12,0,5.0,2,3,0,2,3,3,2.0,3.0,3.0,9.3763463356974,0.29965734828523694,235,9.948510638297872,0.0804263098341113
53,0,Travel_Rarely,Research & Development,9,3,Life Sciences,3329,Male,1,Sales Representative,Married,20890,5.0,16,0,28.0,2,2,2,2,2,3,1.0,4.0,3.0,6.390003591954022,0.29858337285243064,232,9.989295977011496,0.08354173404819956
35,0,Travel_Rarely,Research & Development,1,3,Life Sciences,3330,Male,3,Healthcare Representative,Married,167920,3.0,12,1,16.0,3,13,4,8,4,3,4.0,2.0,3.0,7.074260828625235,0.3011588830936568,236,9.994985875706215,0.08465205653724409
37,0,Travel_Frequently,Research & Development,13,4,Life Sciences,3331,Female,3,Human Resources,Married,35640,5.0,11,0,10.0,1,5,0,0,1,3,3.0,4.0,3.0,7.3706252857796075,0.2927869209959324,243,10.027023319615912,0.07000134151088143
53,0,Travel_Rarely,Research & Development,1,1,Medical,3332,Male,1,Sales Executive,Single,44250,6.0,22,1,33.0,2,12,3,8,4,4,4.0,4.0,3.0,6.700677591817759,0.32648189710745074,239,10.013319386331938,0.08959659177478523
43,0,Travel_Frequently,Research & Development,1,3,Medical,3333,Male,1,Laboratory Technician,Married,52650,4.0,11,1,12.0,4,5,2,2,3,3,4.0,4.0,2.0,7.623434012615236,0.29905721636670973,229,10.024090247452692,0.06660887875924652
47,0,Travel_Rarely,Sales,15,4,Marketing,3334,Female,3,Research Director,Married,65530,0.0,15,0,8.0,2,7,7,7,3,3,3.0,4.0,3.0,10.684698017519594,0.3077357589158235,241,10.024412171507606,0.07426383125864452
37,0,Non-Travel,Research & Development,1,5,Medical,3335,Female,2,Research Scientist,Single,62610,1.0,12,0,10.0,1,10,0,9,3,3,1.0,2.0,3.0,8.35173582295989,0.29933558276284733,241,9.999654218533887,0.06954038919625014
50,0,Non-Travel,Research & Development,17,3,Medical,3336,Female,1,Laboratory Technician,Divorced,42980,1.0,20,1,31.0,6,31,14,7,3,4,1.0,1.0,3.0,6.632049768518518,0.3110936096723525,240,10.017916666666668,0.07277620874012092
39,0,Travel_Rarely,Research & Development,1,3,Other,3337,Female,3,Human Resources,Married,68040,8.0,14,1,13.0,3,5,0,4,2,3,4.0,4.0,3.0,6.913459595959596,0.3100448803896836,231,10.02828282828283,0.08693331869418831
33,0,Travel_Rarely,Sales,7,3,Life Sciences,3338,Male,2,Manufacturing Director,Divorced,38150,3.0,11,1,7.0,3,4,0,3,3,3,4.0,2.0,4.0,9.403011204481794,0.31143500085617676,238,9.994677871148458,0.0733869328322046
32,1,Travel_Rarely,Research & Development,9,1,Medical,3339,Female,1,Laboratory Technician,Single,27410,1.0,15,1,1.0,5,1,0,1,2,3,1.0,4.0,1.0,10.006964769647695,0.29716967380588544,246,9.981775067750679,0.07745901314455322
29,0,Travel_Rarely,Research & Development,5,4,Life Sciences,3340,Female,4,Healthcare Representative,Divorced,66730,6.0,12,1,8.0,2,4,0,3,4,3,1.0,4.0,3.0,6.388003902662994,0.2872597355189191,242,9.9814738292011,0.07096356339707903
44,0,Travel_Rarely,Research & Development,26,2,Life Sciences,3341,Male,2,Manufacturing Director,Married,76390,1.0,14,0,8.0,6,8,7,1,3,3,2.0,1.0,3.0,9.783470402717127,0.2884073559099827,229,9.998398835516738,0.07655444257173752
28,0,Travel_Rarely,Sales,24,5,Life Sciences,3342,Female,1,Research Scientist,Single,23280,1.0,11,2,4.0,3,4,0,2,3,3,1.0,4.0,3.0,6.395218599033816,0.3220715071495494,230,9.999710144927537,0.06308337025082797
58,1,Travel_Frequently,Sales,9,2,Technical Degree,3343,Male,1,Sales Executive,Divorced,21530,9.0,11,0,3.0,3,1,0,0,3,3,4.0,4.0,2.0,10.47176268861454,0.319428749046964,243,9.970370370370372,0.08465105601469239
43,0,Travel_Rarely,Sales,7,4,Marketing,3344,Male,2,Sales Executive,Divorced,48760,4.0,16,2,4.0,4,1,0,0,3,3,1.0,2.0,4.0,6.597585009578544,0.29815731274970914,232,9.99123563218391,0.07746013086530326
20,1,Travel_Rarely,Research & Development,11,3,Medical,3345,Male,2,Sales Executive,Single,93960,1.0,12,0,2.0,6,2,0,2,1,3,3.0,3.0,2.0,7.086974248927038,0.28572129192905843,233,9.973748211731044,0.07531481755545692
21,1,Travel_Rarely,Research & Development,1,3,Medical,3346,Male,2,Sales Executive,Single,104000,1.0,13,1,1.0,2,1,0,0,3,3,4.0,4.0,2.0,7.891711618257261,0.28897577190696677,241,9.994951590594743,0.07962602773935765
36,0,Travel_Rarely,Research & Development,26,4,Medical,3347,Male,1,Laboratory Technician,Married,84740,0.0,14,0,17.0,3,16,4,11,3,3,3.0,4.0,2.0,10.330182186234818,0.30816721588035517,247,9.99365721997301,0.07720441138284528
47,0,Travel_Rarely,Research & Development,2,3,Life Sciences,3348,Male,2,Manufacturing Director,Single,99810,1.0,21,1,3.0,3,3,1,2,3,4,4.0,4.0,2.0,8.500371513488798,0.3000915999290983,243,9.982853223593963,0.07886684843194376
22,1,Travel_Rarely,Research & Development,15,4,Life Sciences,3349,Female,1,Laboratory Technician,Married,124900,0.0,13,0,4.0,3,3,0,2,3,3,2.0,3.0,4.0,9.801010101010101,0.31442031424380623,231,9.972943722943723,0.07521284271284269
41,1,Travel_Rarely,Research & Development,23,3,Life Sciences,3350,Female,2,Sales Executive,Divorced,26570,4.0,11,0,10.0,3,7,1,0,4,3,2.0,4.0,2.0,10.40173314339981,0.3139811218460628,234,9.985826210826211,0.07686428821800784
28,0,Travel_Rarely,Research & Development,10,3,Life Sciences,3351,Female,3,Manager,Divorced,135910,5.0,20,1,6.0,2,2,2,2,3,4,3.0,3.0,3.0,7.7038185654008435,0.3050343380297348,237,9.989873417721519,0.07612112326873106
39,1,Travel_Rarely,Research & Development,10,4,Life Sciences,3352,Female,4,Human Resources,Married,66960,7.0,11,0,8.0,3,2,2,2,3,3,4.0,1.0,1.0,10.708079297245964,0.3242379838807898,234,9.977920227920226,0.08004448764820712
27,0,Travel_Rarely,Research & Development,1,3,Medical,3353,Male,1,Research Scientist,Single,20580,1.0,14,1,1.0,5,1,0,0,3,3,2.0,3.0,3.0,7.710114657210402,0.3071736579125325,235,9.991347517730496,0.06836261138388804
34,0,Travel_Rarely,Research & Development,12,2,Technical Degree,3354,Male,2,Human Resources,Divorced,88650,1.0,11,1,1.0,0,1,1,0,3,3,2.0,2.0,3.0,7.6936575963718825,0.3383545264782332,245,9.991292517006803,0.07867842273521423
42,0,Travel_Rarely,Sales,11,1,Technical Degree,3355,Male,2,Human Resources,Single,59400,7.0,16,0,10.0,2,5,0,3,2,3,3.0,3.0,3.0,6.924135939036382,0.32197225310213573,226,10.02802359882006,0.08201612586037355
33,0,Travel_Rarely,Sales,2,3,Marketing,3356,Female,1,Sales Executive,Single,59140,3.0,16,1,6.0,4,3,0,2,3,3,3.0,1.0,3.0,10.556096986817327,0.29777387736819955,236,10.010381355932203,0.07545087049725534
58,0,Travel_Rarely,Research & Development,2,4,Life Sciences,3357,Male,1,Research Scientist,Divorced,26220,2.0,23,0,24.0,3,6,0,4,3,4,3.0,2.0,3.0,8.330816924519457,0.2945294073427378,237,9.996624472573838,0.07371737109347064
31,0,Travel_Rarely,Sales,1,3,Life Sciences,3358,Female,1,Sales Representative,Married,121850,3.0,14,0,13.0,2,7,5,2,3,3,2.0,3.0,4.0,6.079077916090364,0.3309067706991322,241,9.994674965421854,0.08559768326417706
35,0,Travel_Rarely,Research & Development,2,1,Life Sciences,3359,Male,3,Healthcare Representative,Married,106090,1.0,22,0,10.0,3,10,0,7,3,4,4.0,4.0,1.0,10.389594374709437,0.3001800905040238,239,10.026429567642957,0.09232492020518109
49,0,Travel_Rarely,Research & Development,25,2,Life Sciences,3360,Female,2,Sales Executive,Married,43450,4.0,15,0,29.0,3,26,1,7,2,3,1.0,2.0,2.0,7.004710743801653,0.31453069347737017,242,9.954889807162534,0.06797391588460991
48,0,Travel_Rarely,Research & Development,1,4,Medical,3361,Male,1,Research Scientist,Married,21770,4.0,18,0,13.0,4,0,0,0,3,3,4.0,3.0,2.0,6.721184640522876,0.30409344078481204,238,9.987254901960785,0.07509707399134058
31,0,Non-Travel,Research & Development,1,2,Technical Degree,3362,Female,2,Sales Executive,Married,27930,1.0,16,0,9.0,4,9,0,0,3,3,4.0,3.0,2.0,7.05925608011445,0.28820245272211864,233,10.011230329041489,0.0778510659727361
36,0,Travel_Rarely,Human Resources,2,4,Technical Degree,3363,Male,1,Sales Executive,Single,79180,2.0,12,2,8.0,3,6,0,1,2,3,2.0,4.0,3.0,6.510334541062802,0.2916948759466934,230,9.994565217391305,0.07596378393772543
38,0,Travel_Rarely,Sales,6,3,Other,3364,Male,2,Sales Executive,Married,87890,1.0,11,3,15.0,4,15,5,11,3,3,4.0,1.0,3.0,7.084607984607985,0.2951377069773073,231,9.986940836940837,0.06911011774055253
32,0,Non-Travel,Sales,18,3,Marketing,3365,Male,1,Laboratory Technician,Married,23890,6.0,12,1,5.0,4,3,0,2,2,3,3.0,2.0,3.0,7.0712334247828075,0.29115395810930306,243,9.98991769547325,0.07365022276638436
25,1,Travel_Rarely,Research & Development,1,2,Life Sciences,3366,Male,1,Sales Executive,Married,32120,1.0,15,1,1.0,3,1,0,0,2,3,3.0,2.0,3.0,8.867931074227755,0.30607236996146153,241,9.98609958506224,0.07724694559704934
40,0,Travel_Rarely,Research & Development,1,4,Medical,3367,Male,2,Research Scientist,Divorced,192320,2.0,14,1,11.0,3,1,0,0,3,3,1.0,2.0,2.0,6.112561327561327,0.30870515930663484,231,9.971428571428572,0.08027432712215321
26,0,Travel_Frequently,Sales,11,3,Marketing,3368,Male,2,Healthcare Representative,Single,22670,1.0,19,3,7.0,2,7,0,7,2,3,3.0,1.0,3.0,7.581857142857143,0.30392500900878766,245,9.992925170068029,0.08097433180922636
41,0,Travel_Rarely,Research & Development,1,4,Medical,3369,Male,1,Research Scientist,Single,195170,2.0,13,0,20.0,5,18,2,17,3,3,4.0,1.0,3.0,10.652649219467401,0.31753296357781385,242,10.003030303030304,0.07476256339326874
36,0,Travel_Rarely,Research & Development,9,3,Life Sciences,3370,Female,2,Healthcare Representative,Single,24360,4.0,13,0,16.0,3,11,3,9,1,3,3.0,3.0,3.0,7.097545913682278,0.306350267601632,242,9.992975206611572,0.06431651482764274
19,1,Travel_Rarely,Research & Development,15,3,Life Sciences,3371,Male,2,Research Scientist,Single,160640,1.0,15,1,1.0,3,1,0,0,3,3,4.0,2.0,4.0,10.619414845173043,0.2937545953971527,244,9.967008196721311,0.0746855253097664
20,1,Travel_Rarely,Research & Development,29,3,Life Sciences,3372,Female,3,Laboratory Technician,Single,27070,1.0,11,0,1.0,2,1,0,0,3,3,1.0,1.0,3.0,6.091235349273324,0.31348637518704525,237,9.95632911392405,0.07598142983146203
31,0,Travel_Rarely,Research & Development,1,4,Life Sciences,3373,Male,4,Research Director,Married,190680,0.0,12,0,10.0,1,9,8,5,3,3,4.0,4.0,1.0,8.301600877192982,0.27634676502330824,228,9.993932748538013,0.06639107328404223
40,0,Travel_Frequently,Sales,1,3,Marketing,3374,Male,1,Research Scientist,Divorced,39310,8.0,19,0,3.0,2,1,0,0,2,3,4.0,2.0,3.0,8.097030092592593,0.31513570353571196,240,9.94909722222222,0.0798957413218658
32,0,Travel_Rarely,Research & Development,24,3,Life Sciences,3375,Male,4,Laboratory Technician,Married,37300,1.0,25,1,8.0,4,8,6,3,3,4,3.0,1.0,4.0,7.91362037037037,0.2897608996884151,240,9.983541666666667,0.0642642520920502
36,1,Travel_Rarely,Research & Development,10,3,Medical,3376,Male,3,Sales Executive,Married,22320,1.0,12,1,16.0,2,16,3,7,3,3,3.0,4.0,3.0,9.800581847279378,0.3159670527650292,243,9.953909465020576,0.08070894126449686
33,0,Travel_Rarely,Research & Development,1,4,Medical,3377,Female,4,Manufacturing Director,Single,44650,0.0,13,0,6.0,3,5,1,4,3,3,2.0,4.0,3.0,6.017222222222222,0.2917405436745523,242,10.007300275482093,0.07354491729821788
37,1,Travel_Rarely,Sales,10,4,Marketing,3378,Female,3,Human Resources,Married,30720,5.0,14,0,17.0,3,14,11,7,2,3,1.0,3.0,1.0,6.330157367668098,0.306405426855557,233,9.997496423462088,0.07553130087316856
45,0,Non-Travel,Research & Development,8,1,Life Sciences,3379,Male,2,Sales Executive,Married,33190,1.0,12,1,9.0,3,9,0,8,3,3,3.0,2.0,2.0,6.322636514719848,0.29663473981740157,234,9.998005698005699,0.07325542390635381
29,0,Travel_Frequently,Research & Development,29,1,Life Sciences,3380,Male,1,Sales Representative,Married,192020,1.0,12,0,3.0,5,3,0,2,3,3,3.0,4.0,3.0,7.6024176954732505,0.30329756872703134,243,9.98772290809328,0.0783277594500938
35,0,Travel_Rarely,Human Resources,1,3,Human Resources,3381,Male,3,Laboratory Technician,Married,136750,1.0,15,3,5.0,5,5,1,0,2,3,3.0,3.0,3.0,6.378281174187288,0.31118142378364305,229,9.986681222707423,0.07966466840317682
52,0,Travel_Rarely,Research & Development,5,4,Other,3382,Male,1,Laboratory Technician,Married,29110,2.0,17,2,26.0,3,9,7,8,3,3,4.0,4.0,2.0,6.9786098820059,0.3057471514882868,226,9.960545722713865,0.07849446629520374
58,1,Travel_Rarely,Sales,9,2,Medical,3383,Female,4,Sales Executive,Single,59570,4.0,14,1,7.0,2,1,0,0,1,3,4.0,3.0,3.0,7.469917874396136,0.29678523784544497,230,9.969420289855073,0.07407777988734891
53,0,Travel_Rarely,Research & Development,9,3,Technical Degree,3384,Male,1,Manager,Divorced,39200,6.0,16,1,22.0,3,17,15,2,3,3,3.0,3.0,4.0,6.521732026143791,0.3120862436822642,238,9.972408963585435,0.08182811521232977
30,0,Travel_Rarely,Sales,3,4,Marketing,3385,Male,1,Sales Executive,Divorced,64340,5.0,14,1,10.0,3,8,7,7,2,3,3.0,3.0,4.0,8.00522126022126,0.30250832059664584,231,9.967821067821067,0.06981267122571479
38,0,Non-Travel,Sales,4,3,Life Sciences,3386,Male,2,Research Director,Single,100480,1.0,23,1,6.0,2,5,1,3,3,4,3.0,4.0,3.0,8.0829113018598,0.28637249652252594,233,10.02782546494993,0.0786943889464423
35,0,Travel_Rarely,Sales,1,2,Life Sciences,3387,Female,2,Healthcare Representative,Divorced,109380,6.0,14,2,12.0,2,10,0,8,1,3,4.0,4.0,3.0,7.335469995311768,0.3001850281416214,237,10.007243319268635,0.06990376210795649
39,0,Travel_Rarely,Sales,1,1,Marketing,3388,Male,2,Research Scientist,Single,23400,0.0,11,1,9.0,2,8,0,7,2,3,3.0,3.0,3.0,6.500826086956522,0.284895656603106,230,9.977898550724637,0.07205548699449399
40,1,Non-Travel,Research & Development,2,4,Life Sciences,3389,Male,1,Human Resources,Single,65450,4.0,15,0,22.0,2,1,0,0,3,3,2.0,2.0,2.0,9.510643518518519,0.2937527477241042,240,10.002222222222224,0.09063195412986198
47,0,Travel_Frequently,Research & Development,7,4,Life Sciences,3390,Male,3,Sales Executive,Divorced,69310,1.0,11,0,20.0,3,19,2,7,3,3,3.0,3.0,4.0,10.079049886621315,0.3079862509820548,245,10.011904761904763,0.08968123861566475
36,0,Non-Travel,Sales,28,1,Life Sciences,3391,Male,2,Research Scientist,Divorced,48980,4.0,13,1,12.0,3,7,0,7,3,3,1.0,4.0,3.0,6.825506822612087,0.30066074795592407,228,9.983991228070177,0.07076681930597413
31,1,Non-Travel,Research & Development,28,4,Medical,3392,Male,2,Research Scientist,Single,25930,0.0,21,0,4.0,2,3,1,2,3,4,3.0,1.0,3.0,8.19732426303855,0.30739787313312245,245,10.011428571428572,0.0684412568306011
33,0,Non-Travel,Sales,15,3,Other,3393,Male,4,Research Director,Single,194360,1.0,19,2,10.0,4,10,6,0,3,3,4.0,3.0,3.0,7.882856461611826,0.29398283012623505,233,9.9758226037196,0.07329224425698452
29,1,Travel_Rarely,Human Resources,3,5,Life Sciences,3394,Male,1,Sales Executive,Single,27230,6.0,11,1,3.0,2,0,0,0,2,3,4.0,1.0,3.0,10.325031380753138,0.27950274744211223,239,9.997489539748955,0.07887789146341939
33,0,Travel_Rarely,Research & Development,2,2,Technical Degree,3395,Male,2,Laboratory Technician,Single,34790,3.0,12,0,5.0,3,3,0,2,3,3,2.0,4.0,3.0,7.481684861717613,0.2916554369980743,229,10.009461426491994,0.07501486461179638
45,0,Travel_Rarely,Research & Development,26,1,Medical,3396,Female,3,Healthcare Representative,Divorced,27940,3.0,19,1,8.0,2,5,0,2,3,3,4.0,4.0,3.0,7.010718351548269,0.29597443037044513,244,9.983060109289617,0.08448323551237936
50,0,Travel_Rarely,Sales,10,1,Life Sciences,3397,Female,1,Manufacturing Director,Divorced,52490,9.0,21,2,32.0,2,5,1,3,2,4,4.0,4.0,2.0,7.3875034578146614,0.27444280846683994,241,9.975864453665285,0.0904972241432304
33,0,Travel_Frequently,Sales,1,3,Marketing,3398,Male,2,Human Resources,Married,21760,1.0,14,1,6.0,2,6,1,2,2,3,3.0,2.0,3.0,8.979737458977963,0.2820605425800326,237,9.999226441631505,0.06679906950503386
41,0,Travel_Frequently,Sales,11,3,Other,3399,Male,1,Laboratory Technician,Divorced,168720,2.0,15,1,21.0,2,18,0,11,3,3,1.0,3.0,4.0,7.864643347050754,0.3025094911069563,243,10.007064471879287,0.0902219255782668
27,0,Travel_Rarely,Research & Development,20,4,Other,3400,Male,2,Manufacturing Director,Married,34850,9.0,17,2,4.0,2,2,2,2,3,3,3.0,2.0,3.0,7.098894604481024,0.3005264915198728,243,9.99554183813443,0.0779609884856799
45,0,Non-Travel,Sales,2,3,Medical,3401,Female,1,Sales Executive,Married,66440,1.0,12,0,9.0,3,9,0,8,4,3,4.0,1.0,3.0,8.706717171717171,0.29640884707745757,242,10.017768595041323,0.08936945844716505
47,0,Travel_Rarely,Sales,18,4,Medical,3402,Female,2,Research Scientist,Single,55820,1.0,16,0,9.0,3,9,0,7,3,3,4.0,4.0,3.0,8.010337713231905,0.2658638382663424,241,9.988589211618256,0.07381253842016298
30,1,Travel_Rarely,Sales,2,3,Life Sciences,3403,Male,2,Healthcare Representative,Married,40000,4.0,12,0,7.0,5,5,0,1,2,3,1.0,3.0,3.0,10.491258309591643,0.29821834817543186,234,10.005128205128205,0.08497597300172409
50,0,Travel_Rarely,Research & Development,1,3,Technical Degree,3404,Female,2,Sales Executive,Married,134960,3.0,18,1,22.0,3,12,1,5,3,3,4.0,3.0,3.0,9.487657367668097,0.29398834633694215,233,9.9846208869814,0.08840111283771564
38,0,Travel_Frequently,Research & Development,13,3,Technical Degree,3405,Male,1,Manufacturing Director,Married,32100,0.0,17,2,3.0,5,2,0,2,2,3,3.0,3.0,2.0,7.685276585598473,0.29152331303983264,233,9.97868383404864,0.07391147863121375
46,0,Travel_Rarely,Research & Development,28,3,Medical,3406,Female,3,Human Resources,Divorced,190450,6.0,11,3,13.0,2,8,0,7,3,3,4.0,3.0,3.0,6.9213774104683194,0.2920895711099927,242,10.020316804407713,0.08558251793681823
24,0,Travel_Rarely,Sales,28,3,Life Sciences,3407,Female,1,Healthcare Representative,Divorced,118490,1.0,16,1,5.0,3,4,3,2,3,3,4.0,3.0,3.0,6.585990860990861,0.3129141049670733,231,9.9976911976912,0.07315406654537085
35,1,Travel_Rarely,Sales,24,3,Medical,3408,Male,3,Healthcare Representative,Divorced,20700,1.0,13,3,5.0,1,4,0,2,2,3,3.0,2.0,1.0,9.321214551371455,0.3091907004290594,239,9.962133891213389,0.06273730412667165
31,0,Travel_Frequently,Research & Development,5,2,Technical Degree,3409,Male,2,Sales Executive,Married,65020,1.0,12,0,4.0,3,4,0,3,3,3,3.0,1.0,3.0,6.309143614568926,0.29178390740001614,241,9.945297372060857,0.07322547833102809
18,0,Non-Travel,Sales,5,4,Other,3410,Male,2,Manager,Single,32300,1.0,12,1,0.0,3,0,0,0,3,3,2.0,4.0,3.0,6.325607126113455,0.329707242748721,237,9.962869198312235,0.08221009440034334
54,0,Travel_Rarely,Sales,23,3,Medical,3411,Female,1,Laboratory Technician,Married,136030,8.0,13,1,22.0,2,10,0,8,3,3,3.0,3.0,3.0,6.599765051395008,0.30496283890997117,227,10.002643171806168,0.085558371126965
35,0,Travel_Rarely,Research & Development,6,4,Medical,3412,Female,1,Manufacturing Director,Divorced,119960,1.0,19,2,16.0,3,16,10,1,3,3,3.0,3.0,2.0,9.599074074074075,0.28838867492068493,231,9.984199134199134,0.0790572181441747
30,0,Travel_Rarely,Research & Development,4,3,Life Sciences,3413,Female,5,Healthcare Representative,Married,56050,0.0,12,1,9.0,0,8,1,7,2,3,2.0,1.0,2.0,10.12023422787194,0.3030161668075056,236,10.008827683615818,0.06602221320671556
20,1,Travel_Rarely,Research & Development,2,2,Life Sciences,3414,Female,2,Research Scientist,Single,63970,1.0,17,1,1.0,3,1,0,0,3,3,4.0,1.0,3.0,8.318101053639847,0.30719614433098774,232,10.000933908045976,0.07144092298187124
30,1,Travel_Frequently,Research & Development,8,4,Medical,3415,Male,1,Sales Executive,Single,191440,0.0,11,0,4.0,3,3,1,2,3,3,2.0,2.0,3.0,7.586698542805101,0.30388189676204763,244,10.00327868852459,0.08080539252063242
26,0,Travel_Rarely,Sales,1,3,Marketing,3416,Female,2,Research Scientist,Married,175840,1.0,20,0,8.0,2,8,1,3,3,4,4.0,4.0,3.0,7.900064279155187,0.3071891539389765,242,9.990220385674931,0.07815891849464084
22,0,Travel_Rarely,Research & Development,8,3,Other,3417,Male,2,Sales Representative,Married,49070,1.0,21,1,4.0,2,4,1,1,3,4,2.0,1.0,2.0,7.311087006427916,0.2973632348508088,242,9.988498622589532,0.08153037828301885
48,0,Travel_Rarely,Human Resources,2,4,Medical,3418,Male,2,Sales Executive,Single,45540,2.0,11,2,19.0,3,2,2,2,3,3,1.0,3.0,3.0,8.020512117055326,0.28718467182113216,243,9.97997256515775,0.08365601393659762
48,0,Travel_Rarely,Sales,3,3,Medical,3419,Male,1,Research Director,Single,54150,7.0,11,1,27.0,1,15,4,8,3,3,3.0,3.0,3.0,6.495245821042281,0.30293710102469473,226,10.023893805309735,0.07870556101824533
41,0,Travel_Rarely,Research & Development,2,3,Life Sciences,3420,Male,2,Research Scientist,Single,47410,6.0,16,0,8.0,3,2,2,1,3,3,4.0,3.0,3.0,6.910598108747045,0.30521184830417775,235,10.004609929078013,0.08303777454486666
39,0,Travel_Rarely,Sales,2,3,Life Sciences,3421,Male,3,Human Resources,Married,21150,1.0,18,0,21.0,3,21,11,8,4,3,4.0,4.0,3.0,7.142438136826783,0.29434642068569333,229,9.96783114992722,0.07145331639384728
27,0,Travel_Rarely,Research & Development,3,3,Life Sciences,3422,Male,2,Human Resources,Married,31610,0.0,13,2,4.0,0,3,2,2,3,3,1.0,4.0,3.0,7.3073318713450295,0.30256432370998587,228,9.95840643274854,0.07629833041365036
35,0,Travel_Rarely,Sales,24,3,Medical,3423,Male,5,Sales Executive,Divorced,57450,1.0,17,3,3.0,4,3,1,2,3,3,2.0,4.0,2.0,6.875793816829383,0.31703638055037525,239,10.021548117154811,0.07909838691404042
42,0,Travel_Rarely,Research & Development,23,4,Other,3424,Male,1,Research Scientist,Married,23730,6.0,14,1,21.0,3,1,0,0,4,3,4.0,3.0,4.0,8.011233237547891,0.29437961520693684,232,10.007255747126438,0.07939277317510081
50,0,Travel_Rarely,Sales,27,3,Medical,3425,Male,2,Sales Executive,Married,33100,4.0,22,1,8.0,3,1,0,0,4,4,1.0,4.0,3.0,6.2320892184557435,0.29540861302922056,236,9.98834745762712,0.09064023620627482
59,0,Travel_Rarely,Research & Development,16,4,Medical,3426,Female,5,Laboratory Technician,Single,186650,3.0,12,0,30.0,3,5,4,3,2,3,3.0,4.0,3.0,10.12087725546059,0.2839024744791014,234,10.010185185185184,0.07071007523976047
37,1,Travel_Rarely,Sales,15,3,Marketing,3427,Male,2,Laboratory Technician,Married,44850,5.0,11,1,15.0,2,1,0,0,4,3,1.0,2.0,1.0,6.598324879227054,0.3002657034871432,230,9.971086956521741,0.08475354407948864
55,0,Travel_Frequently,Research & Development,26,2,Life Sciences,3428,Female,2,Sales Executive,Married,27890,3.0,13,1,17.0,2,8,6,7,2,3,3.0,2.0,3.0,8.596978723404256,0.30395606210496035,235,9.968156028368796,0.07853884544664687
41,0,Non-Travel,Research & Development,19,1,Life Sciences,3429,Male,2,Research Scientist,Divorced,58280,1.0,13,0,21.0,0,21,5,10,3,3,2.0,3.0,3.0,6.30266713747646,0.2955359850161968,236,9.991666666666669,0.0750933806146571
38,0,Travel_Rarely,Research & Development,24,2,Other,3430,Female,1,Laboratory Technician,Single,23260,8.0,14,0,19.0,3,1,0,0,4,3,2.0,4.0,3.0,8.40627304964539,0.29056436386831525,235,9.982198581560283,0.07008655109009718
26,1,Non-Travel,Research & Development,21,1,Life Sciences,3431,Female,1,Manufacturing Director,Single,135250,8.0,17,1,7.0,4,2,2,2,2,3,2.0,1.0,3.0,7.708031148303115,0.31682578641178866,239,10.001046025104603,0.08373722989893302
52,1,Travel_Rarely,Research & Development,5,4,Medical,3432,Female,4,Human Resources,Married,14200,1.0,13,1,33.0,2,32,6,9,4,3,1.0,4.0,3.0,6.012140661938535,0.28922412949798876,235,9.993333333333334,0.0885237416904084
44,0,Travel_Rarely,Research & Development,16,3,Life Sciences,3433,Female,1,Healthcare Representative,Married,80200,3.0,11,1,23.0,2,12,11,11,3,3,4.0,4.0,3.0,10.903012646793135,0.30271220145827654,246,9.96009485094851,0.06770380049038581
50,0,Non-Travel,Human Resources,2,2,Life Sciences,3434,Male,1,Laboratory Technician,Married,36880,0.0,11,0,19.0,3,18,0,13,2,3,4.0,3.0,3.0,6.484585106382978,0.30959573449165917,235,10.003049645390071,0.07075395526459353
36,1,Travel_Rarely,Sales,2,4,Technical Degree,3435,Male,4,Sales Executive,Single,54820,1.0,18,0,18.0,3,17,15,14,3,3,3.0,1.0,3.0,7.800405282331512,0.31484564552402095,244,9.99207650273224,0.08278789718680427
39,0,Travel_Frequently,Sales,11,3,Marketing,3436,Male,1,Sales Executive,Single,160150,1.0,11,0,21.0,3,21,2,8,4,3,4.0,1.0,3.0,10.801917009602194,0.2815752646080206,243,10.01721536351166,0.08148500530936
33,0,Non-Travel,Sales,9,2,Technical Degree,3437,Male,5,Sales Representative,Single,12000,0.0,11,1,3.0,3,2,2,2,3,3,2.0,4.0,2.0,7.580263830776384,0.2853948531568854,239,9.994769874476987,0.08892327781879839
45,0,Travel_Rarely,Research & Development,7,2,Other,3438,Male,1,Human Resources,Married,56610,3.0,12,0,26.0,2,9,1,1,2,3,4.0,4.0,4.0,7.386112268518519,0.28204367397961794,240,9.983125000000001,0.07866685553231056
32,0,Non-Travel,Research & Development,15,3,Medical,3439,Male,2,Manager,Single,69290,9.0,20,0,10.0,6,8,7,7,1,4,4.0,3.0,3.0,7.17957300275482,0.30304052333729664,242,9.957300275482094,0.07846884537567295
34,0,Travel_Rarely,Sales,6,4,Marketing,3440,Male,2,Research Director,Divorced,96130,0.0,12,1,16.0,5,15,0,9,2,3,2.0,4.0,2.0,7.1077053656220315,0.3012940809427973,234,10.02193732193732,0.07475035561587784
59,0,Travel_Rarely,Research & Development,5,3,Life Sciences,3441,Male,2,Research Scientist,Married,56740,3.0,12,0,14.0,6,6,0,4,3,3,2.0,4.0,1.0,8.113466235632185,0.2991147675345719,232,9.980531609195403,0.08517609904463365
45,0,Travel_Rarely,Research & Development,16,1,Medical,3442,Male,2,Sales Executive,Single,54840,1.0,20,3,6.0,6,6,0,4,3,4,2.0,2.0,3.0,6.688949172576832,0.32159737259148025,235,10.043971631205672,0.09118976177486818
53,0,Travel_Frequently,Sales,8,2,Medical,3443,Male,2,Research Scientist,Married,120610,2.0,20,1,30.0,2,15,6,12,4,4,3.0,2.0,3.0,7.778898071625345,0.2785272483431789,242,9.98526170798898,0.08041581412007673
36,1,Travel_Rarely,Research & Development,7,2,Life Sciences,3444,Female,1,Research Scientist,Divorced,56600,7.0,12,0,9.0,3,1,0,0,3,3,1.0,3.0,2.0,6.073075909961686,0.3275343652296892,232,9.98735632183908,0.0652675357847772
26,1,Travel_Frequently,Sales,2,3,Life Sciences,3445,Male,2,Research Scientist,Married,48210,6.0,14,2,6.0,2,3,1,2,3,3,1.0,1.0,3.0,8.203772663877267,0.29111761611445863,239,10.04937238493724,0.06637798913149644
34,0,Travel_Rarely,Research & Development,2,2,Life Sciences,3446,Male,1,Sales Representative,Married,64100,1.0,13,1,1.0,5,1,0,0,2,3,3.0,3.0,3.0,9.214501182033096,0.2811863297115287,235,9.995744680851065,0.08325104564466264
28,0,Travel_Rarely,Research & Development,10,3,Other,3447,Male,2,Sales Representative,Married,52100,1.0,15,0,1.0,1,1,0,0,4,3,4.0,2.0,3.0,7.788128019323671,0.3236258601403025,230,9.985724637681159,0.0807232717338565
38,0,Travel_Frequently,Sales,9,4,Medical,3448,Male,2,Research Scientist,Married,26950,3.0,14,1,8.0,4,2,2,2,1,3,3.0,3.0,3.0,7.593654970760234,0.29878114392962446,228,9.955701754385965,0.06919397428961535
50,0,Travel_Rarely,Research & Development,5,4,Life Sciences,3449,Male,1,Sales Executive,Married,118780,2.0,13,1,29.0,2,8,7,7,3,3,2.0,3.0,2.0,9.583764528126453,0.2911182001894718,239,10.006624825662481,0.08098183764440214
37,0,Travel_Rarely,Research & Development,1,3,Life Sciences,3450,Male,1,Laboratory Technician,Single,170680,3.0,23,0,8.0,6,4,0,1,3,4,4.0,2.0,2.0,7.283771630236795,0.3008435127840114,244,9.97622950819672,0.07435262017735202
40,0,Travel_Rarely,Human Resources,2,3,Medical,3451,Male,5,Sales Executive,Married,24550,1.0,15,1,8.0,2,7,7,5,3,3,3.0,1.0,2.0,6.090655006858711,0.28243916563783966,243,10.019067215363512,0.06544990685001918
26,0,Travel_Frequently,Research & Development,3,3,Medical,3452,Male,2,Laboratory Technician,Divorced,139640,1.0,11,2,5.0,1,5,1,3,2,3,1.0,3.0,3.0,7.712686372269705,0.301501561550057,234,10.000071225071226,0.06946947511504035
46,0,Travel_Rarely,Research & Development,2,1,Medical,3453,Female,3,Research Scientist,Divorced,49410,9.0,13,2,23.0,2,2,2,2,2,3,4.0,4.0,3.0,7.385222681359045,0.28640850792174805,242,9.978650137741047,0.08669074753571174
54,0,Travel_Rarely,Research & Development,5,3,Medical,3454,Female,2,Manufacturing Director,Married,24780,6.0,11,0,13.0,0,9,7,0,3,3,3.0,3.0,3.0,7.606151620370371,0.2983936905898994,240,10.009583333333332,0.07097937006043703
56,0,Travel_Frequently,Research & Development,1,2,Life Sciences,3455,Female,2,Manufacturing Director,Married,52280,2.0,11,0,18.0,4,5,0,3,3,3,1.0,3.0,3.0,6.9204613935969865,0.2966542101676912,236,9.976836158192091,0.08602143687141893
36,0,Travel_Rarely,Research & Development,4,2,Life Sciences,3456,Female,2,Human Resources,Single,44780,0.0,18,1,15.0,3,14,7,8,3,3,4.0,4.0,2.0,6.633445881226054,0.3072337468351015,232,9.998635057471265,0.0755284318969664
55,0,Non-Travel,Research & Development,2,3,Medical,3457,Female,2,Manager,Single,75470,7.0,16,0,31.0,2,9,6,2,2,3,3.0,1.0,4.0,6.1019621749408985,0.2769958034378649,235,9.999574468085108,0.07989772887999844
43,0,Travel_Rarely,Sales,25,2,Life Sciences,3458,Male,3,Research Scientist,Divorced,50550,5.0,22,0,18.0,2,1,0,0,2,4,3.0,4.0,3.0,7.891980834546336,0.29964796984744463,229,9.981877729257643,0.08165235535466521
20,1,Travel_Frequently,Sales,8,3,Marketing,3459,Male,3,Sales Executive,Single,34640,1.0,20,0,2.0,3,2,0,2,2,4,4.0,4.0,3.0,9.083067528735631,0.29008268065585047,232,9.972988505747127,0.07666981804912829
21,1,Travel_Rarely,Research & Development,1,4,Life Sciences,3460,Male,1,Manager,Single,57750,1.0,18,0,1.0,2,1,1,0,3,3,3.0,1.0,2.0,6.597937675070028,0.30428889212838445,238,9.99033613445378,0.07923814251438972
46,0,Travel_Rarely,Sales,12,3,Marketing,3461,Female,3,Healthcare Representative,Divorced,89430,8.0,12,1,19.0,6,16,1,7,3,3,4.0,1.0,3.0,10.990522130013833,0.31644476951318823,241,9.97524204702628,0.08218310089134766
51,1,Travel_Rarely,Sales,23,3,Medical,3462,Female,2,Research Scientist,Married,192720,9.0,20,0,18.0,2,10,2,7,3,4,1.0,3.0,4.0,8.701324879227053,0.31916948527028455,230,9.981521739130434,0.06732445731282824
28,1,Non-Travel,Research & Development,19,4,Life Sciences,3463,Female,4,Laboratory Technician,Single,52380,1.0,17,1,10.0,4,10,1,9,2,3,2.0,1.0,2.0,7.378290414878396,0.2815419316687744,233,9.968383404864092,0.0782729021755216
26,0,Travel_Rarely,Research & Development,5,4,Medical,3464,Female,2,Sales Executive,Married,46820,1.0,11,1,6.0,3,5,1,3,1,3,1.0,1.0,3.0,7.516356280193237,0.2911195776072717,230,9.997028985507246,0.08436401177140683
30,0,Travel_Rarely,Research & Development,8,3,Medical,3465,Female,1,Sales Executive,Married,183000,0.0,14,0,7.0,6,6,0,2,3,3,3.0,1.0,2.0,6.194155140617796,0.3103516604736918,241,9.975242047026281,0.09054189718764395
41,0,Travel_Rarely,Sales,1,4,Life Sciences,3466,Female,1,Research Director,Married,52570,1.0,14,0,10.0,2,10,0,8,4,3,2.0,3.0,3.0,7.90969571230982,0.3176610649946495,241,9.989073305670816,0.0865953876594437
38,0,Travel_Rarely,Research & Development,5,3,Technical Degree,3467,Male,1,Sales Executive,Married,63490,0.0,11,0,20.0,3,19,1,9,3,3,3.0,3.0,2.0,7.317914847161571,0.2965180380139018,229,9.971834061135372,0.0700840483669144
40,0,Travel_Rarely,Sales,1,4,Marketing,3468,Male,1,Sales Executive,Married,48690,4.0,12,0,14.0,2,11,11,1,3,3,1.0,4.0,3.0,7.902443522360534,0.31995689926297516,241,9.975172890733056,0.07390766674350704
27,0,Non-Travel,Sales,11,3,Technical Degree,3469,Female,2,Laboratory Technician,Married,99850,1.0,14,1,3.0,3,3,1,2,2,3,1.0,3.0,3.0,7.992474105461394,0.3055908285836332,236,9.96758474576271,0.07374028829586901
55,0,Travel_Frequently,Research & Development,23,5,Life Sciences,3470,Male,3,Laboratory Technician,Married,36970,3.0,13,1,23.0,1,3,1,2,3,3,4.0,2.0,3.0,6.679911778731521,0.31577903366257865,233,9.967167381974248,0.07545353172841339
28,0,Travel_Rarely,Research & Development,1,3,Life Sciences,3471,Male,2,Healthcare Representative,Single,74570,3.0,11,2,10.0,1,8,1,7,4,3,3.0,3.0,4.0,6.563898265353962,0.2787580113515443,237,9.977004219409283,0.08005864263748841
44,1,Travel_Rarely,Research & Development,18,4,Life Sciences,3472,Female,2,Sales Executive,Married,21190,9.0,15,0,24.0,3,20,3,6,3,3,2.0,1.0,3.0,6.177514860539553,0.2938336474892931,243,9.972702331961592,0.06923798403035213
33,0,Travel_Rarely,Sales,23,4,Marketing,3473,Female,4,Sales Executive,Divorced,39830,4.0,12,0,9.0,3,3,1,2,3,3,4.0,4.0,3.0,6.365669934640523,0.27700811541230635,238,9.98655462184874,0.0704185527938321
35,1,Travel_Rarely,Sales,7,4,Life Sciences,3474,Male,3,Sales Representative,Single,61180,0.0,21,1,9.0,3,8,4,7,2,4,4.0,1.0,3.0,9.818430962343097,0.29247382116360904,239,10.001813110181311,0.08256205829612182
33,1,Travel_Frequently,Research & Development,1,2,Life Sciences,3475,Female,1,Sales Executive,Single,62140,1.0,19,2,14.0,3,13,3,8,3,3,1.0,3.0,3.0,7.775195942830797,0.3141586343423091,241,9.960165975103733,0.0746033982634087
28,0,Travel_Rarely,Human Resources,1,1,Human Resources,3476,Male,2,Research Scientist,Divorced,63470,1.0,15,1,4.0,2,4,2,2,3,3,1.0,3.0,2.0,6.7280754805438345,0.2828205623759556,237,9.993811533052039,0.07208018466868502
34,0,Travel_Frequently,Sales,29,4,Marketing,3477,Male,1,Research Scientist,Single,115100,0.0,14,1,7.0,5,6,0,4,3,3,1.0,4.0,2.0,6.67301656920078,0.30154949948216,228,9.956213450292397,0.08719445839881163
37,0,Travel_Rarely,Research & Development,7,4,Life Sciences,3478,Male,4,Sales Executive,Divorced,71430,2.0,21,0,8.0,6,1,0,0,2,4,4.0,4.0,3.0,10.622468354430378,0.3211558929168292,237,9.977004219409283,0.06996448067891968
25,1,Travel_Rarely,Human Resources,25,4,Human Resources,3479,Female,2,Research Scientist,Married,82680,1.0,12,0,7.0,3,7,5,6,2,3,4.0,4.0,4.0,10.9408540802213,0.2868645019773759,241,9.990041493775932,0.08817819271553703
26,1,Travel_Rarely,Sales,8,2,Marketing,3480,Male,2,Sales Executive,Divorced,80950,1.0,15,0,1.0,3,1,0,0,4,3,1.0,3.0,2.0,7.828946563088513,0.31710857289106575,236,9.99936440677966,0.06799368413671526
33,1,Travel_Rarely,Research & Development,8,2,Life Sciences,3481,Male,4,Manufacturing Director,Single,29040,4.0,13,0,5.0,2,2,2,2,3,3,1.0,2.0,3.0,10.199945799457995,0.28202759496486085,246,9.99769647696477,0.07570669026418156
42,0,Travel_Rarely,Research & Development,11,1,Life Sciences,3482,Male,4,Research Scientist,Married,60320,0.0,14,0,23.0,2,22,13,7,2,3,4.0,1.0,3.0,6.818579196217494,0.29804801360012334,235,9.981843971631207,0.077627164534966
28,1,Travel_Frequently,Research & Development,7,3,Life Sciences,3483,Male,2,Manager,Divorced,29760,1.0,14,0,1.0,3,1,0,0,3,3,1.0,2.0,3.0,6.300432761087268,0.3138491086390055,233,9.975536480686694,0.07468631295940013
50,1,Travel_Frequently,Research & Development,1,4,Medical,3484,Male,2,Research Scientist,Single,159920,3.0,14,0,5.0,3,0,0,0,3,3,4.0,3.0,3.0,10.509589834515367,0.30803639067401667,235,10.0222695035461,0.07411733446485211
33,0,Travel_Frequently,Sales,9,3,Medical,3485,Female,2,Research Scientist,Married,46490,0.0,12,0,4.0,2,3,0,2,2,3,4.0,2.0,3.0,8.024171239140376,0.3030536343786273,243,9.977434842249655,0.0855114368526265
34,0,Non-Travel,Sales,1,1,Marketing,3486,Female,2,Research Director,Married,26960,3.0,23,0,6.0,3,0,0,0,3,4,3.0,4.0,3.0,7.0848657407407405,0.29263592901580715,240,9.990069444444446,0.08763109697040133
48,0,Non-Travel,Sales,2,1,Life Sciences,3487,Male,2,Sales Executive,Single,23700,2.0,11,0,27.0,3,5,2,1,3,3,1.0,4.0,2.0,6.170675451092117,0.30447358367901506,234,10.000997150997149,0.07554263518498139
45,0,Non-Travel,Research & Development,1,3,Medical,3488,Female,2,Human Resources,Married,125040,1.0,12,1,15.0,2,15,4,12,3,3,2.0,3.0,3.0,6.009245511887433,0.2771721739951399,229,10.01339155749636,0.08031451901223202
52,0,Travel_Rarely,Sales,1,3,Life Sciences,3489,Male,1,Sales Executive,Single,59740,7.0,18,1,18.0,6,8,4,0,3,3,2.0,2.0,3.0,7.99388161086851,0.27997635400145743,229,9.986390101892285,0.08137706742596412
38,0,Travel_Rarely,Research & Development,6,2,Medical,3490,Male,1,Research Scientist,Divorced,47360,0.0,11,1,9.0,3,8,2,7,2,3,3.0,3.0,3.0,10.689997704315886,0.30563548138596286,242,9.992699724517907,0.08684828290448812
29,0,Travel_Rarely,Research & Development,8,3,Medical,3491,Female,4,Research Scientist,Divorced,52960,4.0,14,0,11.0,3,7,1,7,4,3,3.0,4.0,3.0,6.334150688298919,0.29023656583354424,226,9.974041297935102,0.07365154594122142
28,0,Travel_Rarely,Human Resources,1,3,Human Resources,3492,Female,4,Laboratory Technician,Divorced,67810,0.0,15,1,10.0,2,9,1,7,3,3,4.0,2.0,2.0,6.904346549192364,0.3000911992909298,227,10.022466960352423,0.07837697469017886
46,0,Travel_Rarely,Research & Development,6,4,Medical,3493,Male,3,Sales Executive,Married,21740,3.0,11,1,23.0,3,12,4,9,3,3,1.0,3.0,3.0,6.390338164251208,0.27913937223117485,230,9.97913043478261,0.08364067675041667
38,0,Travel_Rarely,Research & Development,7,4,Medical,3494,Male,1,Sales Executive,Single,66530,7.0,20,1,10.0,2,1,0,0,3,4,4.0,2.0,3.0,7.405821462488128,0.29520568787260393,234,9.959188034188033,0.07725069696636218
43,0,Travel_Frequently,Research & Development,5,3,Medical,3495,Female,2,Laboratory Technician,Married,96990,8.0,19,1,18.0,3,8,0,1,3,3,3.0,1.0,3.0,7.083995633187772,0.29659806311442,229,10.00713245997089,0.08112824212399021
39,1,Travel_Frequently,Sales,1,3,Marketing,3496,Male,2,Healthcare Representative,Divorced,67550,7.0,14,1,21.0,2,18,11,5,3,3,1.0,4.0,3.0,7.179473745897797,0.29466763604751717,237,10.016947960618847,0.08024474163071033
40,0,Travel_Rarely,Research & Development,1,1,Life Sciences,3497,Male,1,Healthcare Representative,Single,22130,1.0,17,0,21.0,4,20,4,9,3,3,3.0,3.0,4.0,6.024019323671497,0.31055967588102856,230,9.981666666666667,0.07710177098495884
21,0,Travel_Rarely,Research & Development,1,4,Life Sciences,3498,Female,1,Research Scientist,Single,26100,1.0,11,1,2.0,3,2,2,2,2,3,4.0,2.0,4.0,10.468798920377868,0.29687358830711286,247,9.99156545209177,0.08554622955136444
39,0,Non-Travel,Research & Development,6,3,Life Sciences,3499,Male,1,Laboratory Technician,Single,28510,9.0,15,0,9.0,2,5,0,3,3,3,3.0,2.0,2.0,6.19212518195051,0.29133660548747203,229,9.994323144104802,0.07909287562671849
36,0,Non-Travel,Research & Development,1,3,Medical,3500,Male,3,Sales Representative,Single,34520,2.0,13,3,18.0,4,11,0,9,4,3,1.0,4.0,3.0,7.1970604781997185,0.28723435968672273,237,9.994022503516176,0.07269834600745359
31,0,Travel_Frequently,Research & Development,7,3,Life Sciences,3501,Male,1,Sales Executive,Married,52580,0.0,14,3,3.0,5,2,2,2,3,3,3.0,4.0,3.0,6.595106744298883,0.3010187191146655,229,9.987772925764194,0.0772109540590924
28,0,Travel_Rarely,Sales,2,4,Marketing,3502,Male,1,Sales Executive,Married,93550,0.0,11,0,6.0,4,5,0,4,3,3,1.0,2.0,1.0,7.493436474449132,0.30110294095459467,237,10.019901547116737,0.08597112962565653
35,0,Travel_Frequently,Research & Development,9,2,Other,3503,Female,1,Manufacturing Director,Divorced,104960,1.0,13,1,5.0,2,5,0,2,3,3,4.0,4.0,3.0,6.6179576603034755,0.28177541167134856,227,10.008370044052864,0.06646847209768732
49,0,Travel_Rarely,Sales,2,2,Medical,3504,Female,1,Sales Executive,Married,63800,6.0,23,1,22.0,1,9,2,3,2,4,4.0,2.0,3.0,7.224192343604108,0.3037831463301833,238,10.010294117647058,0.08269363089821022
34,0,Travel_Frequently,Sales,9,1,Technical Degree,3505,Male,2,Sales Executive,Single,26570,2.0,13,1,5.0,3,3,0,2,2,3,4.0,3.0,2.0,7.982483451536643,0.3008012974261426,235,9.954893617021277,0.07492965387646232
29,0,Travel_Frequently,Research & Development,1,4,Medical,3506,Male,3,Research Scientist,Divorced,27160,0.0,18,0,8.0,2,7,1,1,1,3,4.0,2.0,2.0,7.091747734859323,0.2871949860884736,233,9.972174535050073,0.05611536595793669
42,0,Travel_Rarely,Sales,21,2,Life Sciences,3507,Female,1,Healthcare Representative,Single,22010,4.0,12,1,16.0,3,1,0,0,4,3,2.0,4.0,3.0,7.204237640724425,0.2985593968509234,227,10.007048458149779,0.07731243962765148
29,0,Travel_Rarely,Sales,4,2,Other,3508,Female,2,Healthcare Representative,Married,65400,1.0,22,0,10.0,2,10,1,2,1,4,2.0,4.0,2.0,10.900306238615665,0.28584793323701424,244,10.044467213114753,0.07247383476879024
38,0,Travel_Rarely,Research & Development,1,3,Medical,3509,Female,1,Human Resources,Married,38160,1.0,13,2,7.0,2,7,5,0,2,3,3.0,3.0,4.0,6.495622032288698,0.2890381665361559,234,9.992877492877492,0.09215458387847517
28,0,Travel_Frequently,Sales,6,4,Life Sciences,3510,Male,1,Manager,Divorced,52530,1.0,15,0,3.0,2,3,0,2,3,3,3.0,3.0,3.0,10.676222687122268,0.30941378913810297,239,9.962900976290097,0.07341946681043407
18,1,Non-Travel,Research & Development,2,4,Medical,3511,Male,3,Laboratory Technician,Single,109650,1.0,18,0,0.0,5,0,0,0,4,3,3.0,3.0,3.0,7.010858690640848,0.31550288402418575,241,9.957399723374825,0.06874015483325653
33,1,Travel_Rarely,Research & Development,3,2,Life Sciences,3512,Male,1,Sales Executive,Single,49360,0.0,14,0,6.0,2,5,0,3,2,3,1.0,1.0,3.0,8.984980405716918,0.297347772137999,241,10.018810511756568,0.08287154218533892
41,0,Travel_Rarely,Research & Development,4,2,Medical,3513,Male,2,Research Scientist,Married,25430,3.0,12,0,6.0,3,1,0,0,3,3,2.0,4.0,3.0,8.09848108747045,0.31472518861544696,235,9.988226950354608,0.07379954941302448
31,1,Travel_Frequently,Sales,10,3,Technical Degree,3514,Female,1,Research Director,Married,53040,1.0,17,0,2.0,3,2,2,2,4,3,3.0,3.0,2.0,7.127894420394421,0.2791712645740993,231,10.02020202020202,0.07229300248865468
37,0,Travel_Rarely,Research & Development,23,3,Life Sciences,3515,Male,3,Manufacturing Director,Divorced,166590,7.0,16,1,9.0,2,6,1,3,3,3,3.0,4.0,3.0,7.974104803493449,0.31267554937170505,229,9.98886462882096,0.08781040118491273
27,0,Travel_Rarely,Research & Development,6,2,Medical,3516,Female,1,Healthcare Representative,Married,42600,1.0,11,2,4.0,2,4,2,2,3,3,4.0,3.0,3.0,7.3634228265922825,0.29739035325981833,239,9.985774058577405,0.09071180494513013
34,0,Travel_Rarely,Sales,1,1,Marketing,3517,Female,2,Laboratory Technician,Married,24760,1.0,19,0,6.0,2,6,1,3,3,3,2.0,3.0,2.0,7.086201716738198,0.3070223345690719,233,9.99370529327611,0.07357131698814398
35,0,Travel_Rarely,Research & Development,6,3,Life Sciences,3518,Female,3,Laboratory Technician,Single,31020,1.0,13,1,6.0,3,5,1,4,2,3,3.0,3.0,1.0,6.795753113026819,0.3381039903810297,232,9.985057471264366,0.09166368114643988
29,1,Travel_Rarely,Research & Development,6,3,Life Sciences,3519,Male,1,Sales Executive,Married,22440,1.0,12,3,11.0,5,11,3,10,1,3,4.0,1.0,1.0,6.771594304388422,0.292376657922914,238,10.014005602240896,0.06751281384565076
40,0,Travel_Frequently,Research & Development,2,4,Medical,3520,Male,4,Human Resources,Single,75960,9.0,11,0,20.0,0,18,2,13,1,3,2.0,3.0,2.0,6.7179869976359345,0.30467992341364586,235,10.024751773049646,0.08633511143440226
42,1,Travel_Frequently,Sales,2,4,Life Sciences,3521,Male,1,Laboratory Technician,Single,22850,0.0,16,0,22.0,3,21,13,14,1,3,3.0,1.0,2.0,8.053107714701602,0.26323567772346856,229,9.983042212518196,0.07845508056896247
42,0,Travel_Rarely,Research & Development,1,2,Life Sciences,3522,Male,4,Laboratory Technician,Single,30340,7.0,21,1,9.0,3,6,1,5,2,4,2.0,1.0,4.0,7.705268073750607,0.28369820472494767,229,9.995196506550219,0.06995976872068571
35,0,Travel_Rarely,Research & Development,5,3,Medical,3523,Male,1,Healthcare Representative,Married,57150,6.0,24,2,10.0,0,8,1,7,3,4,4.0,3.0,3.0,7.1192670093000485,0.32753119859334945,227,9.983259911894272,0.07547320009183092
24,0,Travel_Rarely,Sales,7,4,Life Sciences,3524,Female,1,Laboratory Technician,Single,25760,8.0,17,3,6.0,3,4,1,2,3,3,4.0,2.0,3.0,7.93735992402659,0.2939258680634077,234,9.991239316239316,0.07870093723634497
28,1,Travel_Rarely,Research & Development,15,4,Life Sciences,3525,Male,2,Sales Executive,Married,41970,1.0,13,0,1.0,3,1,0,0,1,3,3.0,4.0,2.0,10.33863038548753,0.2946576397961237,245,9.998639455782312,0.07215205754432924
26,0,Travel_Rarely,Research & Development,1,4,Life Sciences,3526,Male,2,Sales Representative,Married,143360,1.0,21,1,8.0,3,8,0,7,3,4,1.0,4.0,3.0,7.471162374821173,0.31283231323223776,233,9.98197424892704,0.08856974454475196
30,0,Travel_Rarely,Research & Development,7,2,Life Sciences,3527,Female,1,Manufacturing Director,Married,34480,1.0,11,0,10.0,3,10,1,4,3,3,3.0,3.0,3.0,7.689747044917257,0.3116930581429871,235,10.012978723404254,0.07428596108383337
40,0,Travel_Frequently,Research & Development,26,4,Life Sciences,3528,Male,2,Research Scientist,Married,194060,3.0,20,3,16.0,2,1,0,0,3,4,3.0,4.0,1.0,10.46398261065944,0.31032945872347445,246,9.969647696476965,0.08109538557970623
35,0,Travel_Rarely,Research & Development,18,5,Medical,3529,Female,2,Research Scientist,Divorced,65380,2.0,16,1,15.0,3,7,6,4,3,3,3.0,2.0,4.0,6.91156457739791,0.2888492189168315,234,10.012037037037036,0.06423574683410155
34,0,Travel_Frequently,Research & Development,6,2,Life Sciences,3530,Male,1,Research Director,Single,43060,0.0,11,0,14.0,2,13,4,9,3,3,4.0,1.0,3.0,7.522875816993465,0.28476373598361815,238,9.985504201680673,0.07896971657861458
35,0,Travel_Frequently,Research & Development,3,3,Medical,3531,Female,2,Laboratory Technician,Married,22580,1.0,11,1,2.0,2,2,2,2,3,3,4.0,4.0,4.0,7.963982638888888,0.3077982767863652,240,9.997430555555555,0.08149848423214015
43,1,Travel_Rarely,Sales,5,3,Marketing,3532,Female,3,Research Scientist,Single,45220,8.0,15,1,7.0,3,4,1,3,3,3,1.0,3.0,2.0,7.493321360153257,0.26683325096897675,232,9.977873563218392,0.07695899885555059
32,0,Non-Travel,Research & Development,11,2,Other,3533,Female,2,Research Scientist,Divorced,44870,1.0,11,0,1.0,5,1,0,0,2,3,3.0,1.0,3.0,6.594707175925925,0.3157634921124167,240,9.983541666666666,0.07700716236634131
29,0,Travel_Rarely,Research & Development,26,1,Life Sciences,3535,Male,1,Laboratory Technician,Married,22180,1.0,24,1,10.0,1,10,0,8,3,4,3.0,4.0,3.0,7.507206521739132,0.30719974259622007,230,9.95731884057971,0.06703135350083332
19,0,Travel_Rarely,Research & Development,23,4,Life Sciences,3536,Male,2,Laboratory Technician,Single,191970,1.0,12,0,1.0,2,1,0,0,3,3,3.0,1.0,3.0,7.311391283524904,0.2923667483782632,232,9.97176724137931,0.08490051894146727
45,0,Travel_Rarely,Research & Development,22,3,Life Sciences,3537,Female,2,Sales Representative,Married,132120,4.0,13,0,7.0,4,3,0,2,3,3,1.0,3.0,2.0,8.789366760828624,0.29156511884288305,236,9.975353107344633,0.07383320811796298
37,0,Travel_Rarely,Research & Development,14,4,Life Sciences,3538,Male,3,Research Scientist,Married,65770,1.0,13,0,14.0,1,14,3,11,1,3,4.0,4.0,2.0,6.832842066957787,0.2970101940061578,229,9.993085880640464,0.0716125603309585
20,0,Travel_Rarely,Research & Development,6,3,Medical,3539,Male,5,Research Director,Single,83920,1.0,17,0,2.0,5,2,1,2,3,3,1.0,3.0,2.0,6.6843594348659,0.29935915581654304,232,9.970402298850574,0.08159493125010361
44,1,Travel_Rarely,Human Resources,6,2,Human Resources,3540,Male,3,Sales Executive,Single,45580,1.0,13,1,6.0,2,6,0,2,1,3,3.0,3.0,3.0,10.408523391812865,0.3071710769073789,247,10.000877192982456,0.08948545143346173
53,0,Travel_Rarely,Research & Development,6,4,Life Sciences,3541,Male,1,Research Director,Divorced,40310,3.0,12,1,26.0,3,7,4,7,2,3,4.0,3.0,3.0,6.025689257722452,0.3014905188810621,241,9.984301521438452,0.08209396611341638
29,0,Travel_Rarely,Research & Development,23,3,Medical,3542,Male,1,Sales Executive,Married,79690,0.0,14,0,6.0,3,5,1,3,3,3,2.0,4.0,2.0,8.911738128169663,0.2995988745184404,241,9.999861687413555,0.06870136967880748
22,1,Travel_Frequently,Research & Development,22,4,Medical,3543,Male,1,Sales Representative,Married,26540,0.0,24,0,1.0,5,0,0,0,2,4,3.0,4.0,3.0,9.87940476190476,0.29608630268713804,245,10.000748299319728,0.08102516635069323
46,0,Travel_Rarely,Research & Development,2,3,Life Sciences,3544,Male,2,Research Scientist,Married,165550,8.0,14,2,28.0,4,26,15,9,3,3,3.0,1.0,3.0,5.988304597701149,0.33539998448155617,232,9.998706896551724,0.08057792622447803
44,0,Non-Travel,Research & Development,20,3,Life Sciences,3545,Male,1,Sales Representative,Single,45560,2.0,13,0,6.0,4,0,0,0,3,3,4.0,3.0,3.0,6.1978668091168085,0.31540540334321215,234,9.978418803418803,0.07906372656909132
33,0,Travel_Rarely,Research & Development,28,4,Life Sciences,3546,Female,1,Manager,Married,60910,1.0,15,0,5.0,6,5,1,4,1,3,2.0,3.0,3.0,7.7994613821138215,0.31757996459870436,246,9.99810298102981,0.07892609184595245
41,1,Non-Travel,Research & Development,12,3,Life Sciences,3547,Male,2,Sales Representative,Divorced,195660,6.0,16,0,5.0,2,1,0,0,4,3,1.0,1.0,1.0,7.183438069216758,0.30897695161189626,244,9.984699453551912,0.07275761391831011
30,0,Travel_Rarely,Sales,20,3,Marketing,3548,Male,3,Sales Executive,Divorced,48100,8.0,18,0,8.0,3,4,0,3,2,3,3.0,1.0,3.0,7.510671010516689,0.30357257090263995,243,9.995953360768175,0.07680977375702402
40,0,Travel_Frequently,Sales,9,3,Medical,3549,Male,1,Manufacturing Director,Married,45230,5.0,16,1,5.0,5,0,0,0,4,3,2.0,2.0,3.0,6.809596926713948,0.30872086015200567,235,9.996950354609929,0.0671452183225234
50,0,Travel_Frequently,Research & Development,25,4,Life Sciences,3550,Female,2,Healthcare Representative,Married,32020,2.0,24,1,32.0,2,2,2,2,3,4,4.0,1.0,3.0,7.172575973409307,0.31300840723527296,234,10.003062678062678,0.0825072702558396
28,0,Travel_Rarely,Research & Development,6,3,Technical Degree,3551,Male,2,Research Scientist,Married,23510,1.0,16,0,6.0,4,6,3,3,3,3,4.0,1.0,3.0,7.15125413711584,0.2993813410034441,235,9.992907801418438,0.08262992261219221
46,0,Travel_Rarely,Research & Development,8,4,Other,3552,Male,3,Manager,Married,17020,5.0,21,0,25.0,2,4,0,3,3,4,4.0,2.0,3.0,7.307771990740741,0.29769068567208146,240,9.974236111111113,0.0812174521540368
35,0,Travel_Rarely,Sales,4,4,Marketing,3553,Male,1,Laboratory Technician,Married,180410,3.0,20,1,15.0,3,7,1,7,2,4,3.0,1.0,3.0,8.48795238095238,0.3229913540554544,245,10.003741496598641,0.06685411322999138
24,1,Travel_Rarely,Human Resources,28,4,Human Resources,3554,Male,3,Manufacturing Director,Married,28860,1.0,19,1,1.0,5,1,0,0,3,3,4.0,2.0,1.0,6.598539312617702,0.2943405562037787,236,9.982062146892654,0.07996055214969738
33,0,Travel_Frequently,Research & Development,9,2,Medical,3555,Female,1,Sales Executive,Married,20970,1.0,14,2,10.0,5,10,0,1,2,3,2.0,3.0,2.0,6.0181877141458635,0.2706368375613739,227,10.03149779735683,0.07235281059001376
36,0,Travel_Rarely,Research & Development,9,2,Medical,3556,Male,2,Sales Executive,Divorced,119350,1.0,11,3,7.0,6,7,1,7,4,3,3.0,3.0,3.0,6.6119981325863675,0.30036913676720844,238,10.018767507002801,0.07109730249343056
30,0,Travel_Rarely,Sales,29,3,Marketing,3557,Male,1,Sales Executive,Divorced,25460,1.0,14,1,10.0,2,10,8,9,3,3,3.0,3.0,2.0,6.015647754137115,0.2659834330295199,235,10.007021276595745,0.07343933240387142
44,0,Travel_Rarely,Research & Development,3,4,Medical,3558,Male,2,Research Scientist,Single,25640,1.0,12,3,20.0,3,20,13,17,1,3,4.0,4.0,3.0,7.606717687074829,0.2949643144549078,245,9.987346938775511,0.07248724025129179
20,0,Travel_Rarely,Research & Development,18,4,Medical,3559,Male,1,Human Resources,Single,84120,1.0,13,0,2.0,2,2,2,2,2,3,3.0,4.0,3.0,6.301012857836002,0.2906735996819422,229,9.94665211062591,0.07619244618095457
46,0,Travel_Rarely,Sales,9,1,Medical,3560,Female,1,Sales Executive,Divorced,141180,2.0,22,0,12.0,3,6,1,4,3,4,4.0,4.0,2.0,6.224990623534928,0.3246925091653153,237,9.972151898734175,0.07058889961620061
42,0,Non-Travel,Research & Development,5,4,Medical,3561,Male,5,Sales Executive,Married,170460,7.0,11,0,10.0,3,4,0,3,2,3,4.0,1.0,4.0,7.486526639344262,0.2798341425678144,244,10.012158469945353,0.08887991259828944
60,0,Travel_Rarely,Sales,2,2,Life Sciences,3562,Male,2,Sales Executive,Divorced,25640,0.0,14,1,12.0,3,11,1,9,3,3,2.0,4.0,3.0,8.602125850340135,0.2883421596280407,245,9.96156462585034,0.08177372588379621
32,0,Travel_Frequently,Sales,10,3,Life Sciences,3563,Female,1,Sales Executive,Married,102660,1.0,11,0,2.0,3,2,2,2,3,3,3.0,2.0,3.0,7.289922267946959,0.28088742598307664,243,9.975582990397806,0.08265892180314177
32,0,Travel_Frequently,Research & Development,9,3,Life Sciences,3564,Female,2,Research Scientist,Single,50700,4.0,12,1,10.0,6,8,0,7,3,3,4.0,3.0,3.0,8.40896686159844,0.3193667029809648,228,10.004751461988302,0.08582534177465206
36,0,Travel_Rarely,Sales,3,2,Marketing,3565,Male,4,Healthcare Representative,Divorced,178610,2.0,18,0,17.0,2,7,7,7,2,3,3.0,1.0,3.0,7.989745467224547,0.29261609639646524,239,10.001673640167363,0.08111530107161415
33,0,Travel_Rarely,Sales,26,2,Marketing,3566,Male,1,Research Scientist,Married,42300,0.0,12,0,15.0,0,14,4,10,3,3,1.0,4.0,3.0,6.125854044834307,0.2930229726804887,228,9.984795321637426,0.08006148508814862
40,0,Travel_Rarely,Research & Development,1,3,Medical,3567,Female,2,Research Scientist,Divorced,37800,7.0,12,0,7.0,2,5,1,3,1,3,2.0,2.0,4.0,7.32233574879227,0.30748191869541863,230,9.977101449275363,0.0890536674893994
25,0,Travel_Rarely,Research & Development,6,2,Medical,3568,Female,1,Laboratory Technician,Single,27680,0.0,22,1,5.0,0,4,1,1,3,4,3.0,4.0,3.0,8.015267489711935,0.287164963544395,243,9.976748971193413,0.08081046151753232
30,0,Travel_Rarely,Sales,9,3,Marketing,3569,Female,1,Research Scientist,Married,90710,0.0,19,1,12.0,2,11,5,7,2,3,4.0,2.0,3.0,9.18669976359338,0.31531985458720224,235,10.004822695035461,0.07563428704208848
42,0,Travel_Frequently,Human Resources,8,2,Medical,3570,Male,1,Sales Executive,Married,106480,3.0,13,1,20.0,1,1,0,0,3,3,1.0,1.0,3.0,9.4596490004649,0.3194624859889758,239,10.010599721059972,0.07141611874875473
35,0,Non-Travel,Research & Development,1,1,Life Sciences,3571,Male,2,Sales Executive,Married,136100,4.0,22,2,16.0,4,13,4,12,2,4,3.0,4.0,2.0,9.811535269709543,0.2803596584565195,241,9.969294605809129,0.07206250960504068
27,0,Travel_Rarely,Research & Development,7,3,Life Sciences,3572,Male,3,Manufacturing Director,Married,34080,1.0,24,0,9.0,2,9,6,8,3,4,1.0,1.0,2.0,9.161649011299437,0.27199378414336023,236,9.990254237288134,0.0748384220859879
54,0,Travel_Frequently,Research & Development,9,2,Medical,3573,Male,2,Sales Representative,Divorced,29830,7.0,14,1,33.0,2,5,1,4,2,3,4.0,3.0,1.0,6.28115243342516,0.306491416809487,242,9.987052341597797,0.06852921901016962
44,0,Travel_Rarely,Human Resources,4,4,Life Sciences,3574,Male,5,Laboratory Technician,Married,76320,1.0,21,0,10.0,3,10,7,7,3,4,1.0,4.0,3.0,6.012280521262003,0.3055855901301749,243,9.98875171467764,0.06836698447248393
19,1,Non-Travel,Sales,2,2,Other,3575,Male,3,Healthcare Representative,Single,98240,1.0,18,0,1.0,2,1,0,0,3,3,1.0,2.0,4.0,8.410409663865547,0.2761601205752865,238,9.988725490196078,0.07363113951628474
29,0,Travel_Rarely,Research & Development,19,4,Life Sciences,3576,Male,1,Manufacturing Director,Divorced,99500,1.0,20,0,3.0,3,3,1,2,3,4,1.0,4.0,3.0,7.381258381226054,0.29812749006135725,232,9.985416666666667,0.08416471260221269
54,0,Travel_Rarely,Research & Development,9,4,Life Sciences,3577,Male,2,Sales Executive,Married,20930,3.0,19,0,36.0,2,10,0,9,3,3,4.0,4.0,3.0,7.696354595336077,0.2816209962242298,243,9.975308641975309,0.07382996632996629
31,0,Travel_Rarely,Research & Development,21,3,Life Sciences,3578,Male,2,Laboratory Technician,Married,99800,1.0,12,0,6.0,1,6,0,1,3,3,3.0,1.0,2.0,8.616800281293951,0.29925383638065095,237,10.004149085794655,0.07211901157755049
31,0,Travel_Rarely,Sales,24,1,Marketing,3579,Female,1,Sales Executive,Single,38940,1.0,12,0,10.0,3,10,1,8,4,3,3.0,1.0,3.0,7.306390117994101,0.3166673288901323,226,9.987610619469026,0.06674211733857753
59,0,Travel_Rarely,Research & Development,3,4,Technical Degree,3580,Male,1,Research Scientist,Single,40510,5.0,16,3,13.0,3,6,0,5,3,3,3.0,4.0,3.0,7.375862445414847,0.28509193860930304,229,9.987918486171763,0.07084023894038832
43,0,Travel_Rarely,Research & Development,11,2,Life Sciences,3581,Male,3,Laboratory Technician,Married,168350,3.0,17,1,25.0,3,8,0,7,3,3,3.0,4.0,3.0,6.567780182780182,0.2921518669454815,231,9.978932178932178,0.07255663257837172
49,0,Travel_Rarely,Sales,14,4,Life Sciences,3582,Male,2,Research Scientist,Married,62300,2.0,14,0,23.0,2,1,0,0,2,3,1.0,3.0,4.0,6.6836437198067635,0.3048629417075823,230,9.976086956521739,0.07186138008142953
36,0,Travel_Frequently,Sales,5,2,Marketing,3583,Female,1,Laboratory Technician,Married,47170,1.0,19,1,12.0,3,11,0,7,3,3,3.0,2.0,2.0,6.057707423580787,0.29443500073933676,229,10.000582241630276,0.0819904002485593
48,0,Travel_Rarely,Research & Development,1,4,Life Sciences,3584,Female,2,Laboratory Technician,Single,132370,5.0,13,1,7.0,2,1,0,0,4,3,4.0,2.0,2.0,6.084178691678691,0.32334706710829275,231,9.964141414141414,0.086412677499634
27,0,Travel_Rarely,Research & Development,6,4,Life Sciences,3585,Male,2,Laboratory Technician,Divorced,37550,1.0,19,0,5.0,2,5,0,3,3,3,1.0,3.0,3.0,7.987510460251046,0.29456670198767926,239,9.991283124128314,0.07973111978403642
29,0,Travel_Rarely,Sales,17,4,Medical,3586,Male,1,Laboratory Technician,Divorced,65820,1.0,19,1,6.0,3,6,1,0,3,3,3.0,4.0,3.0,8.767204415954415,0.28869151581208646,234,10.000498575498575,0.0795574518339182
48,0,Travel_Rarely,Sales,1,1,Marketing,3587,Male,2,Manufacturing Director,Single,74060,6.0,14,2,25.0,2,1,0,0,3,3,4.0,4.0,4.0,6.171156835848193,0.31362422684659225,243,9.98360768175583,0.07709358833376788
29,0,Travel_Rarely,Research & Development,3,3,Technical Degree,3588,Female,2,Healthcare Representative,Divorced,48050,3.0,16,1,9.0,2,7,1,7,3,3,4.0,4.0,2.0,6.871036727103672,0.3063549622917704,239,10.002092050209205,0.07786908766295918
34,0,Travel_Rarely,Sales,9,4,Medical,3589,Female,2,Laboratory Technician,Married,27410,0.0,15,1,2.0,3,1,0,0,3,3,3.0,3.0,2.0,6.001669010782935,0.2890531864663065,237,9.97981715893108,0.08028184025046291
44,0,Travel_Rarely,Research & Development,4,3,Life Sciences,3590,Female,1,Laboratory Technician,Married,42620,7.0,18,0,26.0,2,22,3,10,3,3,2.0,2.0,3.0,7.018062865497076,0.2986149989172546,228,9.981067251461988,0.07509151381267659
33,0,Travel_Rarely,Research & Development,8,2,Life Sciences,3591,Female,2,Research Scientist,Divorced,161840,0.0,13,1,10.0,2,9,0,8,4,3,4.0,3.0,3.0,10.974695821854914,0.2953468087972484,242,10.005991735537192,0.07267141901855217
19,0,Travel_Rarely,Sales,2,4,Marketing,3592,Male,3,Laboratory Technician,Single,115570,1.0,22,0,1.0,0,1,0,1,3,4,2.0,4.0,3.0,10.772186192468618,0.3194455826407073,239,10.004044630404463,0.05508861424625635
23,0,Travel_Rarely,Sales,2,3,Medical,3593,Male,3,Laboratory Technician,Married,18780,1.0,13,1,1.0,2,1,0,1,3,3,4.0,3.0,3.0,7.4808517750115255,0.2917036930519987,241,9.986583679114798,0.08412712271400026
25,1,Travel_Frequently,Research & Development,1,1,Life Sciences,3594,Male,1,Manufacturing Director,Single,109320,1.0,11,1,1.0,3,1,1,0,3,3,3.0,4.0,3.0,9.21699886621315,0.31053007141696337,245,9.972448979591837,0.06913650979517491
26,0,Travel_Rarely,Human Resources,9,3,Life Sciences,3595,Male,2,Research Scientist,Single,68110,1.0,11,1,8.0,4,8,2,2,3,3,3.0,4.0,2.0,8.701572504708098,0.3022177759206093,236,10.013771186440678,0.06552231337901175
45,1,Travel_Rarely,Human Resources,12,3,Human Resources,3596,Male,2,Laboratory Technician,Single,43060,2.0,11,2,26.0,3,24,1,11,3,3,1.0,2.0,3.0,9.921010536398468,0.3029117661099931,232,10.015014367816093,0.08027022586289831
55,0,Non-Travel,Research & Development,27,3,Life Sciences,3597,Female,2,Manager,Divorced,48590,1.0,24,1,34.0,3,33,15,0,4,4,4.0,2.0,3.0,9.585816854990584,0.2832782482315968,236,9.976129943502825,0.08043725207356645
21,1,Travel_Frequently,Research & Development,20,2,Medical,3598,Female,4,Research Scientist,Single,53370,1.0,14,1,2.0,2,2,2,2,3,3,1.0,3.0,1.0,7.574681712962964,0.3129127089792345,240,9.980416666666665,0.06978690144119017
46,0,Travel_Rarely,Research & Development,1,4,Life Sciences,3599,Male,1,Manufacturing Director,Married,23400,2.0,13,1,26.0,2,11,0,8,1,3,4.0,2.0,3.0,6.890804473304473,0.29570588503841866,231,9.998268398268397,0.07486172281824455
34,0,Travel_Rarely,Sales,13,4,Medical,3600,Male,3,Sales Representative,Single,74910,0.0,14,1,4.0,3,3,0,2,2,3,3.0,1.0,3.0,8.903581267217632,0.29729886121637844,242,9.993732782369147,0.07996401681850569
51,0,Travel_Frequently,Research & Development,14,3,Life Sciences,3601,Male,2,Research Director,Divorced,105270,4.0,14,0,31.0,3,29,11,10,3,3,4.0,2.0,2.0,11.016749058380414,0.31610071322298755,236,10.042231638418079,0.07105759907040114
59,0,Travel_Rarely,Research & Development,4,2,Life Sciences,3602,Male,2,Research Scientist,Single,165950,6.0,21,1,25.0,2,9,5,4,3,4,4.0,4.0,2.0,6.6114888423988845,0.2867440303118648,239,10.007043235704323,0.07840840101731064
34,0,Travel_Frequently,Sales,14,4,Medical,3603,Female,3,Research Scientist,Divorced,88340,4.0,13,1,15.0,1,11,5,10,3,3,3.0,2.0,4.0,6.784612048757618,0.28978101033320725,237,9.996694796061885,0.06995489562722977
28,0,Travel_Frequently,Research & Development,2,3,Other,3604,Female,1,Manager,Single,55770,0.0,19,0,5.0,3,4,0,2,3,3,4.0,3.0,2.0,10.41130662851693,0.28846726721226923,233,9.997353361945637,0.08071973714501832
44,0,Travel_Rarely,Research & Development,3,4,Life Sciences,3605,Male,2,Research Scientist,Divorced,47070,1.0,17,0,26.0,4,25,14,13,1,3,3.0,1.0,2.0,7.800247973295183,0.30333975531819357,233,9.95672389127325,0.07304367487214901
34,0,Travel_Frequently,Sales,1,3,Life Sciences,3606,Male,2,Sales Executive,Married,24000,4.0,18,1,14.0,3,10,1,8,3,3,3.0,2.0,4.0,7.502873015873015,0.28438249379625635,245,9.992857142857142,0.07992941712204005
35,0,Travel_Rarely,Research & Development,9,3,Life Sciences,3607,Male,4,Healthcare Representative,Married,98240,0.0,19,0,4.0,2,3,2,2,3,3,3.0,3.0,3.0,10.486299475441106,0.3112343040305236,233,9.978612303290413,0.08110070009701874
42,0,Travel_Rarely,Research & Development,23,4,Life Sciences,3608,Female,1,Manager,Married,64470,6.0,13,0,18.0,3,1,0,0,3,3,2.0,2.0,3.0,9.393627946127946,0.278012820336477,231,9.994877344877345,0.07574779889997278
43,0,Travel_Rarely,Research & Development,7,2,Medical,3609,Female,1,Laboratory Technician,Single,195020,3.0,18,2,23.0,3,21,15,17,4,3,4.0,4.0,4.0,6.400272967772969,0.2702888109188938,231,10.014285714285714,0.07118391994478943
36,0,Travel_Rarely,Research & Development,2,4,Medical,3610,Male,1,Healthcare Representative,Single,27250,9.0,21,1,18.0,4,16,5,12,2,4,3.0,2.0,3.0,10.606711583924351,0.2921914781938002,235,9.986595744680853,0.07450735487260314
44,1,Travel_Rarely,Research & Development,21,4,Life Sciences,3611,Female,2,Laboratory Technician,Married,62720,1.0,19,1,10.0,3,10,0,5,3,3,1.0,4.0,3.0,6.000892687559354,0.3043767314179078,234,9.988247863247864,0.07917817578225297
28,0,Travel_Frequently,Research & Development,2,3,Life Sciences,3612,Female,2,Sales Representative,Married,21270,1.0,14,0,2.0,3,2,2,2,3,3,4.0,4.0,3.0,9.693598218471637,0.266298176582521,237,10.002672292545709,0.07315196230343193
51,0,Travel_Frequently,Sales,21,4,Medical,3613,Male,2,Research Scientist,Single,182000,0.0,17,0,8.0,3,7,7,7,3,3,2.0,3.0,2.0,6.988612329434698,0.3243366741905292,228,9.977412280701754,0.07739381263363994
30,0,Non-Travel,Research & Development,2,4,Other,3614,Male,1,Research Scientist,Single,20960,7.0,11,3,10.0,2,8,1,7,3,3,3.0,3.0,3.0,9.523287037037038,0.2818444853942919,234,9.96054131054131,0.08444252880590492
29,1,Travel_Rarely,Research & Development,29,4,Technical Degree,3615,Female,1,Sales Representative,Divorced,28860,3.0,13,0,10.0,4,7,7,7,3,3,2.0,3.0,3.0,8.415431074227754,0.3195448350715498,241,9.987482710926693,0.07256141463039799
28,0,Travel_Rarely,Sales,1,4,Life Sciences,3616,Female,2,Sales Representative,Single,20330,2.0,15,1,5.0,5,3,1,2,3,3,4.0,1.0,2.0,6.853197374589779,0.3247724373243509,237,9.985232067510548,0.0754777825454718
25,0,Travel_Rarely,Research & Development,18,2,Life Sciences,3617,Male,1,Research Scientist,Single,36220,1.0,25,0,2.0,0,2,2,1,3,4,4.0,2.0,2.0,8.023296999531176,0.29887194458610655,237,9.99142053445851,0.059379941516285666
32,0,Travel_Rarely,Research & Development,10,4,Other,3618,Female,1,Sales Executive,Married,42330,1.0,11,0,10.0,5,10,0,8,3,3,3.0,4.0,4.0,6.810012236906511,0.2877252700022245,227,9.958296622613803,0.07189865892167942
45,0,Travel_Frequently,Research & Development,19,3,Medical,3619,Male,3,Laboratory Technician,Single,36810,3.0,17,1,22.0,2,0,0,0,3,3,2.0,2.0,3.0,6.005568502824859,0.3106718321460289,236,9.956073446327682,0.08121827543374607
39,0,Travel_Rarely,Sales,29,1,Marketing,3620,Female,1,Laboratory Technician,Divorced,54600,6.0,13,2,21.0,3,19,15,2,3,3,3.0,2.0,3.0,8.409169082125604,0.27534821169476176,230,9.982826086956523,0.07499367656055529
58,0,Travel_Rarely,Research & Development,27,3,Other,3621,Male,2,Laboratory Technician,Divorced,21870,1.0,18,1,2.0,1,2,2,2,1,3,1.0,3.0,3.0,5.996511257953988,0.30383952627669364,227,9.986196769456681,0.08266015186759015
32,1,Travel_Rarely,Research & Development,5,3,Technical Degree,3622,Female,1,Sales Executive,Married,96020,1.0,13,1,10.0,3,10,1,1,3,3,4.0,3.0,3.0,6.469036643026004,0.31077262617799967,235,10.01744680851064,0.08325556161726366
39,1,Travel_Rarely,Research & Development,18,2,Life Sciences,3623,Male,2,Laboratory Technician,Single,28360,0.0,20,0,6.0,3,5,0,3,2,4,3.0,1.0,3.0,7.708774104683196,0.3155721982227679,242,10.002272727272729,0.0893620331950208
30,0,Travel_Rarely,Sales,9,1,Marketing,3624,Male,4,Research Director,Married,40890,0.0,18,0,10.0,2,9,6,7,4,3,1.0,4.0,3.0,6.203796695402298,0.28379507914509644,232,10.005818965517243,0.08780509839777073
36,0,Travel_Rarely,Sales,1,3,Marketing,3625,Male,2,Sales Executive,Married,166270,3.0,12,0,10.0,5,7,1,7,2,3,4.0,3.0,3.0,6.693960113960115,0.3077863739458941,234,9.977777777777776,0.07210538865045295
46,0,Travel_Rarely,Sales,4,3,Medical,3626,Male,1,Research Scientist,Single,26190,6.0,12,1,10.0,3,7,5,7,2,3,4.0,1.0,4.0,7.701045751633986,0.2949293440368547,238,9.985714285714286,0.08557564798071131
28,0,Non-Travel,Research & Development,1,3,Medical,3627,Male,5,Sales Executive,Married,56790,0.0,13,0,10.0,2,9,7,5,2,3,3.0,4.0,3.0,8.003764650726676,0.30034908686309125,237,9.994796061884669,0.08421950860966086
50,0,Travel_Rarely,Research & Development,20,2,Medical,3628,Female,5,Laboratory Technician,Married,154020,4.0,21,0,25.0,3,3,1,2,2,4,4.0,1.0,3.0,10.389254385964913,0.29492456156887487,247,9.987651821862348,0.07654857385281012
40,1,Travel_Rarely,Sales,8,1,Other,3629,Male,1,Laboratory Technician,Single,59850,2.0,13,3,9.0,1,5,1,0,2,3,4.0,2.0,3.0,9.79205054840248,0.2980619744747018,233,10.005507868383402,0.0799874923947181
52,1,Travel_Rarely,Research & Development,3,2,Technical Degree,3630,Male,3,Laboratory Technician,Single,25790,9.0,19,1,10.0,1,8,7,7,3,3,2.0,2.0,2.0,10.045850023843588,0.28486622559137853,233,10.023962804005722,0.07438379746106921
30,0,Travel_Rarely,Research & Development,6,4,Medical,3631,Female,1,Sales Executive,Married,30410,1.0,11,1,9.0,2,9,0,8,2,3,2.0,1.0,3.0,10.366412529550828,0.3036806721047414,235,10.016808510638297,0.07542970439069727
39,0,Travel_Rarely,Research & Development,26,1,Medical,3632,Male,2,Healthcare Representative,Single,34470,0.0,14,0,9.0,5,8,1,7,3,3,1.0,3.0,3.0,5.983080137659782,0.28826735027861883,226,9.959218289085548,0.07009118868130672
31,0,Non-Travel,Research & Development,1,2,Medical,3633,Male,1,Sales Executive,Divorced,195130,1.0,12,1,10.0,1,10,9,6,2,3,4.0,3.0,2.0,10.114511784511784,0.31058814980678734,231,9.996825396825399,0.07486910512997465
41,0,Non-Travel,Sales,6,3,Life Sciences,3634,Female,1,Research Director,Single,27730,1.0,11,0,19.0,3,19,11,9,3,3,3.0,2.0,3.0,7.79622335600907,0.2917801122702478,245,9.98387755102041,0.07686673357867746
31,1,Travel_Frequently,Research & Development,3,1,Life Sciences,3635,Male,1,Sales Executive,Single,71040,1.0,14,1,3.0,3,3,2,2,3,3,4.0,2.0,4.0,9.076394927536231,0.2835535594231677,230,9.976086956521739,0.06898898803873171
44,1,Travel_Rarely,Sales,5,3,Life Sciences,3636,Male,1,Laboratory Technician,Married,63220,4.0,11,1,10.0,2,3,1,2,3,3,1.0,1.0,4.0,6.025931513409962,0.3169529967459074,232,10.00653735632184,0.07180772731419292
42,0,Non-Travel,Research & Development,4,3,Life Sciences,3637,Male,2,Laboratory Technician,Married,20830,0.0,12,2,21.0,3,20,2,10,2,3,3.0,3.0,2.0,9.696563829787234,0.29931197967487344,235,9.972907801418438,0.07775765290658905
55,0,Travel_Rarely,Sales,11,3,Technical Degree,3638,Male,2,Manufacturing Director,Married,83810,4.0,15,1,23.0,3,19,9,11,3,3,4.0,3.0,3.0,6.592413632119515,0.29577184836320025,238,10.034313725490197,0.07695871597584181
56,0,Travel_Rarely,Sales,3,2,Medical,3639,Female,3,Manufacturing Director,Single,26910,6.0,16,1,36.0,6,7,7,7,3,3,4.0,2.0,3.0,7.954343765162543,0.28817963272315456,229,9.960698689956331,0.0793282621279059
40,0,Non-Travel,Research & Development,1,1,Life Sciences,3640,Male,1,Laboratory Technician,Divorced,42860,9.0,15,0,6.0,6,4,0,0,3,3,3.0,3.0,3.0,7.242989028944912,0.30308699878776246,238,9.974159663865548,0.08115201003045384
34,0,Travel_Rarely,Research & Development,3,2,Technical Degree,3641,Male,2,Research Director,Divorced,26590,0.0,24,3,10.0,2,9,1,6,3,4,4.0,4.0,2.0,7.40742337164751,0.29647637194045784,232,10.001077586206897,0.08479080107312871
40,0,Travel_Rarely,Sales,4,3,Medical,3642,Male,2,Sales Executive,Single,94340,1.0,13,1,9.0,3,9,8,8,2,3,3.0,4.0,3.0,6.011237373737374,0.2966735325929825,231,10.007647907647907,0.06416830834222138
41,0,Travel_Frequently,Sales,1,4,Other,3643,Female,2,Healthcare Representative,Divorced,55610,0.0,11,0,10.0,2,9,1,7,2,3,3.0,1.0,3.0,7.692890733056708,0.2985096350777294,241,9.98478561549101,0.08961940986629784
35,0,Travel_Frequently,Sales,1,2,Technical Degree,3644,Male,2,Manager,Single,66460,1.0,13,1,9.0,2,9,1,1,2,3,3.0,3.0,3.0,9.53671522131888,0.29529947597759404,246,10.015853658536583,0.06946872407499577
51,0,Travel_Rarely,Sales,18,2,Life Sciences,3645,Male,4,Manufacturing Director,Divorced,77250,1.0,13,1,33.0,2,33,0,10,3,3,3.0,2.0,3.0,9.52057475158085,0.3059261552927284,246,9.984146341463417,0.07937348597975787
38,0,Travel_Rarely,Sales,2,4,Life Sciences,3646,Female,1,Research Scientist,Divorced,107250,3.0,18,0,11.0,5,7,1,7,2,3,2.0,1.0,3.0,6.602037795992715,0.2896211758618755,244,10.01236338797814,0.071706371292361
34,0,Travel_Rarely,Sales,4,3,Life Sciences,3647,Male,2,Research Scientist,Single,88470,1.0,16,0,10.0,3,10,9,6,4,3,3.0,1.0,4.0,7.220665204678363,0.30555788193485645,228,10.003801169590641,0.06662278554928679
25,0,Travel_Rarely,Research & Development,6,2,Medical,3648,Female,4,Research Scientist,Married,20450,3.0,19,0,7.0,3,3,1,2,3,3,4.0,4.0,2.0,6.359668495656151,0.2652830865900032,243,9.966117969821672,0.06388169952423597
58,1,Travel_Rarely,Sales,1,4,Technical Degree,3649,Male,2,Sales Executive,Married,10090,7.0,13,2,31.0,3,10,5,9,4,3,3.0,1.0,2.0,8.51428014184397,0.28255148511878486,235,10.003333333333336,0.09013010446343783
40,0,Travel_Rarely,Research & Development,14,4,Medical,3650,Female,1,Research Scientist,Married,33480,3.0,22,0,7.0,2,4,0,3,1,4,2.0,2.0,3.0,6.070584370677731,0.3129689929323891,241,9.978769017980635,0.07476843207315202
36,0,Travel_Frequently,Sales,16,2,Life Sciences,3651,Male,1,Research Scientist,Married,12810,2.0,11,0,17.0,2,15,6,13,3,3,1.0,1.0,2.0,6.125462555066079,0.3075253108396316,227,9.982525697503673,0.09209005280279299
48,0,Travel_Rarely,Research & Development,2,1,Life Sciences,3652,Male,2,Research Scientist,Single,28190,1.0,20,0,11.0,2,10,0,8,2,4,4.0,4.0,3.0,7.6162530062530065,0.27808754209146697,231,10.007503607503608,0.0949772674990066
27,0,Travel_Rarely,Research & Development,2,3,Life Sciences,3653,Female,2,Laboratory Technician,Married,48510,8.0,18,0,5.0,2,1,0,0,3,3,3.0,4.0,3.0,7.0897234093067425,0.3063608503133873,234,10.005698005698004,0.07745427941422227
51,0,Travel_Rarely,Research & Development,4,1,Medical,3654,Female,3,Manufacturing Director,Single,40280,3.0,14,0,29.0,3,5,0,3,3,3,4.0,2.0,2.0,7.492518596001859,0.2888233530406021,239,9.998535564853555,0.07937342998566234
18,0,Non-Travel,Research & Development,1,4,Medical,3655,Male,2,Sales Executive,Single,27200,1.0,22,1,0.0,2,0,0,0,3,4,4.0,4.0,3.0,7.886312299954275,0.2917836424916944,243,9.984979423868312,0.07492381729755465
35,0,Travel_Rarely,Research & Development,1,4,Other,3656,Female,2,Research Director,Married,81200,0.0,13,0,10.0,2,9,0,0,2,3,4.0,4.0,3.0,7.2445999085505255,0.3061921960823499,243,9.961454046639231,0.07566142154806577
27,0,Travel_Frequently,Research & Development,26,4,Medical,3657,Female,1,Research Director,Single,46470,3.0,17,0,8.0,3,6,0,0,4,3,4.0,4.0,3.0,7.425011622501161,0.2897149863413447,239,9.968410041841004,0.07190987971199642
55,1,Travel_Rarely,Research & Development,19,3,Technical Degree,3658,Male,1,Human Resources,Single,46800,6.0,14,3,24.0,0,19,3,8,4,3,1.0,3.0,2.0,8.667409344490935,0.3006768916693109,239,9.978800557880056,0.08106363465888451
56,0,Travel_Rarely,Research & Development,24,4,Life Sciences,3659,Male,2,Laboratory Technician,Married,32210,4.0,15,2,33.0,2,19,15,9,3,3,4.0,2.0,3.0,10.390627394636015,0.2739747777190656,232,10.016163793103448,0.07320681673052364
34,0,Non-Travel,Sales,1,2,Life Sciences,3660,Male,2,Research Scientist,Divorced,86210,1.0,17,1,5.0,1,5,0,0,3,3,1.0,3.0,3.0,6.378502155172414,0.3090053167013543,232,9.99310344827586,0.06650586323000122
40,0,Travel_Rarely,Research & Development,3,3,Life Sciences,3661,Male,2,Sales Executive,Divorced,45770,5.0,11,1,15.0,3,12,11,8,2,3,2.0,3.0,3.0,6.527122079160705,0.29240101958481024,233,9.9673104434907,0.08155968912896924
34,0,Travel_Rarely,Research & Development,5,3,Life Sciences,3662,Male,1,Research Scientist,Married,45530,4.0,18,1,10.0,2,8,7,7,4,3,2.0,3.0,3.0,7.176608309990662,0.3071404096699315,238,9.987254901960782,0.07487203882959664
31,1,Travel_Frequently,Research & Development,2,2,Medical,3663,Female,2,Manufacturing Director,Single,53960,7.0,17,1,3.0,2,1,0,0,1,3,3.0,4.0,4.0,7.710824188385917,0.28229610586453807,243,9.978737997256516,0.06871731720497143
35,1,Travel_Frequently,Research & Development,1,2,Medical,3664,Male,1,Manufacturing Director,Married,67960,0.0,13,0,5.0,2,4,3,2,3,3,4.0,3.0,2.0,9.076310835629018,0.3144693664464009,242,9.979338842975206,0.07985027567260686
38,0,Travel_Frequently,Research & Development,7,3,Medical,3665,Female,2,Sales Representative,Divorced,76250,1.0,15,0,4.0,2,4,0,3,2,3,4.0,3.0,3.0,6.4456438865643895,0.29626470909171604,239,9.992050209205022,0.07589125050299059
34,0,Travel_Rarely,Research & Development,10,4,Other,3666,Female,2,Laboratory Technician,Single,74120,1.0,24,0,14.0,4,14,4,11,3,4,3.0,4.0,4.0,7.897642390289448,0.30176678410710683,238,9.995518207282913,0.0749329464556568
28,0,Travel_Rarely,Research & Development,2,3,Life Sciences,3667,Female,2,Healthcare Representative,Married,111590,1.0,12,0,5.0,2,5,0,4,3,3,3.0,1.0,3.0,6.683855703048181,0.30636401451154893,226,9.964233038348084,0.08172121162460397
31,1,Travel_Rarely,Research & Development,15,2,Life Sciences,3668,Male,2,Sales Executive,Married,49600,1.0,15,0,10.0,3,10,6,7,2,3,4.0,3.0,2.0,10.903695116487453,0.294286141294508,248,10.000403225806453,0.06587927894591729
39,0,Travel_Rarely,Research & Development,17,4,Technical Degree,3669,Female,2,Healthcare Representative,Married,104750,3.0,11,1,8.0,3,5,1,4,3,3,1.0,4.0,4.0,10.2876275631855,0.31817826370568647,233,10.001144492131615,0.0850992592044464
51,0,Travel_Frequently,Research & Development,20,3,Medical,3670,Male,2,Sales Executive,Married,148140,2.0,11,1,14.0,2,4,3,2,2,3,2.0,2.0,3.0,7.073883994126284,0.29904866408982256,227,10.009911894273127,0.07574817312732013
41,0,Travel_Frequently,Research & Development,1,3,Life Sciences,3671,Male,4,Sales Executive,Divorced,191410,3.0,12,1,12.0,2,6,3,3,3,3,4.0,4.0,2.0,10.689122983870968,0.30014395405923455,248,9.992137096774192,0.07288776700332296
37,0,Travel_Rarely,Research & Development,2,2,Medical,3672,Female,1,Healthcare Representative,Married,54050,7.0,15,0,8.0,3,6,1,3,4,3,3.0,3.0,3.0,10.399134393729828,0.31851945726886177,241,9.994260027662518,0.07741020247425848
33,0,Travel_Frequently,Research & Development,2,3,Medical,3673,Female,1,Sales Executive,Married,87930,6.0,17,0,8.0,2,5,1,2,3,3,2.0,4.0,4.0,7.783477680737506,0.2984832272749502,229,10.000218340611355,0.07427261293700038
32,0,Travel_Rarely,Research & Development,1,4,Medical,3674,Male,5,Research Director,Married,191890,0.0,12,1,4.0,3,3,1,2,3,3,3.0,2.0,2.0,10.383338956365272,0.2810063708862157,247,10.02051282051282,0.08173876033632126
39,0,Non-Travel,Research & Development,29,2,Life Sciences,3675,Male,2,Sales Executive,Married,38750,3.0,15,0,13.0,3,6,0,5,3,3,3.0,3.0,3.0,6.585826055312955,0.31852660212192446,229,9.966375545851527,0.07947603573465441
25,0,Travel_Rarely,Research & Development,7,4,Life Sciences,3676,Male,1,Sales Executive,Married,22160,2.0,13,3,6.0,2,3,1,2,2,3,1.0,3.0,2.0,7.194062499999999,0.2973145178424482,240,10.025486111111112,0.08893281710057337
52,0,Travel_Frequently,Research & Development,2,1,Life Sciences,3677,Male,2,Sales Executive,Married,117130,2.0,14,0,24.0,2,5,0,2,3,3,4.0,3.0,2.0,9.143808668582375,0.2972669708073445,232,10.009482758620688,0.08294239604584441
43,0,Travel_Rarely,Research & Development,2,2,Medical,3678,Male,1,Laboratory Technician,Single,78610,1.0,14,2,20.0,1,20,1,8,3,3,1.0,3.0,1.0,9.664248501613647,0.28933753784020083,241,9.991839557399723,0.08450720378054408
27,0,Travel_Rarely,Research & Development,2,4,Life Sciences,3679,Male,1,Human Resources,Married,37080,1.0,16,2,6.0,2,6,4,4,3,3,4.0,4.0,3.0,10.299616620752984,0.2717802976548877,242,9.976790633608816,0.07523940365556736
27,1,Travel_Rarely,Research & Development,2,5,Life Sciences,3680,Female,1,Research Scientist,Single,137700,1.0,18,1,8.0,3,8,7,7,4,3,4.0,3.0,3.0,10.01185030218503,0.27719308769847556,239,9.964086471408649,0.057499150287730165
26,0,Travel_Rarely,Research & Development,2,2,Other,3681,Male,3,Laboratory Technician,Single,53040,0.0,20,1,5.0,2,4,1,1,3,4,1.0,4.0,3.0,6.279298611111112,0.30595301579235423,240,10.005763888888888,0.07207612253990384
42,0,Travel_Rarely,Sales,23,3,Marketing,3682,Female,3,Research Scientist,Married,26420,0.0,13,1,21.0,3,20,0,9,3,3,3.0,1.0,3.0,6.14515716374269,0.2964057763784809,228,9.956798245614033,0.07221128951232705
52,0,Travel_Rarely,Research & Development,5,2,Life Sciences,3683,Female,1,Healthcare Representative,Married,27590,9.0,18,1,12.0,6,5,0,4,3,3,3.0,1.0,1.0,6.4800471014492755,0.30274993550289003,230,9.993115942028988,0.06818263084614902
37,0,Travel_Rarely,Research & Development,20,5,Life Sciences,3684,Male,2,Manager,Single,68040,4.0,13,1,8.0,1,3,0,2,3,3,1.0,3.0,3.0,7.524732905982906,0.29740504554957653,234,9.98625356125356,0.08768933743361508
35,0,Travel_Frequently,Research & Development,6,4,Medical,3685,Female,2,Research Director,Single,61420,2.0,15,1,10.0,2,2,2,2,3,3,3.0,4.0,3.0,7.715177304964539,0.31527352634203565,235,9.988936170212764,0.08092882544300985
25,0,Travel_Rarely,Research & Development,1,4,Medical,3686,Male,2,Sales Executive,Married,25000,4.0,14,2,7.0,2,3,0,2,1,3,1.0,4.0,2.0,8.00537623066104,0.3303504989104219,237,9.960267229254569,0.07475995653452208
26,0,Travel_Rarely,Research & Development,29,4,Life Sciences,3687,Male,1,Research Scientist,Single,63890,0.0,22,0,8.0,2,7,0,7,2,4,3.0,1.0,3.0,6.806834733893558,0.29696435553919737,238,9.991036414565826,0.08094603804953762
29,0,Travel_Rarely,Sales,9,3,Life Sciences,3688,Male,1,Laboratory Technician,Single,111030,1.0,12,0,10.0,5,10,0,9,2,3,2.0,1.0,2.0,6.2170480225988705,0.32587820224907704,236,9.99957627118644,0.06517476058821184
49,1,Travel_Frequently,Sales,6,5,Medical,3689,Female,2,Healthcare Representative,Single,23420,3.0,18,0,20.0,2,4,1,3,3,3,1.0,1.0,3.0,7.146965247185513,0.3008212393571009,227,9.998751835535977,0.0746038924191823
29,1,Travel_Frequently,Sales,3,2,Marketing,3690,Female,2,Laboratory Technician,Single,68110,0.0,15,1,9.0,2,8,7,7,3,3,3.0,4.0,3.0,8.60672268907563,0.3026711481204609,238,9.971568627450981,0.07624169217616723
54,0,Travel_Rarely,Sales,1,3,Medical,3691,Female,2,Manager,Single,22970,6.0,18,2,29.0,2,20,12,7,2,3,4.0,4.0,2.0,6.210766806722689,0.277741468178204,238,10.012324929971989,0.07076166050104996
58,0,Travel_Rarely,Sales,22,3,Life Sciences,3692,Female,2,Laboratory Technician,Married,24500,3.0,12,1,32.0,2,9,1,5,3,3,4.0,1.0,3.0,10.5731884057971,0.28475041244056076,230,9.977463768115943,0.07887975971984897
55,0,Travel_Rarely,Research & Development,7,3,Life Sciences,3693,Female,3,Research Scientist,Divorced,50930,2.0,16,1,31.0,3,7,0,0,3,3,2.0,4.0,4.0,7.500814500941621,0.28454750674439083,236,9.963347457627119,0.07208704471691313
36,0,Travel_Rarely,Research & Development,1,3,Medical,3694,Male,2,Sales Executive,Single,53090,3.0,13,0,15.0,5,5,0,1,3,3,1.0,2.0,3.0,9.38468102636535,0.29491965967647193,236,9.97274011299435,0.08210007212405339
31,1,Travel_Frequently,Sales,4,3,Life Sciences,3695,Male,2,Manager,Single,30570,1.0,19,0,1.0,3,1,0,0,3,3,2.0,3.0,3.0,7.268322649572649,0.29977539027999683,234,9.98383190883191,0.07864901120444749
30,0,Travel_Rarely,Sales,3,3,Life Sciences,3696,Male,3,Sales Executive,Divorced,51210,7.0,13,0,8.0,4,3,0,2,3,3,4.0,1.0,3.0,7.474860539551897,0.28657611451465875,243,9.962002743484224,0.07189964553881502
31,0,Travel_Rarely,Research & Development,1,3,Medical,3697,Male,1,Laboratory Technician,Single,168560,3.0,12,1,9.0,3,3,1,0,3,3,1.0,2.0,4.0,7.293228260869566,0.26975148455500036,230,10.001014492753624,0.08979760774634508
34,0,Travel_Frequently,Sales,2,1,Marketing,3698,Female,5,Manager,Divorced,26860,5.0,11,0,10.0,3,4,1,3,4,3,4.0,1.0,3.0,7.606465477823503,0.2898054813725533,243,10.008710562414267,0.08146536445638579
31,1,Travel_Rarely,Sales,20,3,Technical Degree,3699,Male,1,Research Scientist,Single,61800,1.0,14,1,1.0,2,1,0,0,1,3,1.0,2.0,4.0,8.01226122931442,0.27593453874655466,235,10.000780141843972,0.06699012951849834
27,0,Travel_Rarely,Human Resources,11,4,Medical,3700,Male,4,Sales Executive,Married,66320,0.0,16,0,6.0,3,5,1,4,3,3,2.0,1.0,4.0,7.164859963269055,0.3074475585112452,242,9.991391184573004,0.08551686708655763
36,0,Travel_Rarely,Sales,1,3,Marketing,3701,Male,2,Research Scientist,Single,35050,1.0,12,2,10.0,2,10,1,8,2,3,1.0,4.0,2.0,6.290197885939037,0.32148174299427723,226,9.999410029498524,0.07447866273352997
36,0,Travel_Rarely,Research & Development,24,3,Other,3702,Female,3,Research Director,Married,63970,4.0,14,1,11.0,3,3,0,2,3,3,3.0,1.0,2.0,7.269016393442622,0.28730491426803484,244,9.989275956284153,0.07453587049405214
47,0,Travel_Rarely,Research & Development,23,4,Life Sciences,3703,Female,2,Sales Executive,Married,62740,7.0,14,2,17.0,0,6,1,2,3,3,1.0,4.0,2.0,7.817304189435337,0.29284431985622983,244,9.974180327868853,0.0775176152675646
25,1,Travel_Rarely,Sales,16,4,Life Sciences,3704,Male,2,Research Scientist,Married,198590,3.0,19,0,6.0,3,3,2,2,2,3,1.0,1.0,3.0,7.215596926713947,0.29225931613913997,235,9.985602836879433,0.0718276858418703
37,0,Non-Travel,Sales,8,4,Medical,3705,Male,1,Healthcare Representative,Single,75870,0.0,22,1,7.0,5,6,1,3,3,4,3.0,3.0,1.0,7.582773029439696,0.28398835773612047,234,10.001139601139602,0.0767702741808607
56,0,Travel_Rarely,Research & Development,10,4,Other,3706,Male,2,Sales Representative,Married,42580,2.0,16,0,5.0,2,3,1,0,3,3,1.0,1.0,4.0,6.627811158798283,0.29090698287182193,233,9.993776824034336,0.07755569327281994
47,0,Travel_Rarely,Research & Development,3,2,Medical,3707,Male,2,Laboratory Technician,Married,43640,3.0,11,1,26.0,3,20,5,6,3,3,1.0,3.0,4.0,6.33001283846872,0.2993482596107468,238,10.010504201680673,0.0759979631796459
24,0,Travel_Rarely,Research & Development,5,1,Other,3708,Male,1,Manufacturing Director,Married,43350,1.0,15,1,5.0,5,5,0,3,3,3,4.0,3.0,3.0,9.708145048814506,0.30384839934986363,239,9.996373779637377,0.06644104364200352
32,0,Travel_Rarely,Sales,4,3,Marketing,3709,Male,1,Research Scientist,Married,53260,4.0,14,1,7.0,2,4,0,3,3,3,4.0,4.0,2.0,7.5200012236906515,0.31630724429195306,227,9.973421439060205,0.06879635405160725
34,0,Travel_Rarely,Research & Development,9,2,Medical,3710,Male,1,Sales Executive,Married,32800,5.0,13,0,7.0,3,5,0,2,3,3,4.0,2.0,2.0,6.111951690821256,0.2798767879694687,230,9.991304347826087,0.07981488513385233
41,0,Travel_Rarely,Research & Development,26,3,Medical,3711,Female,3,Sales Executive,Married,54850,2.0,17,2,7.0,2,4,0,3,3,3,2.0,3.0,2.0,10.50881560283688,0.28306702638211984,235,9.978936170212764,0.08054800872885981
40,0,Non-Travel,Sales,3,2,Life Sciences,3712,Male,1,Sales Executive,Divorced,43420,3.0,11,1,11.0,6,8,0,7,2,3,3.0,3.0,4.0,6.403198478561549,0.27527092913377826,241,9.987966804979253,0.07480367296757327
31,0,Travel_Rarely,Research & Development,16,3,Medical,3713,Male,2,Human Resources,Divorced,27820,1.0,19,1,13.0,5,13,9,9,3,3,1.0,4.0,3.0,6.688143776824034,0.29226041468179337,233,9.99785407725322,0.07249058589446329
46,1,Travel_Rarely,Research & Development,18,1,Medical,3714,Male,1,Manufacturing Director,Divorced,59800,4.0,11,1,28.0,2,7,4,3,3,3,1.0,4.0,4.0,6.692377450980392,0.298138697648029,238,10.015546218487396,0.07715532626552728
39,1,Non-Travel,Research & Development,2,4,Medical,3715,Male,2,Manufacturing Director,Single,43810,2.0,15,2,11.0,1,1,0,0,2,3,1.0,1.0,4.0,9.369612268518518,0.28005722770352653,240,10.054236111111111,0.07154288218657984
31,1,Travel_Frequently,Sales,2,3,Medical,3716,Male,2,Sales Executive,Single,25720,1.0,13,3,10.0,3,10,4,7,3,3,3.0,2.0,3.0,6.805786026200874,0.30668713269331777,229,9.985007278020378,0.07605103552184687
45,0,Travel_Rarely,Sales,10,2,Marketing,3717,Male,1,Sales Executive,Divorced,38330,2.0,14,0,24.0,1,7,0,7,3,3,2.0,1.0,3.0,10.470683668582375,0.31362384130951604,232,9.985416666666667,0.07593238936988939
31,0,Travel_Rarely,Research & Development,16,4,Life Sciences,3718,Male,3,Human Resources,Single,42440,9.0,13,0,8.0,3,3,0,2,3,3,4.0,2.0,3.0,6.6833535137701805,0.3018203756948849,234,9.981339031339031,0.08892542867507097
31,1,Travel_Frequently,Research & Development,7,4,Life Sciences,3719,Male,1,Laboratory Technician,Married,65000,6.0,23,1,7.0,5,2,2,2,3,4,2.0,4.0,1.0,10.278979963570128,0.2908195876210931,244,9.993715846994533,0.08100287091382016
45,0,Travel_Rarely,Research & Development,1,2,Life Sciences,3720,Female,1,Research Scientist,Married,184300,4.0,12,1,10.0,5,3,1,2,3,3,2.0,4.0,4.0,10.609763770180438,0.2934947410300426,234,9.982905982905983,0.07598694105131869
48,0,Travel_Rarely,Research & Development,24,3,Technical Degree,3721,Male,2,Research Scientist,Divorced,16010,4.0,12,0,15.0,3,2,2,2,3,3,3.0,1.0,3.0,7.076479963570128,0.31285560662750006,244,9.97698087431694,0.08208682359246514
34,1,Travel_Rarely,Research & Development,7,4,Medical,3722,Male,2,Research Scientist,Married,26940,1.0,16,1,2.0,3,2,2,2,3,3,1.0,3.0,3.0,7.413740892531876,0.32040998130525716,244,10.001502732240436,0.07072018334869991
40,0,Non-Travel,Research & Development,25,4,Other,3723,Female,1,Sales Executive,Divorced,31490,2.0,15,1,16.0,1,9,4,8,2,3,4.0,2.0,3.0,8.012629009762902,0.29725190598896734,239,9.963528591352858,0.08786709523418841
28,0,Travel_Rarely,Research & Development,1,2,Technical Degree,3724,Female,1,Research Scientist,Single,176390,0.0,13,1,6.0,0,5,1,3,3,3,4.0,1.0,3.0,6.501115963124696,0.32260406536529657,229,10.016084425036391,0.08437587783140532
44,0,Non-Travel,Research & Development,5,3,Life Sciences,3725,Male,1,Laboratory Technician,Single,23190,3.0,18,0,7.0,4,5,0,3,2,3,3.0,3.0,3.0,6.599003195673549,0.3068798098140348,226,9.993436578171092,0.060338211515350064
53,0,Travel_Rarely,Research & Development,2,4,Technical Degree,3726,Male,2,Manager,Single,116910,4.0,20,0,35.0,2,9,8,8,3,4,4.0,2.0,2.0,6.87007215007215,0.3045208063545294,231,9.971067821067821,0.06658561808561818
49,0,Travel_Rarely,Research & Development,7,3,Life Sciences,3727,Male,3,Laboratory Technician,Married,53240,2.0,19,0,20.0,2,3,1,2,1,3,1.0,3.0,2.0,6.816737329434698,0.3057265125173698,228,9.972587719298245,0.08254310289306228
40,0,Travel_Rarely,Research & Development,2,4,Life Sciences,3728,Male,3,Laboratory Technician,Divorced,167520,2.0,18,1,8.0,3,3,1,2,3,3,3.0,3.0,4.0,6.47205227379278,0.29922184636902593,237,10.007524613220816,0.07895561674096313
44,0,Travel_Rarely,Research & Development,5,1,Other,3729,Male,3,Research Scientist,Single,52280,1.0,13,0,6.0,2,5,1,3,4,3,4.0,2.0,2.0,6.888664990421455,0.28968578706832404,232,9.998275862068965,0.08528080476356338
33,0,Travel_Frequently,Human Resources,10,3,Medical,3730,Female,2,Sales Executive,Married,27000,0.0,14,3,5.0,2,4,0,3,3,3,4.0,1.0,3.0,7.328463693957115,0.3023009976052688,228,9.957309941520467,0.0728391340563842
34,0,Travel_Rarely,Research & Development,10,4,Life Sciences,3731,Female,1,Sales Representative,Single,192460,3.0,15,1,15.0,5,13,3,12,3,3,4.0,1.0,3.0,6.87866402116402,0.27739645421975057,231,9.991919191919191,0.06910591421460983
30,0,Travel_Rarely,Sales,1,2,Technical Degree,3732,Male,1,Laboratory Technician,Married,25060,8.0,22,0,4.0,3,2,2,2,3,4,4.0,3.0,2.0,6.120525097465888,0.3013208864563726,228,9.996418128654971,0.0769609266987833
42,0,Travel_Frequently,Research & Development,8,4,Medical,3733,Female,1,Sales Executive,Single,60620,1.0,22,2,12.0,2,12,5,8,3,4,1.0,4.0,3.0,7.2821141329614125,0.3125027382449363,239,9.997280334728034,0.07361418765553644
44,0,Travel_Frequently,Research & Development,5,3,Life Sciences,3734,Female,5,Manufacturing Director,Married,43820,7.0,16,2,11.0,2,1,0,0,3,3,1.0,3.0,2.0,7.5813290229885055,0.26960715275444247,232,9.988936781609194,0.07215220762634555
30,0,Non-Travel,Research & Development,8,3,Life Sciences,3735,Male,1,Manufacturing Director,Divorced,21430,1.0,17,1,1.0,2,1,0,0,3,3,3.0,3.0,2.0,6.110862068965518,0.30262342637429235,232,10.00639367816092,0.07657149802623933
57,0,Travel_Rarely,Sales,2,1,Life Sciences,3736,Male,3,Research Scientist,Married,61620,0.0,14,0,13.0,5,12,2,8,2,3,2.0,3.0,2.0,7.554500000000002,0.29621834818968495,240,9.994027777777777,0.07672383000154964
49,0,Travel_Rarely,Research & Development,7,3,Technical Degree,3737,Female,2,Sales Executive,Divorced,50940,3.0,15,0,29.0,5,8,0,7,3,3,3.0,2.0,3.0,6.8960463747645955,0.31763341511997134,236,10.004802259887006,0.07966241936130138
34,0,Travel_Frequently,Research & Development,2,4,Medical,3738,Female,2,Sales Representative,Divorced,68770,7.0,20,0,16.0,3,14,6,9,3,4,2.0,1.0,2.0,6.355290068829891,0.2953926390987394,226,9.963126843657818,0.07711333988856113
28,1,Travel_Frequently,Research & Development,2,3,Medical,3739,Male,1,Research Scientist,Married,22740,3.0,20,1,5.0,5,3,1,2,3,4,1.0,3.0,4.0,6.476399618502623,0.2733976917305945,233,10.002503576537912,0.08072526639040999
29,1,Travel_Frequently,Research & Development,28,3,Medical,3740,Female,5,Research Scientist,Single,44340,5.0,17,3,7.0,1,5,0,0,3,3,1.0,2.0,1.0,7.797684042066759,0.286008966321557,243,9.97352537722908,0.07271217600622763
34,1,Travel_Rarely,Research & Development,7,1,Medical,3741,Male,1,Research Scientist,Single,62880,0.0,15,1,16.0,2,15,10,10,3,3,1.0,2.0,4.0,8.51721415398801,0.2940709703381833,241,10.00159059474412,0.0714152835408022
35,0,Travel_Rarely,Sales,7,4,Other,3742,Female,4,Healthcare Representative,Married,25530,1.0,14,1,1.0,4,1,0,0,2,3,4.0,3.0,3.0,6.57575642791552,0.315559323034403,242,9.966873278236916,0.06880009544711549
24,1,Travel_Frequently,Sales,3,3,Life Sciences,3743,Male,2,Research Scientist,Single,76540,2.0,17,1,4.0,3,0,0,0,2,3,2.0,1.0,2.0,8.48602859135286,0.32451913534415405,239,9.99881450488145,0.07874625442924726
24,0,Non-Travel,Research & Development,10,3,Life Sciences,3744,Female,2,Manager,Married,51600,1.0,17,1,1.0,3,1,0,0,1,3,4.0,2.0,3.0,7.415129706152434,0.3012341001083478,242,9.985881542699723,0.07974797484463642
44,0,Travel_Frequently,Research & Development,5,2,Medical,3745,Female,2,Research Scientist,Single,171590,5.0,22,1,16.0,1,2,2,2,2,4,2.0,3.0,2.0,10.306210488505748,0.2944223444257543,232,9.984913793103448,0.08373967507588188
29,0,Travel_Rarely,Sales,10,2,Life Sciences,3746,Female,1,Sales Executive,Divorced,128080,1.0,13,0,10.0,6,10,0,4,3,3,3.0,3.0,3.0,6.997050094966762,0.31818551931404954,234,9.99131054131054,0.065544102482586
30,0,Travel_Rarely,Research & Development,1,2,Life Sciences,3747,Male,3,Sales Executive,Divorced,102210,0.0,19,1,6.0,2,5,1,3,3,3,3.0,3.0,4.0,6.1372968673519335,0.31232595208231634,227,10.014904552129224,0.07084250559865557
55,0,Travel_Rarely,Sales,20,3,Marketing,3748,Male,2,Research Scientist,Married,47790,0.0,14,1,4.0,6,3,1,2,3,3,4.0,3.0,3.0,10.667377589453862,0.3119913460388227,236,9.983474576271187,0.0960519894218055
33,0,Travel_Rarely,Research & Development,7,2,Life Sciences,3749,Male,2,Research Scientist,Married,37370,8.0,22,2,8.0,2,5,0,2,3,4,1.0,2.0,3.0,7.871218407248451,0.2947006534790683,233,9.984978540772532,0.07408851725782312
47,0,Travel_Rarely,Research & Development,8,4,Medical,3750,Female,2,Sales Representative,Married,23660,3.0,17,0,11.0,5,5,1,2,2,3,3.0,3.0,2.0,10.865613668061366,0.2851504167512867,239,9.967294281729428,0.08598349800171112
28,1,Travel_Frequently,Sales,1,3,Marketing,3751,Male,2,Laboratory Technician,Single,17060,7.0,12,0,8.0,3,0,0,0,3,3,3.0,1.0,2.0,7.60069262493935,0.29758598531626834,229,10.008806404657932,0.0596260544617245
28,0,Travel_Rarely,Sales,8,4,Marketing,3752,Male,1,Laboratory Technician,Divorced,163070,1.0,16,0,1.0,3,1,0,0,2,3,1.0,3.0,1.0,6.122678311499272,0.2842087490905254,229,9.99876273653566,0.09575260476518815
28,0,Travel_Frequently,Research & Development,9,3,Life Sciences,3753,Female,2,Sales Executive,Single,59330,0.0,11,0,5.0,3,4,1,3,3,3,3.0,1.0,3.0,7.012275948788294,0.2964414923446788,243,10.022976680384089,0.08589436263117517
49,0,Travel_Rarely,Research & Development,5,4,Life Sciences,3754,Female,1,Research Scientist,Married,34240,4.0,11,0,10.0,3,3,1,2,3,3,3.0,1.0,3.0,6.390999755261869,0.29675665190073514,227,9.984581497797357,0.07845836636215175
29,0,Travel_Frequently,Research & Development,8,1,Medical,3755,Male,1,Research Scientist,Married,40370,0.0,14,0,4.0,2,3,0,2,1,3,4.0,2.0,3.0,7.127618534482758,0.30394757207128936,232,9.961494252873562,0.06535552570035322
28,0,Travel_Rarely,Research & Development,5,1,Technical Degree,3756,Male,2,Laboratory Technician,Married,25590,1.0,11,0,8.0,3,8,1,7,2,3,3.0,2.0,2.0,5.9807241630276575,0.317670401595293,229,10.000509461426493,0.06427240012938706
33,0,Travel_Rarely,Research & Development,15,4,Life Sciences,3757,Female,1,Sales Executive,Single,62010,2.0,15,3,14.0,2,0,0,0,2,3,4.0,3.0,3.0,8.461341236634123,0.30443757040114133,239,9.999093444909342,0.07426971625470265
32,0,Travel_Rarely,Research & Development,7,3,Life Sciences,3758,Female,3,Laboratory Technician,Single,44030,2.0,20,0,10.0,3,5,0,0,2,4,3.0,4.0,4.0,7.386145374449339,0.2993276296116135,227,9.998017621145376,0.07754890430955684
54,0,Travel_Frequently,Sales,10,3,Life Sciences,3759,Female,4,Research Scientist,Divorced,37610,3.0,12,0,26.0,3,14,1,12,2,3,2.0,4.0,3.0,6.993237311385459,0.31393017139308654,243,9.989163237311386,0.07727647783483915
29,1,Travel_Rarely,Research & Development,5,3,Life Sciences,3760,Female,2,Research Scientist,Single,109340,6.0,17,2,11.0,2,9,0,7,3,3,1.0,1.0,1.0,6.5352021276595735,0.29002969524675415,235,9.991347517730498,0.07742006627467618
44,0,Travel_Rarely,Sales,26,1,Marketing,3761,Male,1,Sales Representative,Married,107610,3.0,11,1,24.0,5,20,14,17,2,3,4.0,1.0,4.0,7.908601851851852,0.2953465954841714,240,9.97590277777778,0.06853009743530146
39,0,Travel_Rarely,Sales,6,1,Technical Degree,3762,Female,2,Laboratory Technician,Single,51750,4.0,17,1,9.0,2,2,2,2,4,3,2.0,2.0,3.0,7.073531571218796,0.32282696488726836,227,9.970484581497798,0.06819086542001829
46,0,Travel_Rarely,Research & Development,4,2,Life Sciences,3763,Male,3,Manufacturing Director,Married,138260,8.0,11,0,23.0,1,13,5,1,2,3,3.0,2.0,4.0,7.023066331417624,0.3054867268290275,232,10.014295977011495,0.0723596753661409
35,0,Travel_Rarely,Research & Development,23,4,Life Sciences,3764,Male,2,Research Scientist,Single,63340,1.0,14,0,11.0,2,11,3,3,4,3,4.0,2.0,1.0,6.167354609929078,0.3003267839091546,235,9.979290780141843,0.07496103331918937
23,0,Travel_Rarely,Research & Development,2,4,Medical,3765,Female,2,Manager,Single,49360,0.0,19,1,5.0,2,4,1,2,2,3,1.0,3.0,3.0,7.6981632403328435,0.2860601690464386,227,9.982966226138032,0.074888016061752
40,1,Travel_Rarely,Research & Development,2,3,Medical,3766,Male,2,Research Director,Single,47750,3.0,15,1,15.0,3,5,1,0,4,3,4.0,1.0,1.0,7.602527071563089,0.29565529874037094,236,9.973305084745762,0.0805278478983853
34,0,Travel_Rarely,Human Resources,2,3,Human Resources,3767,Male,2,Manufacturing Director,Married,28180,1.0,13,1,10.0,2,10,8,6,3,3,4.0,3.0,3.0,10.299240063233965,0.28744863038897567,246,9.970528455284553,0.07484103478789891
31,1,Travel_Frequently,Research & Development,29,3,Life Sciences,3768,Female,2,Healthcare Representative,Single,25150,1.0,14,0,7.0,3,7,7,7,2,3,4.0,3.0,1.0,6.394126984126983,0.3066744596622611,238,10.004271708683472,0.07947651845548347
50,0,Travel_Frequently,Research & Development,6,3,Medical,3769,Male,1,Manager,Single,23420,1.0,12,1,32.0,2,32,13,9,2,3,3.0,4.0,3.0,9.987019489247311,0.3061965227958961,248,9.960013440860216,0.07566518200484679
34,0,Travel_Rarely,Sales,25,5,Marketing,3770,Female,1,Research Scientist,Married,41940,0.0,17,2,12.0,3,11,5,7,3,3,2.0,3.0,3.0,10.5082358276644,0.30094570706493917,245,9.98299319727891,0.07054747035426191
42,0,Travel_Rarely,Research & Development,1,3,Life Sciences,3771,Female,1,Manufacturing Director,Married,106850,4.0,11,3,4.0,2,1,0,0,3,3,3.0,2.0,3.0,6.594873213462425,0.3131831893110536,241,9.99225449515906,0.07322447940679268
37,0,Travel_Rarely,Research & Development,2,2,Medical,3772,Male,1,Research Scientist,Married,20220,1.0,12,0,10.0,1,10,3,7,3,3,1.0,4.0,3.0,7.99000586029067,0.2975464360332396,237,10.002601969057665,0.07090304099422318
29,0,Travel_Rarely,Research & Development,1,3,Medical,3773,Female,1,Manager,Married,23140,3.0,13,0,9.0,5,7,0,7,4,3,3.0,1.0,3.0,6.185179172679172,0.29706254734587395,231,9.995815295815298,0.08374569713700149
33,0,Travel_Rarely,Research & Development,1,1,Life Sciences,3774,Male,1,Research Scientist,Single,42560,1.0,13,3,5.0,1,5,0,2,3,3,4.0,2.0,3.0,7.201067821067821,0.28728201285139254,231,9.971139971139971,0.08679149674801852
45,0,Travel_Rarely,Sales,3,3,Life Sciences,3775,Male,3,Laboratory Technician,Married,35800,4.0,20,1,8.0,1,5,0,3,2,4,4.0,4.0,3.0,6.0268918609968,0.28857916491639013,243,9.986282578875171,0.07064438813877644
42,0,Travel_Frequently,Human Resources,1,4,Technical Degree,3776,Male,2,Manufacturing Director,Married,31620,2.0,17,2,24.0,1,20,13,9,3,3,4.0,4.0,1.0,8.09764403292181,0.30989606001330094,243,10.01639231824417,0.07310139365975497
40,0,Travel_Rarely,Sales,10,1,Life Sciences,3777,Female,1,Manufacturing Director,Married,65240,0.0,13,1,9.0,2,8,7,1,4,3,1.0,1.0,4.0,6.277050905531081,0.2987354407519467,227,10.001615271659325,0.08454261042454489
33,0,Travel_Rarely,Research & Development,9,3,Medical,3778,Female,2,Manufacturing Director,Married,28990,1.0,17,0,15.0,3,15,5,7,2,3,2.0,3.0,3.0,10.619531321444903,0.3041021784822894,243,10.009053497942386,0.06759905451824634
40,0,Travel_Rarely,Sales,5,5,Life Sciences,3779,Male,1,Manufacturing Director,Single,52310,1.0,12,2,21.0,4,21,7,7,3,3,3.0,3.0,3.0,8.402318738229754,0.3000884760898026,236,9.954378531073447,0.07603512040710024
24,0,Travel_Rarely,Sales,10,2,Marketing,3780,Male,1,Manufacturing Director,Divorced,23560,0.0,13,0,2.0,5,1,0,0,3,3,3.0,1.0,3.0,6.094551371455137,0.2992220048016884,239,10.016178521617853,0.06312884568053169
40,0,Non-Travel,Research & Development,7,3,Medical,3781,Male,1,Research Scientist,Divorced,28000,3.0,12,2,8.0,0,2,2,2,2,3,4.0,4.0,3.0,8.410671296296297,0.3041426749113718,228,9.990423976608186,0.07804421494877678
45,0,Travel_Rarely,Research & Development,4,3,Medical,3782,Female,3,Laboratory Technician,Divorced,118360,1.0,22,0,10.0,2,10,7,7,4,4,1.0,2.0,3.0,6.609450354609929,0.3128665502958622,235,9.987872340425533,0.08083401022408114
35,0,Travel_Rarely,Research & Development,10,1,Life Sciences,3783,Male,1,Healthcare Representative,Married,109030,0.0,11,0,6.0,3,5,4,2,4,3,2.0,3.0,3.0,7.809914707238359,0.2718834764524653,241,10.004287690179806,0.08114589096357769
32,0,Travel_Rarely,Research & Development,22,4,Medical,3784,Male,1,Sales Executive,Married,29730,3.0,22,0,12.0,0,7,2,5,4,4,4.0,2.0,3.0,7.300513085399449,0.2877040657872221,242,9.967561983471075,0.06832446018083518
36,0,Travel_Rarely,Sales,9,3,Marketing,3785,Female,4,Research Scientist,Single,142750,3.0,18,1,7.0,5,3,1,2,2,3,3.0,4.0,2.0,9.103744354110209,0.2678172829827075,246,9.99119241192412,0.0750695020555648
48,0,Travel_Rarely,Research & Development,12,4,Medical,3786,Male,1,Laboratory Technician,Divorced,55620,8.0,13,1,18.0,2,8,7,7,3,3,3.0,3.0,3.0,7.913028233151183,0.27999708528195866,244,9.942554644808743,0.08052389960796667
29,0,Travel_Rarely,Research & Development,23,4,Life Sciences,3787,Female,2,Healthcare Representative,Married,45370,6.0,18,1,5.0,5,1,0,0,4,3,3.0,3.0,2.0,7.811518759018758,0.3238489637738409,231,10.003318903318902,0.07907589351067618
33,0,Travel_Rarely,Research & Development,9,1,Medical,3788,Male,1,Healthcare Representative,Married,76420,2.0,20,1,8.0,2,2,2,2,2,4,1.0,1.0,1.0,7.1189434740417274,0.2711289410882033,229,10.025109170305678,0.07431681307830468
30,1,Travel_Rarely,Research & Development,1,3,Other,3789,Male,3,Sales Executive,Married,179240,1.0,13,2,10.0,2,10,6,7,3,3,2.0,1.0,3.0,7.41584186159844,0.29915452710522517,228,10.012719298245614,0.07141117293969135
38,0,Travel_Frequently,Sales,9,3,Marketing,3790,Male,1,Manufacturing Director,Married,52040,3.0,13,1,10.0,2,6,1,2,3,3,3.0,3.0,3.0,6.910209219858156,0.29567074818677774,235,10.011063829787236,0.07620660322078765
35,0,Travel_Rarely,Sales,7,2,Life Sciences,3791,Male,1,Sales Executive,Single,22770,1.0,12,1,3.0,2,3,1,2,3,3,4.0,1.0,3.0,6.799035947712418,0.3080146810387252,238,9.96463585434174,0.0722004997498296
30,0,Travel_Rarely,Research & Development,14,3,Technical Degree,3792,Male,5,Research Director,Married,27950,3.0,13,0,9.0,4,4,1,3,3,3,3.0,2.0,3.0,6.506272638277044,0.2946515067344183,227,9.977973568281937,0.09218722250377935
35,1,Travel_Rarely,Research & Development,2,3,Medical,3793,Female,1,Research Scientist,Divorced,25320,1.0,13,0,1.0,2,1,0,0,1,3,1.0,1.0,3.0,9.706298185941042,0.32071740402576526,245,9.998435374149661,0.07514439983643728
53,1,Travel_Rarely,Research & Development,19,3,Life Sciences,3794,Male,2,Manager,Married,25590,0.0,25,0,34.0,2,33,1,9,3,4,3.0,4.0,3.0,6.484923928077456,0.2936317947559924,241,9.974550484094053,0.07351397533425554
38,1,Travel_Rarely,Research & Development,2,3,Medical,3795,Female,3,Sales Executive,Married,49080,4.0,19,1,7.0,3,5,1,4,2,3,3.0,2.0,3.0,7.579077868852459,0.3103483330469463,244,9.997745901639343,0.07392150992826466
32,0,Non-Travel,Research & Development,10,4,Life Sciences,3796,Female,5,Research Scientist,Married,23800,4.0,13,0,9.0,5,6,1,2,3,3,4.0,1.0,2.0,7.384378809188935,0.29717681133107493,237,10.011462728551338,0.07568372706540477
48,0,Travel_Rarely,Research & Development,2,5,Life Sciences,3797,Male,1,Sales Executive,Married,47650,8.0,12,1,10.0,4,8,7,6,3,3,3.0,1.0,2.0,7.085148851383028,0.3094775657389547,237,9.979043600562587,0.07962723584988124
34,0,Travel_Rarely,Research & Development,3,3,Life Sciences,3798,Male,2,Sales Executive,Single,20440,1.0,11,0,1.0,2,1,0,0,3,3,1.0,4.0,1.0,7.385408212560386,0.30437442378794655,230,9.989420289855072,0.08226021559816893
55,0,Travel_Rarely,Research & Development,11,1,Medical,3799,Female,1,Laboratory Technician,Married,26930,1.0,18,0,36.0,6,36,2,13,2,3,3.0,4.0,3.0,6.403510516689529,0.2962345333967849,243,9.994307270233195,0.07937402457043312
34,0,Travel_Rarely,Research & Development,2,2,Life Sciences,3800,Male,2,Research Scientist,Married,65860,9.0,18,1,9.0,3,2,2,1,3,3,2.0,4.0,2.0,6.1076279391424615,0.2889452946822849,241,10.016044260027662,0.07499382395881347
26,0,Travel_Rarely,Research & Development,4,3,Life Sciences,3801,Male,1,Research Director,Married,32940,1.0,11,0,1.0,6,1,0,0,3,3,1.0,4.0,3.0,7.2837241887905595,0.3019776144220423,226,10.001548672566368,0.08208030700316837
38,0,Travel_Rarely,Sales,14,2,Marketing,3802,Female,1,Sales Executive,Married,41710,0.0,23,0,10.0,4,9,7,7,4,4,3.0,2.0,3.0,7.048311614083219,0.3139532597285872,243,10.006310013717421,0.07969601552373708
38,0,Travel_Rarely,Research & Development,2,3,Life Sciences,3803,Female,1,Manufacturing Director,Single,27780,2.0,13,0,8.0,5,3,1,2,2,3,2.0,2.0,4.0,7.214350321395775,0.3140574524926345,242,9.98595041322314,0.08100049914459573
36,0,Travel_Rarely,Human Resources,1,3,Human Resources,3804,Male,1,Research Scientist,Single,23770,6.0,13,2,15.0,3,1,0,0,3,3,2.0,3.0,3.0,7.401679505135387,0.27453960932195753,238,9.99481792717087,0.08379863056333643
29,0,Travel_Rarely,Research & Development,10,3,Life Sciences,3805,Male,1,Sales Representative,Single,24040,1.0,17,0,10.0,3,10,1,5,2,3,2.0,1.0,3.0,8.098837719298245,0.3207119240965669,228,10.009868421052632,0.07334932181776031
35,0,Travel_Rarely,Sales,12,2,Life Sciences,3806,Female,2,Sales Executive,Single,23180,3.0,19,0,10.0,4,5,0,4,4,3,1.0,3.0,3.0,9.314351449275362,0.31683112808725966,230,9.978333333333333,0.09101928675400286
39,0,Travel_Rarely,Sales,2,2,Medical,3807,Female,1,Sales Executive,Married,20080,2.0,12,0,11.0,3,7,7,6,3,3,4.0,3.0,3.0,7.808459699453552,0.30526166214109673,244,9.95389344262295,0.07557348471219642
29,0,Travel_Frequently,Research & Development,5,1,Medical,3808,Female,1,Research Scientist,Divorced,62440,1.0,22,0,6.0,3,6,1,3,3,4,1.0,4.0,4.0,6.787518912529551,0.30628922371935985,235,9.982695035460994,0.07099792891636857
50,0,Travel_Rarely,Research & Development,4,2,Medical,3809,Female,1,Laboratory Technician,Married,27990,4.0,12,1,27.0,0,1,0,0,1,3,3.0,3.0,3.0,9.415903642231445,0.30281801654558244,241,9.976970954356846,0.08172555517135396
23,0,Travel_Rarely,Research & Development,7,2,Life Sciences,3810,Female,3,Manager,Married,105520,2.0,11,0,4.0,2,2,2,2,3,3,4.0,3.0,3.0,6.687368541380887,0.2943736143822092,243,10.026817558299038,0.07901269522762218
36,0,Travel_Frequently,Sales,21,3,Life Sciences,3811,Male,2,Human Resources,Married,23290,3.0,15,0,9.0,2,3,0,2,3,3,1.0,1.0,3.0,9.190074696545286,0.3088532417140501,238,9.995588235294118,0.0926398541132346
42,0,Travel_Rarely,Research & Development,8,2,Life Sciences,3812,Female,5,Manager,Single,40140,8.0,13,1,24.0,3,1,0,1,3,3,4.0,4.0,3.0,6.0065455212922165,0.2690029390124752,227,9.97459618208517,0.08651501565890864
35,0,Travel_Rarely,Sales,4,3,Medical,3813,Female,2,Laboratory Technician,Married,74030,1.0,12,1,10.0,4,10,6,8,3,3,2.0,3.0,2.0,6.404425120772947,0.29063574702556216,230,10.003913043478263,0.07579248148851335
34,0,Travel_Frequently,Research & Development,25,1,Life Sciences,3814,Female,1,Manager,Married,22590,1.0,14,0,8.0,2,8,7,7,3,3,4.0,3.0,2.0,5.998565386374029,0.30177768220999984,243,9.998491083676269,0.08652434369886662
40,0,Travel_Rarely,Research & Development,1,4,Life Sciences,3815,Male,2,Laboratory Technician,Married,69320,1.0,13,0,5.0,5,5,1,2,3,3,4.0,1.0,3.0,6.462534425451092,0.3049751844003999,234,10.033618233618235,0.07204569816873106
43,0,Travel_Rarely,Research & Development,1,1,Other,3816,Male,1,Manager,Divorced,46780,5.0,25,1,8.0,0,6,0,2,4,4,4.0,2.0,3.0,7.004932071809802,0.3202764095677103,229,10.01128093158661,0.08482710445448899
35,0,Travel_Rarely,Sales,6,3,Marketing,3817,Female,3,Sales Representative,Married,135820,1.0,17,1,1.0,3,1,0,1,2,3,3.0,4.0,2.0,7.27691190144119,0.3022720555301293,239,9.988842398884241,0.07565696431989809
46,0,Travel_Rarely,Research & Development,12,4,Technical Degree,3818,Male,1,Laboratory Technician,Single,23320,1.0,11,0,27.0,2,26,0,12,3,3,4.0,1.0,1.0,6.595099290780142,0.30194068002769775,235,9.977943262411348,0.07265363399405957
22,0,Non-Travel,Sales,17,2,Marketing,3820,Male,3,Sales Executive,Married,97050,1.0,18,2,4.0,3,4,1,3,2,3,2.0,3.0,2.0,8.86907327586207,0.3012319214823836,232,9.987499999999999,0.08289983164983171
50,0,Travel_Frequently,Research & Development,3,3,Other,3821,Male,2,Research Scientist,Married,42940,2.0,20,0,32.0,2,30,12,13,2,4,2.0,3.0,3.0,9.398416099773245,0.3049188635071825,245,9.994625850340137,0.078380608527564
32,0,Travel_Rarely,Research & Development,3,2,Life Sciences,3822,Male,3,Research Scientist,Married,47210,3.0,14,1,6.0,3,3,0,2,3,3,2.0,4.0,3.0,6.317826725403818,0.33026443150928897,227,9.972173274596182,0.07307795017738093
44,0,Travel_Rarely,Research & Development,10,3,Technical Degree,3823,Male,3,Manager,Divorced,25190,0.0,21,2,23.0,2,22,1,10,3,4,2.0,4.0,2.0,8.81188775510204,0.3055012587313586,245,9.990272108843538,0.08632005315787512
30,0,Travel_Rarely,Research & Development,4,3,Medical,3824,Female,1,Research Director,Married,21210,1.0,13,1,6.0,2,6,1,1,3,3,2.0,2.0,2.0,6.624580327080327,0.29969609748276366,231,9.988239538239538,0.07914973754104188
45,0,Travel_Rarely,Sales,29,2,Technical Degree,3825,Female,2,Research Scientist,Single,29730,1.0,12,0,10.0,2,10,1,4,3,3,3.0,1.0,3.0,8.913924619640389,0.3149905788345367,241,9.968603042876902,0.08326243852773932
45,0,Non-Travel,Sales,2,4,Life Sciences,3826,Male,2,Manufacturing Director,Married,58550,1.0,14,1,10.0,3,10,4,5,2,3,1.0,1.0,3.0,7.914459000485201,0.291041834761656,229,10.015502183406115,0.08554688364530931
31,0,Travel_Frequently,Research & Development,7,3,Medical,3827,Male,2,Research Scientist,Single,36170,7.0,21,1,10.0,5,5,0,3,3,4,4.0,1.0,3.0,7.231297498797498,0.302524716407985,231,9.96847041847042,0.07636750528054886
36,0,Travel_Rarely,Research & Development,18,1,Medical,3828,Male,2,Manufacturing Director,Married,67250,9.0,17,1,7.0,3,3,1,1,3,3,3.0,3.0,3.0,10.939724596391262,0.31229599709231215,234,9.98219373219373,0.08291715067108488
34,0,Travel_Frequently,Sales,28,4,Marketing,3829,Male,5,Manufacturing Director,Divorced,103250,1.0,11,1,9.0,3,9,7,2,2,3,3.0,4.0,3.0,6.109448051948051,0.32923413613814534,231,9.98102453102453,0.08374102306711007
49,0,Travel_Rarely,Research & Development,1,4,Life Sciences,3830,Male,3,Healthcare Representative,Married,69490,1.0,14,1,10.0,2,9,1,4,3,3,3.0,1.0,2.0,7.313988095238096,0.29941063259574624,238,9.994467787114846,0.07842800903765162
39,0,Travel_Rarely,Research & Development,6,2,Life Sciences,3831,Male,3,Research Scientist,Married,106090,2.0,17,1,10.0,2,7,7,7,3,3,2.0,1.0,3.0,6.585563936781609,0.29395093321385557,232,9.946192528735631,0.07911603203629067
27,0,Travel_Rarely,Research & Development,2,1,Life Sciences,3832,Male,4,Research Scientist,Divorced,44470,1.0,13,0,7.0,4,7,0,7,3,3,4.0,1.0,3.0,6.093734827264239,0.2772572142814762,238,9.969887955182072,0.07703130478633084
35,0,Travel_Rarely,Research & Development,2,3,Medical,3833,Female,2,Sales Executive,Married,21570,1.0,25,0,16.0,1,16,1,10,2,4,2.0,1.0,3.0,7.6038559322033885,0.2982092780832355,236,10.016525423728812,0.07945388067476053
28,0,Travel_Rarely,Research & Development,23,3,Life Sciences,3834,Male,3,Manufacturing Director,Divorced,46010,0.0,15,2,6.0,2,5,0,0,3,3,2.0,1.0,2.0,7.414982419127989,0.3074360959492425,237,9.99676511954993,0.08188920872170173
21,0,Travel_Rarely,Research & Development,3,1,Life Sciences,3835,Female,1,Laboratory Technician,Single,170990,1.0,14,1,3.0,2,2,2,2,3,3,3.0,4.0,3.0,7.8922585034013615,0.30794472560248365,245,9.987619047619047,0.07167213114754095
18,1,Travel_Frequently,Research & Development,3,5,Medical,3836,Male,1,Research Director,Single,24790,1.0,12,1,0.0,2,0,0,0,2,3,2.0,4.0,4.0,8.430085106382979,0.30999545263538886,235,10.009645390070922,0.06955994019114585
47,0,Travel_Rarely,Research & Development,25,4,Medical,3837,Male,2,Research Scientist,Married,148520,3.0,19,3,27.0,3,5,1,0,2,3,4.0,3.0,3.0,6.021607487922705,0.3044798555327126,230,9.98717391304348,0.07348227432862903
39,0,Travel_Rarely,Sales,2,4,Life Sciences,3838,Male,1,Laboratory Technician,Divorced,72640,0.0,17,0,11.0,5,10,0,7,3,3,3.0,3.0,3.0,6.903323917137477,0.3111955019622866,236,9.985381355932205,0.06851942841687707
40,0,Travel_Rarely,Research & Development,22,1,Life Sciences,3839,Male,1,Laboratory Technician,Married,56660,1.0,14,1,18.0,2,18,14,12,3,3,1.0,3.0,3.0,7.58592123769339,0.3247220849190266,237,10.012306610407876,0.08530341406628683
35,0,Non-Travel,Research & Development,29,3,Medical,3840,Female,2,Sales Executive,Married,78230,1.0,13,1,15.0,3,14,2,9,3,3,3.0,3.0,3.0,6.240396995708154,0.28216994613059543,233,9.968025751072963,0.07570575987042233
37,0,Travel_Rarely,Research & Development,29,4,Technical Degree,3841,Male,1,Laboratory Technician,Married,78800,3.0,12,1,9.0,2,4,0,2,4,3,3.0,3.0,2.0,8.004658469945356,0.3109803328952683,244,10.010314207650271,0.07994233342328379
39,0,Travel_Frequently,Research & Development,2,3,Technical Degree,3842,Female,2,Manager,Single,131940,0.0,11,0,10.0,2,9,3,8,3,3,1.0,3.0,1.0,6.680691609977325,0.29087663148077747,245,10.002721088435376,0.06568473290955734
45,0,Travel_Rarely,Research & Development,28,3,Life Sciences,3843,Female,2,Laboratory Technician,Divorced,50670,1.0,11,2,10.0,3,10,3,9,2,3,4.0,4.0,3.0,7.283664990421456,0.29150943119221684,232,10.01264367816092,0.07101789653513789
38,0,Travel_Rarely,Research & Development,2,4,Life Sciences,3844,Female,3,Sales Executive,Married,50790,3.0,11,0,10.0,3,5,0,2,3,3,4.0,3.0,4.0,9.603570089076419,0.3049285296413259,237,9.968354430379748,0.0793309435266633
35,1,Travel_Rarely,Research & Development,2,3,Life Sciences,3845,Male,3,Healthcare Representative,Married,23210,9.0,12,1,15.0,0,13,6,0,3,3,4.0,1.0,3.0,5.993160310734463,0.32003271839710645,236,10.002612994350283,0.07609361601955364
37,0,Travel_Rarely,Research & Development,22,3,Life Sciences,3846,Female,2,Healthcare Representative,Married,174440,1.0,14,0,8.0,4,8,7,7,3,3,2.0,2.0,1.0,8.02535265700483,0.27000584736616096,230,10.013478260869567,0.09078794591059637
40,0,Travel_Rarely,Research & Development,8,3,Technical Degree,3847,Female,2,Healthcare Representative,Single,24040,6.0,17,0,18.0,2,4,3,3,2,3,3.0,4.0,2.0,9.252811016144348,0.2920268926173645,234,9.989031339031337,0.07205132280954883
44,0,Travel_Frequently,Sales,2,2,Marketing,3848,Male,1,Laboratory Technician,Married,34520,4.0,11,1,14.0,2,10,0,2,2,3,1.0,4.0,3.0,8.622644534778681,0.31225323812341926,246,9.981233062330622,0.07481076360083334
48,0,Travel_Frequently,Sales,10,4,Marketing,3849,Female,3,Manager,Married,22700,2.0,14,3,23.0,2,2,2,2,3,3,3.0,4.0,3.0,7.09489406779661,0.3010032867223659,236,10.009675141242939,0.0729402722683014
35,1,Travel_Rarely,Research & Development,9,3,Life Sciences,3850,Male,2,Manager,Divorced,173990,6.0,12,0,7.0,3,2,2,2,1,3,1.0,4.0,2.0,10.698062471184878,0.31021419045423504,241,10.022683264177038,0.07248795527893025
24,0,Travel_Frequently,Research & Development,15,3,Life Sciences,3851,Male,2,Research Scientist,Single,54880,1.0,22,1,6.0,6,6,1,3,3,4,1.0,4.0,3.0,8.678833105646628,0.31630486814271386,244,9.988592896174863,0.07575754551860092
27,0,Travel_Rarely,Sales,10,4,Life Sciences,3852,Male,3,Sales Executive,Married,194190,7.0,14,1,5.0,2,3,0,2,1,3,2.0,3.0,3.0,7.206112263715998,0.3074803438316046,241,9.982434301521439,0.08095173467035499
27,0,Travel_Frequently,Research & Development,7,3,Life Sciences,3853,Male,1,Research Scientist,Single,28110,2.0,20,0,6.0,3,4,1,2,3,4,4.0,4.0,2.0,6.407136015325671,0.30076606716440796,232,9.999281609195402,0.08494176162279607
40,1,Travel_Rarely,Sales,16,4,Marketing,3854,Male,1,Research Director,Single,36330,3.0,16,2,10.0,0,4,0,3,3,3,1.0,1.0,1.0,10.539048786181139,0.29691396999342545,238,10.027100840336134,0.08264852143389004
29,0,Travel_Rarely,Research & Development,20,1,Medical,3855,Female,2,Manager,Single,41630,9.0,15,1,8.0,4,5,1,4,2,3,3.0,3.0,3.0,7.289530567685589,0.29413015782775426,229,9.993522561863172,0.09080703031231649
36,0,Travel_Rarely,Research & Development,23,3,Life Sciences,3856,Female,3,Sales Executive,Married,21320,4.0,20,0,9.0,1,3,0,2,2,4,2.0,1.0,3.0,7.887590605627087,0.32337176516837185,233,9.994349070100144,0.07265590827619098
25,0,Travel_Frequently,Sales,5,1,Marketing,3857,Male,4,Manufacturing Director,Divorced,139730,1.0,14,0,7.0,3,7,0,7,2,3,4.0,3.0,3.0,6.0651466380543635,0.31186089290666386,233,9.978540772532188,0.07321328293292553
39,0,Travel_Rarely,Sales,10,3,Marketing,3858,Female,2,Research Director,Married,26840,4.0,12,0,7.0,2,5,1,0,3,3,4.0,2.0,3.0,6.776572855750487,0.32387341239831624,228,9.993713450292397,0.08066759838902199
49,0,Travel_Rarely,Sales,4,2,Life Sciences,3859,Male,2,Research Director,Married,108450,3.0,24,0,27.0,4,4,1,2,2,4,1.0,2.0,3.0,7.813417257683215,0.3117105992130397,235,9.985815602836881,0.0839242488533268
50,0,Travel_Rarely,Research & Development,2,2,Medical,3860,Male,3,Sales Executive,Divorced,43770,5.0,12,1,19.0,2,14,1,11,2,3,4.0,1.0,3.0,7.7877777777777775,0.2863686631108443,246,9.981639566395664,0.07644269767527594
20,0,Travel_Rarely,Research & Development,18,4,Medical,3861,Female,2,Sales Executive,Single,37430,1.0,13,1,2.0,2,2,2,2,3,3,3.0,3.0,3.0,6.615295508274231,0.2882897887700183,235,9.9722695035461,0.06941647976399759
34,0,Travel_Rarely,Research & Development,10,3,Medical,3862,Male,3,Laboratory Technician,Divorced,41480,1.0,11,0,11.0,3,11,7,9,3,3,4.0,2.0,3.0,7.691735253772291,0.31581918093393474,243,9.94835390946502,0.08529342243988715
36,0,Travel_Rarely,Research & Development,1,3,Life Sciences,3863,Female,2,Healthcare Representative,Single,10510,2.0,14,0,15.0,2,4,1,3,3,3,1.0,2.0,3.0,6.0031409331409336,0.2844228148723844,231,10.01046176046176,0.08189852981157326
49,0,Travel_Rarely,Human Resources,6,2,Life Sciences,3864,Female,2,Research Scientist,Married,107390,2.0,11,3,30.0,3,15,2,12,3,3,3.0,3.0,3.0,8.480666666666666,0.3073107750585909,245,10.004965986394557,0.07659522880190321
36,0,Non-Travel,Research & Development,8,4,Life Sciences,3865,Male,4,Laboratory Technician,Married,103880,0.0,14,0,4.0,2,3,1,2,3,3,4.0,3.0,3.0,8.009613266283525,0.3078391292358418,232,10.003304597701149,0.07688417425486396
36,0,Travel_Rarely,Research & Development,2,2,Medical,3866,Female,2,Healthcare Representative,Divorced,114160,6.0,16,0,13.0,2,5,0,4,3,3,4.0,1.0,3.0,6.313820037986704,0.30557685776956695,234,9.980982905982907,0.08879631158064631
54,0,Travel_Rarely,Sales,24,3,Marketing,3867,Male,1,Laboratory Technician,Married,26000,3.0,14,0,36.0,5,10,4,7,3,3,2.0,3.0,3.0,7.590807217473884,0.2779131393674012,234,9.967165242165242,0.0860643664738801
43,0,Travel_Rarely,Research & Development,2,4,Life Sciences,3868,Female,1,Research Scientist,Married,24220,1.0,11,1,14.0,2,14,6,11,3,3,3.0,3.0,3.0,7.6026572543618,0.28987344388238756,242,9.992906336088154,0.0816034591482535
35,1,Travel_Frequently,Research & Development,17,4,Medical,3869,Male,1,Research Director,Single,54720,3.0,11,1,13.0,3,11,6,7,2,3,4.0,4.0,4.0,8.362878787878788,0.29381376932249387,242,9.99745179063361,0.07344783653204989
38,0,Travel_Frequently,Research & Development,19,2,Life Sciences,3870,Male,2,Research Scientist,Married,24510,7.0,12,1,19.0,3,13,2,9,3,3,4.0,4.0,4.0,7.185211805555555,0.30558996122094695,240,9.996805555555556,0.07276288160545474
29,0,Travel_Rarely,Research & Development,1,2,Medical,3871,Male,2,Sales Representative,Divorced,42400,1.0,14,0,10.0,2,10,0,9,2,3,1.0,2.0,2.0,10.688967391304349,0.27334719785117334,230,10.000217391304346,0.08595701221441679
33,0,Travel_Rarely,Research & Development,7,3,Medical,3872,Male,5,Sales Executive,Divorced,109990,1.0,18,3,6.0,3,6,0,4,2,3,4.0,4.0,3.0,6.380850480109739,0.310244878116725,243,10.011522633744857,0.08697870965547731
32,0,Travel_Rarely,Research & Development,5,4,Technical Degree,3873,Male,5,Research Scientist,Divorced,50030,0.0,13,0,10.0,5,9,1,6,3,3,4.0,2.0,2.0,6.61519212962963,0.3076342154185628,240,10.00638888888889,0.07580512939717958
31,0,Travel_Rarely,Research & Development,28,4,Technical Degree,3874,Female,2,Sales Executive,Married,127420,1.0,11,0,10.0,4,10,0,2,2,3,1.0,4.0,3.0,7.40136158594492,0.28564519889991397,234,10.002849002849004,0.0720757777696261
49,0,Travel_Rarely,Research & Development,2,4,Medical,3875,Male,1,Laboratory Technician,Divorced,42270,4.0,18,0,17.0,3,2,2,2,2,3,4.0,1.0,2.0,9.711996151996152,0.29312904898202974,231,9.982323232323234,0.07498448250622172
38,0,Travel_Frequently,Sales,29,2,Medical,3876,Female,1,Sales Executive,Single,39170,1.0,15,3,4.0,2,4,3,3,3,3,4.0,2.0,3.0,7.781927966101695,0.2691479682843441,236,9.999505649717513,0.07485672857314578
47,0,Travel_Rarely,Research & Development,1,4,Medical,3877,Male,3,Laboratory Technician,Divorced,183030,6.0,22,1,29.0,2,3,1,2,2,4,2.0,2.0,3.0,6.705334255417243,0.29621999544044064,241,9.973236514522823,0.07398327762409704
49,0,Travel_Rarely,Research & Development,21,3,Medical,3878,Male,2,Manufacturing Director,Single,23800,4.0,13,0,23.0,3,8,0,0,1,3,3.0,3.0,3.0,6.390048879351455,0.31116918512084996,233,9.984978540772532,0.07639934101261243
41,0,Travel_Rarely,Research & Development,24,4,Life Sciences,3879,Female,4,Manager,Single,137260,3.0,12,0,21.0,6,2,0,2,4,3,4.0,3.0,3.0,10.995572424651371,0.28697461043244854,247,10.0112685560054,0.07015366877690375
20,0,Travel_Rarely,Research & Development,1,3,Life Sciences,3880,Male,1,Sales Representative,Single,47770,1.0,18,1,2.0,3,2,0,2,3,3,4.0,1.0,3.0,7.722351532567049,0.3249261815399856,232,9.99655172413793,0.07534399827503281
33,0,Non-Travel,Research & Development,18,2,Medical,3881,Female,2,Healthcare Representative,Divorced,63850,1.0,13,0,7.0,6,6,1,2,2,3,3.0,4.0,3.0,9.514089068825912,0.31699929821328965,247,9.989338731443995,0.07616862147029031
36,0,Travel_Rarely,Research & Development,2,2,Technical Degree,3882,Male,3,Sales Executive,Married,199730,6.0,12,0,10.0,2,3,0,2,3,3,1.0,3.0,2.0,6.011818287037037,0.30566199674711697,240,9.997291666666667,0.07573763656438853
44,0,Travel_Rarely,Research & Development,9,3,Technical Degree,3883,Female,3,Healthcare Representative,Divorced,68610,4.0,12,0,8.0,2,2,2,2,2,3,3.0,4.0,3.0,8.514237588652483,0.3163655719183859,235,9.981205673758867,0.07972717261724346
23,1,Travel_Rarely,Human Resources,6,3,Life Sciences,3884,Female,3,Laboratory Technician,Single,49690,1.0,12,0,5.0,3,5,1,2,3,3,4.0,3.0,3.0,8.11039419087137,0.312946594810948,241,9.96694329183956,0.07971288612263713
38,0,Travel_Rarely,Research & Development,11,2,Life Sciences,3885,Male,1,Sales Executive,Married,198450,7.0,11,1,7.0,3,0,0,0,3,3,4.0,3.0,2.0,7.406556283357593,0.29136281561993926,229,9.987845705967977,0.08433871098172423
53,0,Travel_Rarely,Research & Development,24,3,Life Sciences,3886,Male,4,Research Director,Married,133200,3.0,11,0,11.0,2,4,1,2,3,3,2.0,4.0,3.0,8.02555795019157,0.291830769922104,232,9.99073275862069,0.07282981187076012
48,1,Travel_Frequently,Sales,10,2,Marketing,3887,Male,1,Healthcare Representative,Married,63470,2.0,12,1,19.0,3,9,7,7,1,3,4.0,3.0,3.0,9.921207929921621,0.27218060830951013,241,9.987344398340248,0.06876625172890745
32,1,Travel_Rarely,Sales,1,3,Life Sciences,3888,Male,2,Research Scientist,Single,27430,1.0,19,1,1.0,2,1,0,0,3,3,4.0,2.0,3.0,7.502065118397086,0.30009172438080384,244,10.00129781420765,0.0726492003792905
26,0,Non-Travel,Research & Development,18,2,Medical,3889,Male,1,Human Resources,Single,108800,1.0,23,1,7.0,5,7,5,7,3,4,4.0,4.0,3.0,7.179538958045182,0.2971345849617151,241,10.001936376210237,0.07407493852773936
55,0,Travel_Rarely,Research & Development,23,1,Life Sciences,3890,Male,5,Laboratory Technician,Divorced,23420,5.0,11,2,8.0,2,4,1,2,3,3,1.0,2.0,3.0,7.683146551724137,0.30899263104846164,232,10.007543103448276,0.06905661189066362
34,0,Travel_Rarely,Sales,28,3,Life Sciences,3891,Female,2,Research Scientist,Married,176500,1.0,19,1,15.0,6,15,4,13,1,3,2.0,4.0,4.0,7.9710895691609975,0.3003235967715808,245,10.01843537414966,0.07072317943570869
60,0,Travel_Rarely,Sales,17,4,Medical,3892,Male,1,Manager,Divorced,40250,3.0,13,1,19.0,5,1,0,0,2,3,3.0,4.0,4.0,6.223042824074074,0.3062025885145737,240,9.963472222222224,0.09496418332558502
33,0,Travel_Rarely,Sales,3,3,Life Sciences,3893,Male,3,Manager,Married,97250,1.0,11,0,14.0,0,14,2,13,3,3,2.0,2.0,3.0,7.823783846872082,0.27313275201533055,238,9.958963585434175,0.08483258282215843
37,0,Travel_Frequently,Research & Development,13,3,Life Sciences,3894,Male,1,Laboratory Technician,Divorced,119040,1.0,12,1,6.0,4,6,1,3,3,3,3.0,4.0,2.0,6.504990503323836,0.3074965746066589,234,9.991239316239316,0.09186259674993574
34,0,Travel_Rarely,Research & Development,7,2,Life Sciences,3895,Male,1,Healthcare Representative,Married,21770,1.0,13,0,10.0,5,10,8,7,3,3,2.0,4.0,3.0,7.099637377963737,0.28323224537226926,239,9.962064156206416,0.07513745805156091
23,1,Travel_Rarely,Research & Development,12,2,Medical,3896,Male,2,Research Scientist,Divorced,75250,1.0,14,2,3.0,2,3,0,2,3,3,3.0,4.0,3.0,9.224344070961717,0.3106859866878154,238,10.010994397759104,0.07697073695863722
44,0,Travel_Rarely,Human Resources,1,3,Life Sciences,3897,Male,1,Research Scientist,Married,48340,1.0,14,0,9.0,1,8,6,7,4,3,3.0,4.0,3.0,8.53535123966942,0.3017626217221026,242,9.982988980716254,0.06535603583934399
35,0,Travel_Frequently,Research & Development,13,3,Life Sciences,3898,Male,3,Sales Executive,Single,20420,0.0,16,0,6.0,2,5,1,4,3,3,1.0,4.0,4.0,8.188280313508528,0.2876095901905429,241,10.012863070539419,0.0796046853388659
43,0,Travel_Rarely,Research & Development,25,4,Life Sciences,3899,Male,2,Sales Executive,Married,22200,1.0,11,0,10.0,2,10,8,8,1,3,4.0,4.0,3.0,8.078224586288416,0.29260647212686075,235,9.976028368794326,0.08160001818512456
24,0,Travel_Rarely,Research & Development,6,3,Life Sciences,3900,Male,3,Sales Executive,Married,10520,1.0,13,0,5.0,3,5,0,4,3,3,3.0,3.0,3.0,6.705840136054422,0.3094046058292608,245,10.0156462585034,0.0757560127876288
41,0,Travel_Rarely,Sales,6,4,Marketing,3901,Male,1,Research Scientist,Single,28210,1.0,17,0,10.0,3,10,8,7,3,3,4.0,3.0,3.0,6.995156175488793,0.2972862032259464,233,9.991559370529327,0.0684629314455791
29,0,Travel_Rarely,Research & Development,2,2,Life Sciences,3902,Male,2,Research Scientist,Married,192370,9.0,11,1,9.0,2,5,1,2,3,3,4.0,3.0,3.0,7.864863526570049,0.2893143709409661,230,9.986014492753624,0.09553014049743683
36,0,Travel_Rarely,Human Resources,1,4,Life Sciences,3903,Female,3,Research Scientist,Single,41070,3.0,11,1,17.0,2,13,6,7,1,3,3.0,4.0,2.0,6.27741927825261,0.286090151275242,234,10.017022792022791,0.10050893319312484
45,0,Non-Travel,Sales,2,3,Life Sciences,3904,Female,2,Manufacturing Director,Married,83960,3.0,15,2,25.0,3,23,14,4,2,3,3.0,3.0,2.0,6.309411404796868,0.2735606668460066,227,10.006754772393538,0.07696990370745796
24,1,Travel_Rarely,Sales,6,2,Medical,3905,Female,2,Manager,Married,20070,1.0,12,0,1.0,2,1,0,0,2,3,4.0,3.0,3.0,6.410934557438795,0.27157364761685576,236,9.969491525423729,0.08243170252834874
47,1,Travel_Frequently,Research & Development,1,3,Medical,3906,Female,2,Sales Executive,Married,196270,7.0,11,2,25.0,1,23,14,10,3,3,3.0,3.0,1.0,6.805530092592592,0.29712528126180543,240,10.002777777777776,0.07086393925306066
26,0,Travel_Rarely,Research & Development,9,1,Medical,3907,Male,1,Sales Executive,Married,106860,1.0,14,1,3.0,2,3,0,2,3,3,4.0,3.0,4.0,7.701706183170618,0.31247433817406345,239,9.999093444909342,0.08097139692697172
45,0,Travel_Rarely,Research & Development,1,4,Life Sciences,3908,Male,1,Research Director,Single,29420,1.0,22,1,21.0,4,21,8,6,3,4,4.0,2.0,3.0,6.575021186440678,0.32276668998826885,236,9.97944915254237,0.07535482529951518
32,0,Travel_Frequently,Sales,1,1,Marketing,3909,Male,2,Laboratory Technician,Married,88580,6.0,16,1,10.0,2,5,1,3,3,3,1.0,3.0,2.0,6.894498171010516,0.3162078579339054,243,10.009739368998629,0.06489097862274075
31,0,Travel_Rarely,Research & Development,14,2,Life Sciences,3910,Male,1,Sales Executive,Married,167560,1.0,11,2,6.0,5,5,0,3,3,3,2.0,3.0,4.0,7.224268115942028,0.32003545275744893,230,9.986521739130433,0.08423772756998511
40,0,Travel_Rarely,Research & Development,22,2,Technical Degree,3912,Male,1,Healthcare Representative,Married,23230,2.0,16,1,18.0,2,1,0,0,3,3,2.0,1.0,3.0,9.816450488145051,0.3142976334644162,239,9.981938633193863,0.07669739304368886
24,0,Travel_Rarely,Research & Development,3,3,Life Sciences,3913,Female,1,Research Scientist,Divorced,14160,1.0,15,1,6.0,3,6,1,2,2,3,2.0,1.0,4.0,5.979858229598894,0.31581983821623155,241,10.004840940525588,0.08784220839096357
46,0,Travel_Rarely,Research & Development,6,3,Medical,3914,Male,4,Sales Executive,Single,46150,6.0,12,0,19.0,3,10,0,9,2,3,3.0,2.0,3.0,7.615646551724137,0.29909950781227046,232,9.983620689655174,0.07989409696306253
35,0,Travel_Rarely,Sales,8,4,Life Sciences,3915,Male,1,Laboratory Technician,Married,24610,2.0,20,1,17.0,4,7,0,7,3,4,4.0,3.0,3.0,7.4058831018518525,0.3011841703050218,240,9.994583333333335,0.06712534867503495
30,0,Travel_Rarely,Sales,9,4,Marketing,3916,Male,1,Laboratory Technician,Married,87220,1.0,17,1,10.0,3,10,0,8,3,3,2.0,4.0,2.0,7.315814009661835,0.30241891722523895,230,10.007101449275362,0.07427006729531888
47,0,Non-Travel,Research & Development,3,2,Life Sciences,3917,Female,2,Sales Executive,Married,39550,7.0,12,1,4.0,5,1,0,0,3,3,3.0,2.0,1.0,7.717876647834275,0.296529910053564,236,9.97888418079096,0.0790025794366309
46,0,Travel_Rarely,Research & Development,1,4,Technical Degree,3918,Female,3,Sales Executive,Divorced,99570,4.0,20,0,13.0,1,10,0,3,3,4,3.0,4.0,2.0,9.827860750360752,0.30454282896132934,231,10.001154401154402,0.06646726059769546
36,1,Travel_Rarely,Research & Development,1,3,Medical,3919,Male,2,Manufacturing Director,Divorced,33760,5.0,20,0,16.0,3,2,2,2,3,4,2.0,1.0,3.0,10.412180611785875,0.30119419186457347,247,9.99284750337382,0.08358007014618055
32,1,Travel_Rarely,Research & Development,26,3,Medical,3920,Female,2,Research Director,Single,88230,6.0,13,2,10.0,3,0,0,0,3,3,1.0,2.0,3.0,6.987964580300824,0.30264424825566083,229,10.001018922852985,0.07801552644347402
23,0,Travel_Rarely,Sales,6,4,Life Sciences,3921,Male,3,Manufacturing Director,Single,103220,1.0,14,2,3.0,2,3,1,2,3,3,3.0,2.0,1.0,6.006363636363636,0.3164831165065821,231,9.990404040404039,0.08112611623481195
31,0,Travel_Frequently,Sales,3,3,Marketing,3922,Male,2,Sales Executive,Single,46210,2.0,18,1,9.0,3,5,1,4,3,3,4.0,4.0,2.0,6.496436988936988,0.298681730259607,231,9.979437229437229,0.06944369157412625
39,0,Non-Travel,Research & Development,3,3,Life Sciences,3923,Female,2,Manufacturing Director,Married,109760,1.0,11,0,9.0,3,9,5,8,2,3,4.0,4.0,3.0,10.193314814814814,0.3064446243726216,240,9.986319444444444,0.07784669436696105
32,0,Travel_Rarely,Research & Development,6,3,Technical Degree,3924,Male,1,Research Scientist,Married,36600,3.0,11,2,10.0,0,4,0,2,2,3,4.0,3.0,1.0,7.59164048269581,0.2906774233780598,244,9.995901639344263,0.09480252160681223
40,0,Travel_Rarely,Sales,6,3,Life Sciences,3925,Male,3,Manufacturing Director,Single,104820,1.0,11,1,21.0,6,21,12,8,2,3,2.0,2.0,2.0,7.906473799126638,0.2897958254339453,229,9.991848617176128,0.08432410173906382
45,0,Travel_Rarely,Research & Development,19,4,Medical,3926,Male,1,Sales Representative,Married,71190,4.0,15,0,9.0,2,5,0,3,3,3,3.0,3.0,4.0,7.790443469785575,0.3250388194647684,228,10.008625730994154,0.08508679616319306
30,0,Travel_Frequently,Sales,9,3,Life Sciences,3927,Male,1,Research Director,Single,95820,0.0,12,1,10.0,2,9,0,7,3,3,4.0,1.0,3.0,6.214679580896686,0.29490765775767863,228,9.960160818713451,0.061735509999914104
24,0,Travel_Frequently,Sales,3,4,Marketing,3928,Male,1,Sales Executive,Married,45080,0.0,11,1,3.0,5,2,2,1,3,3,1.0,4.0,3.0,5.98645112955279,0.3140947937302301,241,10.007261410788383,0.06382089480559391
30,1,Travel_Frequently,Research & Development,10,3,Life Sciences,3929,Female,1,Human Resources,Divorced,22070,6.0,14,0,6.0,4,4,1,2,3,3,3.0,4.0,2.0,6.707549951267056,0.2980826036093584,228,9.987061403508772,0.06842338730453154
31,0,Travel_Rarely,Research & Development,3,2,Life Sciences,3930,Male,3,Laboratory Technician,Married,77560,1.0,15,2,6.0,3,5,0,2,4,3,1.0,3.0,3.0,7.6065907029478455,0.29706052316647047,245,10.002448979591836,0.07382822199918211
27,0,Travel_Rarely,Sales,3,3,Life Sciences,3931,Male,1,Manager,Single,66940,1.0,13,1,6.0,2,6,1,4,2,3,3.0,4.0,2.0,6.325555555555556,0.27882773909214187,228,9.974122807017544,0.07368865445552206
29,1,Travel_Rarely,Sales,4,3,Marketing,3932,Male,5,Research Scientist,Single,36910,1.0,13,0,2.0,3,2,2,2,3,3,2.0,2.0,3.0,6.8049793388429745,0.2859163400061597,242,9.992975206611568,0.08667704963631025
29,0,Travel_Frequently,Research & Development,8,4,Life Sciences,3933,Female,1,Sales Executive,Single,23770,8.0,21,1,10.0,2,3,0,2,3,4,4.0,3.0,4.0,8.795385735080059,0.29066775384756216,229,9.996069868995633,0.0819581705355091
30,0,Travel_Rarely,Sales,7,3,Life Sciences,3934,Male,3,Sales Executive,Divorced,23130,2.0,11,0,12.0,5,7,1,7,3,3,3.0,1.0,3.0,8.002729885057471,0.2982235580884391,232,10.000646551724138,0.0792600419216799
34,0,Travel_Rarely,Research & Development,1,2,Medical,3935,Female,2,Healthcare Representative,Married,176650,0.0,11,0,6.0,5,5,1,2,2,3,4.0,4.0,3.0,9.915464480874318,0.290134124317111,244,10.001502732240438,0.07926842294632228
33,0,Non-Travel,Research & Development,2,4,Medical,3936,Male,1,Sales Representative,Single,25960,8.0,14,1,13.0,4,11,1,7,3,3,4.0,2.0,2.0,7.424654811715481,0.30797247682117584,239,10.008647140864714,0.07825824611574049
49,0,Travel_Rarely,Sales,3,4,Marketing,3937,Male,1,Sales Executive,Single,47280,3.0,11,1,8.0,4,5,0,4,3,3,4.0,4.0,4.0,7.713776150627615,0.3021954936997337,239,10.016666666666667,0.0759873949579832
33,1,Travel_Rarely,Research & Development,10,3,Life Sciences,3938,Male,1,Sales Executive,Single,43020,2.0,13,0,11.0,3,0,0,0,1,3,1.0,1.0,2.0,8.306316526610644,0.31397245061883566,238,10.003991596638656,0.06965230747714002
38,0,Travel_Frequently,Research & Development,28,3,Medical,3939,Male,1,Healthcare Representative,Married,29790,4.0,12,1,9.0,3,6,0,5,3,3,3.0,2.0,2.0,7.9122873082287315,0.31091101825358675,239,10.015062761506277,0.0824402271368798
31,1,Travel_Rarely,Human Resources,9,4,Human Resources,3940,Male,2,Laboratory Technician,Married,168850,2.0,14,2,10.0,2,1,0,0,3,3,1.0,3.0,3.0,6.221997354497355,0.3099042832785093,231,10.004473304473304,0.08894367066106194
29,0,Travel_Rarely,Research & Development,3,4,Other,3941,Female,2,Sales Representative,Divorced,55930,1.0,13,1,1.0,3,1,0,0,3,3,4.0,1.0,3.0,6.287173611111111,0.2792701453697933,240,9.989583333333334,0.07205282426778242
30,0,Travel_Rarely,Research & Development,2,1,Medical,3942,Male,1,Sales Representative,Married,104450,3.0,18,1,10.0,3,7,1,7,3,3,3.0,3.0,3.0,6.788280367231639,0.30679836570790475,236,9.978036723163841,0.057592393917538086
32,0,Non-Travel,Research & Development,10,4,Life Sciences,3943,Female,1,Laboratory Technician,Single,87400,2.0,11,1,12.0,2,7,0,7,3,3,2.0,2.0,3.0,5.982664742664744,0.2854990285439802,231,9.995887445887446,0.07613881046489741
38,0,Travel_Rarely,Research & Development,8,2,Technical Degree,3944,Female,1,Manufacturing Director,Married,25140,3.0,11,0,15.0,2,1,1,0,2,3,2.0,4.0,3.0,9.036384335154827,0.31824283353579846,244,10.013251366120217,0.07876286476721617
43,1,Travel_Frequently,Research & Development,1,4,Other,3945,Male,3,Sales Executive,Married,76550,9.0,12,1,6.0,3,1,0,0,3,3,3.0,3.0,3.0,8.40061391223156,0.27151192140408525,238,9.993347338935575,0.07179217045467977
42,0,Travel_Rarely,Human Resources,1,3,Other,3946,Female,1,Healthcare Representative,Divorced,174650,8.0,13,1,7.0,3,5,0,4,3,3,2.0,2.0,2.0,6.699085309158532,0.2996285629701948,239,9.998535564853555,0.07544019002301067
55,0,Travel_Rarely,Research & Development,3,2,Life Sciences,3947,Female,1,Sales Executive,Married,73510,8.0,20,1,34.0,3,1,0,0,3,4,3.0,1.0,3.0,7.598850241545893,0.30396021905880954,230,9.991884057971014,0.07896586713921061
33,0,Non-Travel,Research & Development,14,3,Other,3948,Male,1,Research Scientist,Divorced,108200,5.0,12,0,11.0,2,9,1,7,3,3,4.0,2.0,2.0,6.731928506375228,0.286595230141966,244,9.944467213114754,0.07447657825301514
41,0,Travel_Rarely,Research & Development,5,3,Medical,3949,Male,1,Sales Representative,Divorced,121690,1.0,19,0,5.0,2,5,0,4,3,3,3.0,1.0,3.0,6.291201790633608,0.2878956504379077,242,9.991735537190083,0.08343072368345845
34,0,Non-Travel,Research & Development,7,4,Medical,3950,Female,1,Research Scientist,Divorced,196260,1.0,21,0,15.0,5,15,0,7,2,4,4.0,3.0,3.0,8.186905255878285,0.30418670406017617,241,9.979529737206086,0.0811764445981252
53,0,Non-Travel,Research & Development,10,4,Medical,3951,Male,2,Healthcare Representative,Married,20700,4.0,13,2,27.0,2,3,0,2,4,3,1.0,3.0,2.0,8.123122448979592,0.31877712371939326,245,9.993061224489797,0.07909327720159112
43,0,Travel_Rarely,Sales,16,2,Marketing,3952,Female,1,Laboratory Technician,Single,67820,0.0,16,1,10.0,2,9,1,8,3,3,2.0,4.0,3.0,6.0869706284153,0.287908999499981,244,9.988387978142075,0.09119290966740874
34,0,Travel_Rarely,Sales,10,2,Life Sciences,3953,Female,5,Sales Executive,Single,77790,5.0,12,1,6.0,2,2,2,2,3,3,4.0,4.0,3.0,7.696015046296297,0.26532397246504974,240,9.983402777777778,0.08552649445994119
21,1,Travel_Rarely,Sales,1,2,Marketing,3954,Male,5,Healthcare Representative,Single,27910,1.0,14,0,1.0,3,1,1,0,4,3,2.0,2.0,3.0,7.522102657004831,0.2547543835569433,230,9.990362318840578,0.0765721631542307
38,0,Travel_Rarely,Research & Development,8,2,Life Sciences,3955,Female,2,Sales Executive,Married,32010,1.0,11,1,5.0,3,5,0,4,2,3,4.0,3.0,3.0,6.394260431317393,0.2791036360362435,237,9.996413502109704,0.07509654580562111
22,1,Travel_Rarely,Research & Development,1,3,Other,3956,Male,4,Research Scientist,Married,49680,1.0,14,0,1.0,3,1,0,0,3,3,3.0,1.0,3.0,8.907727272727273,0.2985051507672491,242,9.983195592286501,0.07710233226264913
31,0,Travel_Rarely,Research & Development,8,5,Life Sciences,3957,Male,5,Sales Executive,Married,131200,1.0,12,2,13.0,6,12,5,7,2,3,1.0,4.0,3.0,7.295628072763028,0.2981014660931426,226,10.016519174041298,0.06700244728504319
51,0,Travel_Rarely,Research & Development,1,4,Life Sciences,3958,Female,1,Manager,Married,40330,2.0,14,0,15.0,2,2,2,2,3,3,1.0,3.0,3.0,6.686816148775894,0.276230667173272,236,10.003389830508475,0.08352510317746531
37,0,Travel_Rarely,Research & Development,24,1,Life Sciences,3959,Male,2,Sales Executive,Married,32910,1.0,16,3,5.0,2,5,0,3,2,3,2.0,2.0,3.0,7.993744064577397,0.2995224271430135,234,9.974501424501424,0.08567273557259256
46,0,Travel_Rarely,Sales,3,4,Marketing,3960,Female,1,Sales Representative,Divorced,42720,7.0,13,0,24.0,3,2,2,2,4,3,3.0,4.0,3.0,9.988379028379027,0.30713503588818086,231,9.97886002886003,0.0779992262166175
36,0,Travel_Rarely,Research & Development,27,3,Technical Degree,3961,Female,4,Research Scientist,Married,50560,7.0,12,0,15.0,2,12,5,7,2,3,4.0,1.0,3.0,9.481728650137741,0.28282331669484284,242,9.992217630853995,0.08318146096955985
44,1,Travel_Frequently,Sales,10,4,Life Sciences,3962,Male,1,Research Scientist,Divorced,28440,1.0,12,0,6.0,2,5,2,3,4,3,3.0,2.0,2.0,9.291028806584363,0.2848774995222345,243,9.993004115226338,0.06542376628235222
37,0,Travel_Rarely,Research & Development,19,2,Technical Degree,3963,Male,2,Sales Executive,Divorced,27030,2.0,14,0,19.0,2,10,4,7,3,3,3.0,2.0,2.0,6.068434119960669,0.2795335095086076,226,10.031047197640119,0.075400923194581
35,1,Travel_Rarely,Research & Development,15,4,Life Sciences,3964,Male,2,Research Scientist,Single,19040,1.0,22,1,10.0,4,10,7,7,3,4,3.0,4.0,3.0,8.594216643421666,0.29944727416881256,239,9.981589958158995,0.06430950622926995
33,0,Travel_Rarely,Research & Development,8,5,Medical,3965,Male,2,Laboratory Technician,Married,82240,6.0,19,0,14.0,3,10,7,6,3,3,4.0,1.0,3.0,8.043768861454046,0.31596012758496456,243,9.990672153635117,0.07925147471724361
28,0,Travel_Rarely,Sales,9,3,Medical,3966,Female,2,Sales Executive,Married,47660,1.0,12,0,5.0,3,5,0,3,3,3,3.0,4.0,4.0,7.366939890710382,0.3056113896769683,244,9.990163934426231,0.08237656194952293
39,0,Travel_Rarely,Sales,3,4,Marketing,3967,Female,2,Laboratory Technician,Single,26100,7.0,12,0,9.0,2,4,2,2,2,3,3.0,3.0,3.0,6.890665708812261,0.31686672895002943,232,9.985991379310345,0.0817954535088156
46,0,Non-Travel,Research & Development,9,2,Life Sciences,3968,Male,2,Manufacturing Director,Single,57310,8.0,17,0,6.0,2,2,2,2,3,3,2.0,2.0,3.0,6.7014278959810865,0.3028581699547286,235,9.952340425531915,0.07564620840152757
40,0,Travel_Rarely,Research & Development,2,2,Medical,3969,Male,1,Research Director,Married,25390,4.0,12,1,7.0,3,4,0,2,3,3,3.0,1.0,2.0,6.609389619883041,0.3103631368740588,228,10.001169590643274,0.07606323689792277
42,0,Travel_Rarely,Research & Development,7,4,Other,3970,Female,2,Laboratory Technician,Married,57140,5.0,11,0,10.0,2,0,0,0,3,3,2.0,1.0,2.0,6.610516366989396,0.2987418873858251,241,9.995020746887965,0.06598436299369917
35,0,Non-Travel,Sales,10,1,Life Sciences,3971,Female,2,Research Director,Divorced,43230,2.0,18,3,15.0,3,7,1,7,3,3,2.0,4.0,3.0,6.684642531876139,0.30567844928444454,244,9.97964480874317,0.08043215498437106
38,0,Non-Travel,Sales,6,4,Marketing,3972,Male,3,Sales Executive,Divorced,73360,5.0,11,0,13.0,3,11,3,8,3,3,1.0,2.0,3.0,7.839338235294118,0.31389164591321755,238,9.993207282913167,0.06905703983421775
34,1,Travel_Frequently,Research & Development,2,1,Life Sciences,3973,Male,1,Manufacturing Director,Married,134990,4.0,23,2,11.0,2,7,0,7,4,4,4.0,1.0,2.0,7.895517952450266,0.29146988906660887,229,9.962227074235807,0.07797118797722102
37,1,Travel_Rarely,Research & Development,24,3,Life Sciences,3974,Male,1,Laboratory Technician,Single,137580,1.0,11,1,10.0,5,10,0,8,3,3,4.0,1.0,1.0,6.195063185503099,0.30220703799095205,233,9.973533619456367,0.0816863581799944
39,0,Travel_Frequently,Research & Development,2,1,Medical,3975,Male,2,Healthcare Representative,Divorced,51550,2.0,18,1,7.0,3,2,2,2,2,3,3.0,4.0,3.0,6.194631566713157,0.30951986023357425,239,9.992956764295677,0.07545088467744149
43,0,Non-Travel,Human Resources,8,5,Medical,3976,Female,3,Sales Executive,Single,22580,4.0,18,0,7.0,2,3,1,2,3,3,1.0,3.0,2.0,7.353812915479582,0.2833736264184463,234,9.984188034188035,0.08239077803455483
41,0,Travel_Rarely,Research & Development,3,3,Life Sciences,3977,Male,3,Research Scientist,Single,35970,3.0,13,1,11.0,2,3,1,2,1,3,2.0,2.0,1.0,7.8185585901027075,0.29265550707860405,238,9.949159663865546,0.08021026131971778
41,0,Travel_Rarely,Research & Development,1,1,Technical Degree,3978,Male,3,Laboratory Technician,Divorced,25150,0.0,18,0,23.0,2,22,13,5,2,3,3.0,3.0,4.0,10.283835425383542,0.30928547079774904,239,9.996443514644353,0.07333813860272147
30,0,Travel_Rarely,Sales,26,3,Marketing,3979,Female,2,Manager,Single,44200,9.0,11,0,9.0,3,7,0,2,3,3,1.0,3.0,3.0,7.0870643153526975,0.3009657525926261,241,9.996473029045644,0.08272477716305508
26,1,Travel_Rarely,Human Resources,2,1,Technical Degree,3980,Female,3,Sales Executive,Married,65780,0.0,15,2,6.0,3,5,1,4,2,3,4.0,2.0,3.0,8.706473922902495,0.2910065715652243,245,9.99952380952381,0.062658014571949
46,1,Travel_Rarely,Research & Development,10,3,Medical,3981,Male,1,Sales Executive,Married,44220,4.0,11,1,13.0,2,9,3,7,3,3,4.0,2.0,4.0,7.9803557504873295,0.3374704936830295,228,9.993494152046782,0.07156664069007564
40,0,Travel_Rarely,Sales,27,2,Medical,3982,Female,3,Sales Executive,Divorced,102740,4.0,18,0,12.0,3,5,0,3,3,3,3.0,4.0,3.0,6.624849137931034,0.3092846656811923,232,9.984267241379312,0.086219662760611
34,0,Travel_Rarely,Research & Development,2,3,Life Sciences,3983,Male,2,Laboratory Technician,Married,53430,1.0,14,0,10.0,5,10,4,8,2,3,2.0,3.0,3.0,7.404434071000461,0.2974822399468844,241,9.97759336099585,0.07480140617796226
58,0,Non-Travel,Research & Development,2,4,Medical,3984,Male,1,Laboratory Technician,Divorced,23760,4.0,12,1,37.0,3,16,14,14,3,3,2.0,2.0,2.0,6.579242097701149,0.3040697202263183,232,9.967744252873562,0.0876166788990065
35,0,Travel_Rarely,Research & Development,8,1,Technical Degree,3985,Female,3,Manufacturing Director,Married,53460,0.0,14,0,6.0,3,5,0,3,2,3,2.0,3.0,4.0,7.400633569739952,0.3204881261074825,235,10.006241134751773,0.07829658927885873
47,0,Travel_Rarely,Research & Development,19,5,Medical,3986,Female,2,Research Scientist,Divorced,28270,8.0,14,1,28.0,3,22,14,10,3,3,3.0,2.0,3.0,10.694584520417852,0.26946197290185003,234,9.983262108262107,0.07141034302157334
40,0,Travel_Rarely,Research & Development,1,4,Life Sciences,3987,Male,2,Manager,Divorced,199430,2.0,13,1,15.0,3,7,7,7,3,3,2.0,1.0,3.0,7.240177404295052,0.30902517536284685,238,9.958543417366947,0.08401718493304487
54,0,Travel_Rarely,Sales,27,4,Medical,3988,Male,1,Research Scientist,Married,31310,4.0,14,0,14.0,3,7,1,7,2,3,4.0,4.0,2.0,7.059951945616503,0.2920522123946099,237,9.971237693389593,0.07362426200068335
31,0,Travel_Frequently,Sales,8,4,Other,3989,Female,3,Manufacturing Director,Married,25520,2.0,18,0,9.0,2,3,2,2,3,3,1.0,1.0,3.0,7.49025493025493,0.3006102206783921,231,9.995238095238095,0.0714120082815736
28,0,Travel_Rarely,Sales,1,2,Life Sciences,3990,Male,3,Manager,Married,44770,1.0,15,0,3.0,6,3,1,2,3,3,3.0,1.0,3.0,7.590064463197375,0.2936851753813841,237,10.00956399437412,0.08106868856627492
38,0,Travel_Rarely,Research & Development,19,3,Medical,3991,Female,2,Manufacturing Director,Married,64740,2.0,13,2,20.0,3,4,0,3,1,3,2.0,4.0,2.0,9.485377585377586,0.3088042271684211,231,9.9992784992785,0.0761492356274965
26,0,Travel_Rarely,Sales,8,3,Marketing,3992,Female,1,Healthcare Representative,Single,30330,1.0,12,0,5.0,2,5,1,2,2,3,3.0,4.0,3.0,6.127782505910166,0.3179809263207003,235,9.963829787234042,0.09484709341092322
58,0,Travel_Frequently,Research & Development,10,4,Technical Degree,3993,Female,1,Sales Representative,Married,29360,2.0,13,1,23.0,3,2,2,2,3,3,1.0,3.0,3.0,9.59517973856209,0.2879356412289284,238,10.005812324929972,0.0668987981971973
18,0,Non-Travel,Research & Development,2,3,Life Sciences,3994,Male,3,Sales Representative,Single,186060,1.0,24,2,0.0,4,0,0,0,3,4,2.0,3.0,1.0,7.612805799220272,0.29280552235989726,228,10.003801169590643,0.07020575177542489
31,1,Travel_Rarely,Research & Development,2,3,Life Sciences,3995,Male,3,Laboratory Technician,Married,21680,0.0,14,1,2.0,2,1,0,0,3,3,4.0,1.0,3.0,6.054205146705146,0.29996675628068725,231,10.001515151515154,0.08313416776460249
29,1,Travel_Rarely,Research & Development,8,2,Medical,3996,Male,1,Manager,Divorced,28530,4.0,14,1,4.0,5,2,2,0,2,3,1.0,1.0,3.0,8.719821428571429,0.2833254762079315,238,9.994957983193276,0.08014559128855483
45,0,Non-Travel,Sales,1,4,Technical Degree,3997,Male,1,Research Scientist,Married,170480,4.0,15,0,10.0,3,8,5,7,2,3,3.0,3.0,4.0,7.173255462575547,0.29920436704818165,239,10.024895397489539,0.07015609312065127
36,0,Travel_Rarely,Sales,2,3,Technical Degree,3998,Female,5,Laboratory Technician,Married,22900,4.0,11,0,15.0,5,1,0,0,3,3,4.0,2.0,3.0,10.672969995311767,0.3112992670046769,237,9.99282700421941,0.08565219075544123
43,0,Travel_Frequently,Sales,8,3,Medical,3999,Male,1,Research Director,Married,36000,1.0,23,0,7.0,2,7,7,7,3,4,1.0,4.0,3.0,6.983569915254237,0.2860591897902876,236,9.993149717514124,0.07574365408502626
27,0,Travel_Frequently,Sales,8,4,Life Sciences,4000,Male,5,Research Scientist,Single,21070,0.0,13,0,6.0,2,5,0,2,3,3,4.0,4.0,2.0,10.215344907407406,0.2848778231277712,240,10.017430555555556,0.07722279850457148
29,0,Travel_Frequently,Research & Development,6,2,Medical,4001,Male,1,Human Resources,Married,41150,1.0,11,0,11.0,1,11,3,10,3,3,4.0,4.0,4.0,7.707633524082021,0.3033419787688527,233,9.990844062947067,0.08059348946771246
32,0,Travel_Frequently,Sales,9,4,Life Sciences,4002,Male,4,Sales Executive,Single,43270,8.0,13,0,4.0,4,0,0,0,3,3,4.0,4.0,4.0,7.611351931330473,0.2864459148449109,233,9.985979971387698,0.07178774480785369
42,0,Non-Travel,Research & Development,11,3,Medical,4003,Male,1,Manager,Married,178560,3.0,18,0,10.0,2,6,3,3,3,3,3.0,3.0,2.0,6.489173640167364,0.29285416735891645,239,10.021548117154811,0.0808350815919115
47,0,Travel_Rarely,Sales,2,2,Life Sciences,4004,Female,5,Manager,Single,31960,4.0,14,1,7.0,3,2,2,0,2,3,2.0,3.0,3.0,6.104896723646724,0.28456105191797826,234,9.987678062678063,0.06735705566356494
46,0,Travel_Rarely,Human Resources,1,3,Life Sciences,4005,Female,1,Laboratory Technician,Divorced,190810,3.0,21,0,12.0,2,9,4,7,3,4,4.0,4.0,2.0,7.183088842975206,0.2875288885760674,242,9.996418732782368,0.07783636058815234
28,0,Non-Travel,Research & Development,7,3,Life Sciences,4006,Male,1,Sales Executive,Divorced,89660,1.0,16,1,3.0,3,3,2,2,2,3,3.0,4.0,3.0,7.699578460038986,0.28953020219655495,228,9.979751461988304,0.07894575293471069
29,0,Travel_Rarely,Research & Development,16,3,Medical,4007,Female,1,Manufacturing Director,Divorced,22100,8.0,11,1,11.0,4,7,1,6,3,3,4.0,3.0,3.0,8.028727524204703,0.310918738407752,241,9.988174273858922,0.08638850468725993
42,0,Travel_Rarely,Sales,2,4,Medical,4008,Female,2,Research Director,Single,45390,4.0,17,1,8.0,5,0,0,0,3,3,4.0,3.0,3.0,6.612405876951332,0.2990660891117963,242,9.994490358126722,0.08401977146035995
32,1,Travel_Rarely,Research & Development,1,1,Medical,4009,Male,2,Laboratory Technician,Single,27410,7.0,11,0,7.0,3,2,2,2,3,3,3.0,2.0,2.0,10.377716830754805,0.2955671212490022,237,9.993741209563995,0.07035496475879435
46,0,Travel_Rarely,Research & Development,23,1,Life Sciences,4010,Male,2,Laboratory Technician,Divorced,34910,2.0,14,0,25.0,0,19,2,8,3,3,1.0,1.0,3.0,7.934115402956604,0.2937342340770938,233,10.00994277539342,0.07652068636640198
27,0,Travel_Rarely,Sales,2,3,Life Sciences,4011,Female,5,Research Scientist,Married,45410,1.0,14,2,9.0,4,9,5,8,4,3,2.0,3.0,3.0,7.055443262411347,0.2937947129740419,235,9.972198581560281,0.07650535450890061
29,0,Travel_Rarely,Research & Development,1,2,Medical,4012,Male,3,Sales Executive,Married,26780,1.0,25,1,1.0,3,1,0,0,3,4,4.0,2.0,3.0,8.013264760576476,0.30218226265457565,239,10.014295676429567,0.08853777215209646
43,0,Travel_Rarely,Research & Development,1,3,Life Sciences,4013,Male,1,Manufacturing Director,Married,73790,7.0,13,2,21.0,3,16,6,14,2,3,1.0,3.0,3.0,6.280660442600277,0.3108396833076749,241,10.007399723374824,0.07211746964807131
48,0,Travel_Rarely,Research & Development,2,3,Life Sciences,4014,Female,2,Manager,Married,62720,4.0,14,0,29.0,3,22,12,9,2,3,4.0,2.0,3.0,6.11030064014632,0.31003958483469446,243,9.998559670781896,0.061987127163894776
29,1,Travel_Frequently,Research & Development,13,2,Life Sciences,4015,Female,1,Laboratory Technician,Single,52200,1.0,17,0,1.0,3,1,1,0,2,3,4.0,4.0,2.0,8.596432178932178,0.29076199033001043,231,9.9491341991342,0.07527702490745965
46,1,Travel_Rarely,Research & Development,4,4,Medical,4016,Female,2,Sales Representative,Married,27430,5.0,25,1,14.0,1,8,0,7,4,4,3.0,2.0,3.0,7.89895949074074,0.29953617780079045,240,9.967916666666667,0.0768045676429567
27,0,Travel_Frequently,Research & Development,16,4,Medical,4017,Male,3,Healthcare Representative,Married,49980,0.0,20,2,8.0,3,7,7,3,3,4,4.0,1.0,2.0,7.688701741996235,0.29996699203159655,236,10.002824858757064,0.07788560323756856
39,0,Travel_Rarely,Research & Development,2,3,Technical Degree,4018,Male,3,Healthcare Representative,Divorced,102520,8.0,13,1,7.0,3,2,2,2,3,3,4.0,4.0,3.0,6.493613445378151,0.2989386176965663,238,9.9765406162465,0.07151836191579306
55,0,Travel_Rarely,Research & Development,2,3,Life Sciences,4019,Female,1,Human Resources,Married,27810,8.0,13,1,19.0,2,5,0,4,3,3,2.0,4.0,4.0,6.17837367450438,0.285534500726281,241,9.971715076071924,0.09161213885046868
28,0,Travel_Rarely,Research & Development,29,2,Life Sciences,4020,Male,2,Laboratory Technician,Married,68520,1.0,18,1,1.0,2,1,0,0,4,3,2.0,2.0,3.0,6.950778985507247,0.30484770917129633,230,9.976086956521739,0.0768589540746366
30,1,Travel_Rarely,Sales,12,4,Life Sciences,4021,Female,2,Sales Executive,Single,49500,1.0,12,2,1.0,3,1,0,0,3,3,2.0,4.0,2.0,7.718414893617021,0.3069930298166423,235,10.002836879432625,0.08942211715261368
22,1,Travel_Rarely,Research & Development,16,2,Life Sciences,4022,Female,2,Laboratory Technician,Single,35790,1.0,19,3,1.0,3,1,0,0,3,3,4.0,2.0,3.0,10.512892924976258,0.32282228074882735,234,9.949857549857551,0.07277775739864432
36,0,Travel_Rarely,Research & Development,11,3,Life Sciences,4023,Male,1,Sales Executive,Married,131910,1.0,14,1,10.0,2,10,1,7,2,3,2.0,3.0,3.0,9.49042972459639,0.28475317124959515,234,9.982549857549857,0.07268536350260237
31,0,Travel_Rarely,Research & Development,2,4,Life Sciences,4024,Female,5,Manager,Divorced,103770,1.0,14,0,10.0,2,10,0,2,3,3,2.0,3.0,3.0,7.527197962154293,0.3080854894066259,229,9.987627365356623,0.06953679230828164
34,0,Travel_Rarely,Sales,14,2,Technical Degree,4025,Female,1,Sales Executive,Married,22350,2.0,14,1,9.0,2,5,1,0,3,3,3.0,4.0,3.0,8.067217553688142,0.27495062109820645,238,9.989565826330532,0.07634050455625288
29,0,Travel_Rarely,Research & Development,5,5,Life Sciences,4026,Female,1,Sales Executive,Single,105020,3.0,12,0,11.0,4,3,1,2,2,3,4.0,1.0,3.0,7.119061065197428,0.3092523058921362,242,9.971556473829201,0.07506474114970899
37,0,Travel_Rarely,Research & Development,7,2,Medical,4027,Male,1,Manufacturing Director,Married,20110,5.0,13,0,16.0,4,5,0,4,4,3,4.0,1.0,3.0,8.72363482384824,0.29660774488083086,246,9.984214092140922,0.07633142064413834
35,0,Travel_Rarely,Sales,2,1,Technical Degree,4028,Male,2,Laboratory Technician,Married,18590,0.0,25,1,4.0,2,3,0,2,2,4,4.0,2.0,3.0,10.506960580912862,0.3082142606598957,241,10.00947441217151,0.07892953742123872
45,0,Travel_Rarely,Research & Development,3,3,Medical,4029,Female,2,Sales Executive,Married,37600,0.0,14,1,10.0,2,9,3,8,2,3,2.0,4.0,2.0,7.110689927732611,0.3134689450160385,246,10.00691056910569,0.08080012167468613
36,0,Travel_Frequently,Research & Development,5,3,Medical,4030,Female,4,Manufacturing Director,Single,177790,1.0,17,1,10.0,5,10,0,8,1,3,2.0,4.0,2.0,6.489738984674329,0.3178027808069555,232,9.968031609195402,0.06857797494650951
40,0,Travel_Rarely,Research & Development,3,3,Other,4031,Male,1,Sales Executive,Divorced,68330,2.0,13,0,22.0,3,19,11,16,3,3,1.0,3.0,3.0,6.832436342592592,0.2886485621050057,240,9.970486111111112,0.06858483941577562
26,0,Travel_Rarely,Research & Development,26,2,Life Sciences,4032,Male,2,Human Resources,Married,68120,1.0,13,0,1.0,2,1,1,0,2,3,2.0,3.0,2.0,9.305777074542897,0.29519948490518677,237,9.983895921237691,0.06753970098611806
27,0,Travel_Rarely,Research & Development,4,3,Technical Degree,4033,Male,2,Manufacturing Director,Single,51710,0.0,20,1,9.0,1,8,0,7,2,4,1.0,3.0,2.0,7.554721050164088,0.27157772718369483,237,9.980942334739803,0.07366892933482724
48,0,Travel_Frequently,Research & Development,2,3,Life Sciences,4034,Male,2,Research Director,Divorced,197400,3.0,14,0,24.0,2,22,4,7,4,3,4.0,4.0,3.0,7.195166427203065,0.30583144532407036,232,10.040014367816092,0.06875868185135427
44,0,Travel_Rarely,Sales,1,2,Medical,4035,Male,4,Manager,Married,187110,2.0,12,1,10.0,0,2,2,2,3,3,2.0,1.0,3.0,7.083899482109227,0.29186000496069886,236,9.948940677966101,0.0713735775533919
34,1,Non-Travel,Research & Development,27,2,Life Sciences,4036,Female,1,Sales Representative,Married,36920,1.0,12,1,5.0,5,5,3,0,3,3,4.0,1.0,3.0,10.200662851692893,0.3226347032668564,233,9.975393419170244,0.07073050786838343
56,1,Travel_Rarely,Human Resources,1,2,Medical,4037,Female,5,Sales Executive,Single,25590,1.0,21,0,5.0,3,4,1,0,3,4,1.0,4.0,3.0,6.893758381226054,0.28892098335984356,232,9.985129310344828,0.07846116646763202
36,0,Travel_Rarely,Research & Development,13,3,Technical Degree,4038,Female,3,Healthcare Representative,Married,25170,2.0,14,0,12.0,3,4,1,3,3,3,3.0,2.0,1.0,7.322567722681359,0.28865430871629405,242,10.006267217630855,0.09235221414446233
41,0,Travel_Rarely,Research & Development,5,3,Life Sciences,4039,Female,1,Sales Executive,Married,66230,5.0,18,0,14.0,3,5,1,4,3,3,3.0,2.0,3.0,6.4082341269841265,0.2941340230047779,238,9.985364145658265,0.08303266102502892
42,0,Travel_Rarely,Research & Development,7,3,Technical Degree,4040,Female,2,Sales Executive,Married,182650,9.0,12,1,18.0,4,13,5,7,3,3,3.0,1.0,4.0,7.421599576271186,0.2955294214886386,236,9.965889830508473,0.07349939395760707
31,0,Travel_Rarely,Sales,9,4,Life Sciences,4041,Female,1,Sales Executive,Divorced,161240,2.0,23,1,8.0,2,5,1,4,2,4,3.0,4.0,3.0,8.306982212475633,0.29300062919133946,228,9.978070175438596,0.07820027307622951
34,0,Travel_Rarely,Research & Development,8,1,Life Sciences,4042,Female,3,Laboratory Technician,Married,25850,3.0,12,0,9.0,5,4,0,1,3,3,4.0,4.0,2.0,9.197162131519274,0.30361112024289677,245,9.986530612244897,0.08547584662280211
31,0,Travel_Rarely,Sales,25,2,Life Sciences,4043,Female,3,Manufacturing Director,Divorced,182130,8.0,21,2,4.0,3,2,2,2,4,4,1.0,3.0,2.0,6.829941331417625,0.28393508062120354,232,9.970043103448276,0.07916964700369873
26,0,Travel_Frequently,Sales,16,2,Life Sciences,4044,Male,2,Healthcare Representative,Married,83800,0.0,14,0,8.0,3,7,7,7,4,3,3.0,4.0,3.0,6.103722687122269,0.2949216627623368,239,10.002231520223152,0.07036848212088186
45,0,Travel_Frequently,Research & Development,8,4,Life Sciences,4045,Female,2,Manager,Single,29940,4.0,18,1,12.0,2,4,0,3,3,3,2.0,3.0,3.0,7.825787439613526,0.3007073935913588,230,10.008333333333333,0.07581210577389605
33,0,Travel_Rarely,Sales,1,3,Life Sciences,4046,Female,5,Sales Executive,Single,12230,1.0,13,1,10.0,3,10,0,9,3,3,2.0,3.0,2.0,6.405410575048733,0.3131585088237305,228,9.977923976608187,0.08349483903100877
28,0,Travel_Frequently,Sales,8,3,Life Sciences,4047,Male,4,Research Scientist,Married,11180,1.0,11,0,7.0,3,7,0,7,3,3,3.0,4.0,3.0,10.561230803974706,0.2590889434176726,246,10.019173441734418,0.07513994893350293
29,1,Travel_Frequently,Human Resources,2,4,Human Resources,4048,Male,2,Sales Executive,Single,28750,1.0,11,0,1.0,3,1,0,0,3,3,3.0,1.0,3.0,6.7969338512241055,0.3057512443736447,236,9.99752824858757,0.08172554293384611
39,0,Non-Travel,Research & Development,8,5,Medical,4049,Female,2,Sales Representative,Married,188240,6.0,19,1,10.0,4,3,1,2,3,3,1.0,3.0,3.0,6.295510603964961,0.2918975710164042,241,9.99356846473029,0.06938554633471639
27,0,Travel_Rarely,Sales,3,2,Technical Degree,4050,Male,2,Healthcare Representative,Married,135770,1.0,12,1,6.0,2,5,1,2,3,3,2.0,2.0,2.0,7.257912494039103,0.3014079472701803,233,9.991201716738198,0.07763178720010523
34,0,Travel_Frequently,Research & Development,9,4,Life Sciences,4051,Female,2,Manufacturing Director,Married,26250,1.0,12,3,16.0,4,15,6,11,3,3,3.0,4.0,3.0,8.8632949790795,0.3201492450406724,239,9.986889818688983,0.07414812926565334
28,1,Travel_Rarely,Research & Development,25,3,Technical Degree,4052,Male,1,Research Director,Single,187890,3.0,16,1,6.0,4,2,2,2,3,3,4.0,3.0,3.0,9.37195652173913,0.2861749300919137,230,10.018985507246377,0.0631362782946227
47,0,Non-Travel,Research & Development,1,4,Medical,4053,Male,1,Research Scientist,Married,45380,8.0,11,0,16.0,3,8,1,7,3,3,3.0,2.0,4.0,5.99063475177305,0.3050214229327356,235,10.012198581560284,0.08526366410054351
56,0,Travel_Rarely,Research & Development,4,3,Technical Degree,4054,Female,2,Sales Executive,Married,198470,4.0,14,0,6.0,6,0,0,0,3,3,4.0,1.0,3.0,7.89697337962963,0.28821547544477866,240,10.004513888888889,0.06809553211684492
39,0,Travel_Rarely,Research & Development,1,3,Other,4055,Female,1,Laboratory Technician,Married,105120,1.0,12,1,10.0,2,10,7,9,3,3,1.0,1.0,3.0,7.016283068783069,0.269100986634845,231,10.009956709956711,0.06691975657193049
38,0,Travel_Frequently,Research & Development,4,2,Medical,4056,Female,1,Manager,Divorced,44440,1.0,13,0,20.0,2,20,0,7,3,3,4.0,2.0,3.0,10.78147737455197,0.3117587273788862,248,9.964583333333334,0.08017895299145293
58,0,Travel_Rarely,Sales,5,3,Marketing,4057,Male,5,Sales Representative,Married,21540,4.0,21,1,29.0,3,1,0,0,3,4,4.0,4.0,2.0,9.923890036730945,0.3126152044170143,242,9.981129476584023,0.08785819340138455
32,1,Travel_Frequently,Research & Development,9,3,Life Sciences,4058,Male,2,Laboratory Technician,Single,191900,3.0,17,1,8.0,2,4,0,3,3,3,1.0,3.0,3.0,10.213899527186761,0.31316677554870564,235,9.977943262411348,0.08632884766927322
38,0,Travel_Rarely,Research & Development,3,4,Life Sciences,4059,Female,1,Sales Representative,Divorced,44900,2.0,21,1,10.0,1,5,0,3,3,4,2.0,4.0,4.0,7.610720164609053,0.29396364787355733,243,9.95116598079561,0.08170547600962862
49,0,Travel_Frequently,Sales,11,4,Life Sciences,4060,Male,2,Research Scientist,Married,35060,3.0,11,1,28.0,4,5,4,3,2,3,2.0,4.0,3.0,6.3074852507374635,0.3012698225085479,226,9.9617994100295,0.0768576860045887
42,0,Travel_Rarely,Sales,1,3,Life Sciences,4061,Female,1,Sales Executive,Divorced,23720,3.0,12,1,14.0,3,0,0,0,3,3,2.0,4.0,3.0,8.693173758865248,0.2949878290289648,235,10.01567375886525,0.06324924733789981
27,1,Travel_Frequently,Sales,8,1,Life Sciences,4062,Male,4,Laboratory Technician,Married,102310,1.0,13,1,1.0,2,1,0,0,3,3,1.0,2.0,3.0,6.498731032794908,0.3006189895993233,227,9.995521292217326,0.07340536864493047
35,0,Travel_Rarely,Research & Development,25,1,Medical,4063,Male,1,Sales Executive,Married,54100,0.0,18,0,6.0,4,5,0,4,3,3,2.0,1.0,1.0,6.55302199074074,0.3428471815226707,240,9.97125,0.07385152254765223
28,0,Non-Travel,Research & Development,21,1,Medical,4064,Male,3,Research Scientist,Single,79780,1.0,16,2,5.0,2,5,1,4,3,3,3.0,3.0,2.0,6.708564213564213,0.2970002943729465,231,9.975036075036074,0.08488375473158075
31,0,Non-Travel,Sales,23,1,Medical,4065,Male,1,Sales Executive,Divorced,38670,1.0,11,1,4.0,4,4,2,3,4,3,3.0,1.0,4.0,9.772402659069325,0.2906410854022814,234,9.9735754985755,0.08643632641665565
36,0,Non-Travel,Research & Development,1,3,Life Sciences,4066,Male,2,Research Scientist,Married,28380,1.0,19,2,5.0,5,5,0,2,1,3,1.0,2.0,3.0,7.112342117758784,0.29957171704578345,234,9.98468660968661,0.07990397861821315
34,0,Travel_Rarely,Sales,2,3,Marketing,4067,Male,4,Healthcare Representative,Single,46950,1.0,16,1,14.0,2,14,2,1,3,3,1.0,4.0,2.0,5.9938015526443476,0.2957895226979588,229,9.992867540029113,0.0906750257497212
34,0,Travel_Rarely,Research & Development,19,3,Technical Degree,4068,Female,1,Research Director,Divorced,33390,1.0,16,0,9.0,2,8,1,1,2,3,4.0,3.0,2.0,6.793736225895318,0.30608024960807734,242,9.984090909090908,0.09627074688796683
26,0,Travel_Rarely,Research & Development,2,2,Life Sciences,4069,Male,2,Research Scientist,Single,20800,0.0,13,0,8.0,6,7,7,6,4,3,3.0,1.0,2.0,6.788305439330544,0.2964071050136008,239,9.976080892608088,0.07596258726642681
29,0,Travel_Rarely,Research & Development,2,4,Other,4070,Male,2,Laboratory Technician,Married,20960,0.0,22,0,6.0,2,5,0,2,4,4,1.0,1.0,2.0,7.710127504553734,0.29734466376099705,244,9.994877049180328,0.09237762542445305
32,0,Non-Travel,Research & Development,3,1,Life Sciences,4071,Male,3,Manager,Divorced,62090,5.0,17,1,9.0,5,5,1,2,4,3,3.0,4.0,3.0,6.603065843621399,0.2902579005735346,243,10.00116598079561,0.07892310686362311
31,0,Travel_Frequently,Research & Development,25,5,Technical Degree,4072,Female,2,Human Resources,Married,180610,1.0,14,1,10.0,2,10,8,7,3,3,4.0,1.0,3.0,6.93400070621469,0.2898441385041082,236,10.013206214689266,0.0922870286893456
28,1,Travel_Rarely,Sales,7,5,Life Sciences,4073,Female,2,Sales Representative,Divorced,171230,5.0,15,1,6.0,2,4,0,3,2,3,3.0,4.0,2.0,6.290863054412437,0.3055855102700217,243,10.00034293552812,0.08604097465489165
38,0,Travel_Rarely,Research & Development,9,2,Technical Degree,4074,Male,3,Sales Representative,Single,23720,4.0,12,0,20.0,3,1,0,0,2,3,1.0,1.0,2.0,7.242158931082983,0.3269360880119424,237,9.989662447257384,0.06631805883334524
35,0,Travel_Rarely,Research & Development,5,3,Life Sciences,4075,Male,2,Sales Representative,Married,48830,1.0,18,1,10.0,1,10,0,9,1,3,3.0,4.0,3.0,8.811529597282872,0.2872408930960518,229,9.987045123726347,0.07986554814985068
27,0,Travel_Rarely,Sales,2,3,Life Sciences,4076,Female,1,Manager,Single,39040,1.0,15,0,7.0,2,7,0,7,3,3,4.0,4.0,3.0,7.889389357712142,0.32052670475446265,237,9.975386779184248,0.07372542650996845
32,0,Travel_Rarely,Research & Development,8,1,Medical,4077,Female,2,Research Scientist,Single,46270,8.0,17,1,8.0,2,1,0,0,2,3,4.0,4.0,3.0,7.321815352697095,0.30777519237689305,241,10.010442600276624,0.07035230328876595
31,1,Travel_Frequently,Research & Development,2,1,Other,4078,Male,3,Sales Executive,Married,70940,1.0,14,1,10.0,2,10,0,8,3,3,1.0,4.0,3.0,10.31786278735632,0.2653506395154364,232,9.997629310344829,0.07117881918528472
53,1,Travel_Rarely,Research & Development,18,3,Medical,4079,Male,1,Research Scientist,Single,34230,6.0,15,1,15.0,4,2,2,2,3,3,1.0,1.0,2.0,10.808652777777779,0.3080598574229732,240,10.005972222222223,0.07685632651479943
54,0,Travel_Rarely,Research & Development,14,3,Other,4080,Male,3,Research Scientist,Married,66740,3.0,17,1,9.0,2,4,2,3,3,3,1.0,3.0,2.0,7.858071256038647,0.3203442184681648,230,10.009347826086955,0.09038409488850918
33,0,Travel_Frequently,Research & Development,2,4,Medical,4081,Female,4,Sales Executive,Divorced,168800,1.0,14,3,9.0,2,9,2,8,3,3,4.0,3.0,3.0,7.887598308184728,0.3268658490510641,243,9.991700960219477,0.07656881195040571
43,0,Travel_Rarely,Research & Development,3,3,Medical,4082,Male,1,Research Scientist,Married,90940,1.0,12,1,10.0,0,10,0,9,3,3,1.0,3.0,3.0,7.5202123507805325,0.3063006567545286,242,10.026308539944903,0.07948248993137705
38,0,Travel_Frequently,Research & Development,2,5,Medical,4083,Female,4,Sales Executive,Married,84460,0.0,14,0,7.0,3,6,1,2,2,3,4.0,2.0,3.0,8.003354519774012,0.3053703998581203,236,10.010946327683614,0.08496595644508562
55,0,Travel_Rarely,Sales,9,3,Marketing,4084,Male,2,Laboratory Technician,Married,119160,4.0,15,1,35.0,3,10,1,4,2,3,3.0,2.0,3.0,8.175601469237833,0.3019292780250489,242,10.021074380165288,0.07537698752900565
31,0,Travel_Rarely,Sales,6,3,Other,4085,Male,1,Manufacturing Director,Divorced,45340,1.0,13,0,1.0,2,1,0,0,3,3,4.0,4.0,3.0,10.813751177024484,0.3169327233469385,236,10.002401129943502,0.07998002564410785
39,0,Travel_Rarely,Research & Development,4,3,Life Sciences,4086,Male,2,Sales Executive,Single,98520,0.0,12,1,21.0,5,20,11,10,2,3,2.0,1.0,3.0,6.089302083333333,0.30129777343271463,240,9.971041666666668,0.09041197408182247
42,0,Non-Travel,Research & Development,10,4,Life Sciences,4087,Female,2,Research Scientist,Single,61510,1.0,13,1,20.0,3,20,3,7,3,3,4.0,3.0,3.0,6.598213768115942,0.30772946425725406,230,9.990652173913045,0.07379263443241989
31,0,Non-Travel,Research & Development,14,2,Life Sciences,4088,Male,2,Healthcare Representative,Married,23020,4.0,14,0,13.0,3,11,4,8,3,3,3.0,3.0,4.0,6.097765957446808,0.27754421660818474,235,10.001205673758864,0.07275138914145998
54,0,Travel_Rarely,Research & Development,1,3,Medical,4089,Female,2,Human Resources,Single,23620,6.0,13,1,9.0,2,5,1,4,4,3,3.0,1.0,3.0,10.500978997289973,0.3216627059046244,246,10.019783197831979,0.07871133602492483
24,0,Travel_Rarely,Research & Development,5,4,Other,4090,Male,1,Manufacturing Director,Single,178610,1.0,11,2,4.0,5,4,1,2,1,3,2.0,3.0,2.0,6.8744063421828905,0.32146400295323047,226,10.00825958702065,0.08245493280891511
23,0,Travel_Rarely,Research & Development,7,3,Life Sciences,4091,Male,2,Research Scientist,Single,191870,1.0,11,1,5.0,2,5,1,4,3,3,4.0,4.0,4.0,7.025246527777777,0.27991141397376834,240,9.984166666666665,0.07522710367271034
40,0,Travel_Frequently,Research & Development,21,3,Medical,4092,Female,3,Research Scientist,Married,197170,1.0,21,0,10.0,1,10,9,4,2,4,4.0,3.0,4.0,7.799973599632691,0.3012855796269607,242,10.010812672176307,0.0880879951914468
40,0,Travel_Rarely,Research & Development,8,1,Medical,4093,Female,5,Research Scientist,Married,35440,3.0,18,3,15.0,3,11,5,10,2,3,2.0,2.0,3.0,6.187881218038122,0.33556907193476204,239,9.975034867503489,0.07383023920865421
25,0,Travel_Rarely,Sales,20,5,Medical,4094,Female,2,Laboratory Technician,Married,85000,4.0,12,0,6.0,2,2,1,2,3,3,3.0,2.0,3.0,6.211339243498818,0.31328741594619647,235,9.998014184397164,0.07439300074761067
30,0,Travel_Rarely,Human Resources,20,4,Life Sciences,4095,Male,2,Research Scientist,Married,46610,1.0,11,0,12.0,3,12,1,7,2,3,4.0,2.0,2.0,6.117868794326242,0.2855371226848448,235,9.94127659574468,0.08215173465882689
25,0,Travel_Rarely,Research & Development,7,2,Medical,4096,Male,5,Sales Executive,Divorced,41030,6.0,15,1,7.0,2,2,0,2,3,3,4.0,3.0,2.0,10.196005910165486,0.313655282103804,235,10.01113475177305,0.08203004586692524
47,0,Travel_Rarely,Research & Development,1,4,Life Sciences,4097,Male,2,Sales Executive,Single,42490,2.0,13,1,25.0,2,17,12,11,2,3,1.0,3.0,3.0,7.794042824074074,0.3126562542851345,240,9.970555555555556,0.08438044320471096
33,0,Non-Travel,Research & Development,1,3,Life Sciences,4098,Male,2,Research Scientist,Divorced,140260,1.0,12,0,1.0,4,1,0,0,3,3,2.0,3.0,2.0,6.203211805555556,0.29025902772136114,240,9.987291666666666,0.06998077928870299
38,0,Travel_Rarely,Research & Development,19,3,Life Sciences,4099,Female,2,Sales Executive,Married,68930,0.0,17,0,16.0,3,15,5,8,3,3,4.0,2.0,3.0,7.91453514739229,0.28810598466686665,245,9.985034013605441,0.07651918144306902
31,0,Travel_Rarely,Research & Development,10,4,Medical,4100,Female,3,Sales Executive,Married,61250,0.0,13,1,3.0,3,2,1,2,3,3,1.0,3.0,3.0,7.226888888888889,0.32602138268027275,235,10.030496453900707,0.08633332323048634
38,0,Travel_Frequently,Research & Development,1,4,Other,4101,Male,2,Research Scientist,Married,36690,2.0,19,0,10.0,2,8,7,7,3,3,1.0,3.0,3.0,6.494887706855793,0.2968575150328461,235,9.98531914893617,0.07830800549594875
42,0,Travel_Rarely,Research & Development,6,3,Medical,4102,Male,2,Laboratory Technician,Divorced,100080,6.0,19,1,9.0,3,4,1,2,1,3,4.0,1.0,2.0,9.803851165980795,0.28850813413477516,243,9.989437585733882,0.06437603683675505
41,0,Travel_Rarely,Sales,2,2,Medical,4103,Male,1,Healthcare Representative,Married,23870,3.0,17,1,12.0,1,5,1,0,1,3,4.0,4.0,3.0,7.67073629306162,0.2750217763964965,229,9.968704512372636,0.07782964963354533
47,0,Non-Travel,Research & Development,21,2,Medical,4104,Male,1,Sales Executive,Married,46390,0.0,11,1,14.0,2,13,5,12,2,3,3.0,2.0,1.0,7.224853076216712,0.32479950129608504,242,10.005922865013774,0.0729477155561651
35,0,Travel_Rarely,Research & Development,4,3,Life Sciences,4105,Male,2,Healthcare Representative,Married,78980,7.0,15,0,5.0,2,2,2,2,2,3,4.0,3.0,3.0,10.38168183940243,0.29852972827152896,238,10.008613445378153,0.07423984150622263
22,0,Travel_Rarely,Human Resources,12,1,Human Resources,4106,Male,2,Sales Executive,Single,25340,0.0,11,0,4.0,1,3,1,2,3,3,4.0,3.0,4.0,6.414363173216886,0.27610430569560673,229,9.941775836972345,0.08362967857538073
35,0,Travel_Rarely,Research & Development,9,3,Medical,4107,Female,2,Sales Executive,Single,131420,1.0,25,2,10.0,4,10,0,8,3,4,2.0,3.0,3.0,7.986352859135286,0.3258266304449801,239,9.97573221757322,0.07574146674011312
33,0,Travel_Rarely,Sales,3,4,Medical,4108,Male,3,Healthcare Representative,Married,16110,0.0,14,0,10.0,2,9,8,1,2,3,2.0,4.0,3.0,9.070098253275109,0.28431722869457776,229,9.991484716157204,0.07081045651489225
32,0,Travel_Rarely,Research & Development,3,2,Technical Degree,4109,Male,3,Manufacturing Director,Single,53630,1.0,13,0,6.0,4,6,4,1,3,3,3.0,2.0,3.0,6.99242600679282,0.31575527637372464,229,9.997161572052402,0.07301944210356068
40,0,Travel_Rarely,Research & Development,1,4,Medical,4110,Male,2,Research Director,Married,50710,8.0,17,1,8.0,3,1,0,0,2,3,1.0,4.0,2.0,6.217579033007903,0.2980194791855687,239,9.997838214783823,0.0728909653122058
32,0,Travel_Rarely,Research & Development,1,2,Medical,4111,Male,3,Sales Executive,Married,136950,0.0,13,0,3.0,3,2,2,2,3,3,2.0,2.0,3.0,6.021211583924351,0.282938473772453,235,9.986879432624113,0.0900277323149663
39,0,Travel_Rarely,Research & Development,4,4,Life Sciences,4112,Male,1,Sales Executive,Single,134020,7.0,14,1,18.0,1,7,1,7,3,3,1.0,4.0,3.0,8.004868173258004,0.31347730544571173,236,9.975564971751414,0.07870298914132307
38,0,Travel_Rarely,Sales,20,4,Medical,4113,Female,2,Research Director,Married,20290,3.0,11,1,20.0,3,18,1,11,2,3,2.0,3.0,3.0,8.04372015610652,0.288377359760032,242,9.989669421487603,0.07154797694028167
32,0,Travel_Rarely,Research & Development,18,3,Life Sciences,4114,Male,2,Manager,Married,63770,1.0,12,2,14.0,3,14,5,7,3,3,3.0,4.0,3.0,7.89986111111111,0.288350486593966,238,9.989355742296919,0.0842415897441959
37,0,Travel_Rarely,Research & Development,1,3,Life Sciences,4115,Female,4,Sales Executive,Married,54290,1.0,17,1,16.0,3,16,6,8,3,3,3.0,4.0,3.0,9.395383881735814,0.3187198642485008,233,10.008583690987125,0.0755246616677355
25,0,Travel_Rarely,Research & Development,2,4,Medical,4116,Female,2,Manufacturing Director,Divorced,27850,0.0,21,0,6.0,2,5,0,4,3,4,1.0,3.0,2.0,7.9726721763085395,0.3149821773299215,242,9.99586776859504,0.06784131393146857
52,0,Non-Travel,Research & Development,2,4,Other,4117,Male,1,Manager,Divorced,46140,2.0,16,1,16.0,3,9,0,0,3,3,1.0,4.0,3.0,6.776608063759962,0.28898127701776793,237,9.98424753867792,0.08920231511279576
44,0,Travel_Rarely,Research & Development,8,1,Life Sciences,4118,Female,1,Sales Representative,Single,26100,6.0,15,0,6.0,2,4,1,2,3,3,2.0,4.0,3.0,10.79869467984934,0.2946129205099233,236,9.951200564971751,0.07293826882237463
21,0,Travel_Rarely,Sales,10,5,Medical,4119,Male,3,Research Scientist,Single,66870,1.0,19,3,2.0,0,2,1,2,3,3,3.0,1.0,3.0,8.192936676082862,0.28795906906742313,236,10.018008474576272,0.07281970489241489
39,0,Non-Travel,Research & Development,3,4,Life Sciences,4120,Female,2,Research Director,Single,47240,2.0,12,1,21.0,4,6,1,3,4,3,4.0,4.0,2.0,6.270208042770804,0.2978937004228531,239,9.993026499302651,0.060221940938160516
23,1,Travel_Frequently,Research & Development,2,4,Life Sciences,4121,Female,2,Manufacturing Director,Married,61790,1.0,11,0,1.0,3,1,1,0,3,3,4.0,1.0,2.0,7.998599773242631,0.311726503558966,245,9.973333333333333,0.06702959927140262
36,0,Travel_Rarely,Research & Development,24,3,Life Sciences,4122,Female,2,Laboratory Technician,Married,61200,0.0,19,0,10.0,2,9,3,4,3,3,1.0,4.0,3.0,7.837768281101614,0.3150507001921257,234,10.00491452991453,0.07218485198635421
36,0,Travel_Frequently,Research & Development,16,1,Medical,4123,Male,2,Sales Executive,Divorced,105960,7.0,15,0,18.0,3,4,0,2,2,3,4.0,2.0,3.0,7.801609510745314,0.3003529555851945,243,10.00809327846365,0.07430521073057557
56,0,Non-Travel,Research & Development,8,1,Life Sciences,4124,Male,1,Sales Executive,Divorced,54670,1.0,20,0,13.0,6,13,1,9,2,4,3.0,3.0,2.0,6.571621168582376,0.3099207733722994,232,9.987859195402299,0.07910761452787317
29,1,Travel_Rarely,Research & Development,9,4,Medical,4125,Male,2,Sales Representative,Married,29960,9.0,25,0,4.0,4,2,2,2,3,4,1.0,4.0,4.0,10.940326135852452,0.2966839313344977,247,9.993724696356274,0.0652709844237444
42,0,Travel_Rarely,Research & Development,17,1,Life Sciences,4126,Male,3,Research Scientist,Married,99980,5.0,24,2,24.0,3,22,4,14,2,4,1.0,3.0,2.0,7.3613338021565875,0.28707811991561527,237,9.981997187060479,0.07150597550994466
56,1,Travel_Rarely,Sales,10,4,Other,4127,Male,2,Sales Executive,Married,40780,8.0,24,1,14.0,3,10,9,8,3,4,4.0,3.0,1.0,6.802081018518519,0.31099361552273924,240,9.986180555555556,0.07592049724934143
41,0,Travel_Rarely,Research & Development,13,4,Life Sciences,4128,Female,1,Healthcare Representative,Married,109200,0.0,15,1,21.0,3,20,0,10,4,3,1.0,2.0,3.0,7.7766064814814815,0.26970982244809383,240,10.003472222222221,0.07077124980629163
34,0,Travel_Rarely,Sales,1,3,Medical,4129,Female,1,Laboratory Technician,Married,62320,1.0,13,1,8.0,3,8,1,7,3,3,4.0,3.0,3.0,7.387210837887067,0.3105955087526782,244,10.028210382513661,0.07022399030785494
36,0,Non-Travel,Sales,1,1,Medical,4130,Female,1,Human Resources,Divorced,132470,1.0,14,0,15.0,3,15,11,11,3,3,4.0,4.0,2.0,7.725861823361823,0.29502890811136495,234,10.002492877492879,0.0819238971831961
41,0,Travel_Rarely,Research & Development,1,5,Medical,4131,Male,1,Healthcare Representative,Divorced,40810,2.0,13,0,14.0,3,5,0,4,3,3,3.0,2.0,3.0,7.090624999999999,0.29198780816278397,228,10.010672514619884,0.07162078900138258
32,0,Travel_Rarely,Sales,9,4,Life Sciences,4132,Female,2,Research Scientist,Single,57690,1.0,11,0,4.0,3,4,1,2,3,3,4.0,1.0,3.0,6.661144067796611,0.28829138215768385,236,9.988206214689264,0.07618773790920387
35,0,Travel_Rarely,Research & Development,16,3,Medical,4133,Female,2,Healthcare Representative,Single,23940,1.0,16,1,9.0,3,9,1,7,3,3,3.0,4.0,3.0,10.475925541724298,0.295414842367114,241,9.996887966804978,0.07756550637774698
38,0,Travel_Rarely,Research & Development,23,3,Medical,4134,Male,3,Sales Representative,Married,39040,1.0,22,0,10.0,3,10,1,9,2,4,1.0,4.0,3.0,6.927081560283688,0.313624818925229,235,10.029148936170214,0.07432595825503628
50,1,Travel_Frequently,Sales,4,2,Life Sciences,4135,Female,2,Laboratory Technician,Divorced,167990,7.0,14,1,12.0,2,6,0,1,2,3,2.0,3.0,3.0,7.187586445366528,0.28314556667489293,241,10.005463347164593,0.0785822959889349
36,0,Travel_Rarely,Research & Development,22,4,Life Sciences,4136,Male,1,Healthcare Representative,Married,29500,4.0,14,0,8.0,1,6,0,0,2,3,2.0,4.0,2.0,6.304837369420703,0.31156241790395467,234,9.994159544159544,0.06643212322039223
45,0,Travel_Rarely,Sales,24,3,Life Sciences,4137,Male,1,Laboratory Technician,Single,36290,8.0,16,1,8.0,2,5,0,1,4,3,4.0,3.0,3.0,6.104605200945627,0.28595193601758256,235,10.007163120567377,0.0707283849588814
40,0,Travel_Rarely,Sales,10,4,Life Sciences,4138,Male,1,Research Scientist,Single,93620,2.0,11,1,8.0,6,2,2,2,3,3,3.0,3.0,3.0,6.195991379310345,0.2806518051581355,232,9.998850574712645,0.08559030369375194
35,0,Travel_Frequently,Sales,7,2,Life Sciences,4139,Male,2,Manufacturing Director,Married,32290,1.0,25,0,10.0,2,10,0,2,2,4,3.0,3.0,4.0,8.40567343604108,0.2991095846770961,238,9.987675070028011,0.06206264502988245
40,0,Travel_Rarely,Research & Development,17,4,Life Sciences,4140,Male,1,Manager,Married,35780,2.0,14,1,20.0,2,5,0,2,3,3,3.0,3.0,3.0,7.508661616161616,0.3186759714608436,231,10.047546897546898,0.0616678691678692
35,0,Travel_Rarely,Human Resources,14,1,Life Sciences,4141,Male,2,Research Scientist,Married,79880,1.0,18,0,4.0,3,4,1,1,3,3,3.0,4.0,3.0,6.858034934497816,0.31028594913007707,229,9.994468704512371,0.09226459221805118
29,0,Travel_Rarely,Research & Development,1,3,Medical,4142,Male,3,Sales Executive,Married,42840,4.0,11,0,10.0,5,4,0,3,2,3,4.0,2.0,3.0,9.820634578544063,0.2872285854206844,232,9.988362068965518,0.07513333250402211
29,0,Travel_Rarely,Research & Development,5,3,Medical,4143,Male,2,Sales Representative,Single,75530,1.0,19,0,5.0,3,5,0,4,3,3,4.0,1.0,1.0,6.062686403508772,0.31340960420066405,228,9.994225146198831,0.07442196181226439
50,1,Travel_Rarely,Research & Development,17,3,Medical,4144,Male,1,Research Scientist,Divorced,173280,4.0,15,2,20.0,1,3,2,0,3,3,4.0,1.0,3.0,9.61787459658829,0.28294517865861346,241,10.047372060857539,0.06847223182726297
39,0,Travel_Rarely,Sales,25,3,Medical,4145,Male,2,Sales Executive,Married,197010,0.0,11,0,21.0,3,20,9,6,4,3,2.0,4.0,2.0,7.5375743026977595,0.28578691480993174,243,9.995267489711933,0.08124128490290108
31,0,Non-Travel,Research & Development,8,4,Life Sciences,4146,Female,4,Sales Executive,Single,147320,0.0,12,0,10.0,3,9,1,7,3,3,2.0,1.0,3.0,7.313956056466302,0.2809138216085277,244,9.985792349726776,0.06487504403816892
26,0,Travel_Rarely,Research & Development,11,4,Medical,4147,Male,2,Manager,Single,92780,0.0,20,0,5.0,3,4,0,0,3,4,4.0,3.0,3.0,7.488528985507246,0.29975653672863223,230,10.029855072463768,0.07083937725460417
36,0,Travel_Frequently,Research & Development,5,1,Technical Degree,4148,Male,1,Sales Executive,Married,13590,4.0,12,0,17.0,2,5,0,3,3,3,3.0,4.0,3.0,7.731271990740741,0.29215933490459833,240,9.950555555555555,0.07455106152177285
39,0,Travel_Rarely,Research & Development,2,1,Medical,4149,Female,1,Research Scientist,Married,47790,4.0,14,2,9.0,3,7,1,7,3,3,4.0,1.0,3.0,5.986141044061304,0.28409084332030543,232,9.979310344827585,0.08128966180690322
27,0,Travel_Rarely,Research & Development,8,2,Medical,4150,Male,1,Laboratory Technician,Married,164220,1.0,20,1,6.0,3,6,0,3,3,4,2.0,2.0,3.0,9.328113275613275,0.3038781151913296,231,9.99170274170274,0.08019051801660497
49,0,Travel_Frequently,Research & Development,6,1,Medical,4151,Male,3,Healthcare Representative,Married,29960,2.0,18,1,17.0,2,9,0,8,2,3,4.0,2.0,2.0,6.417208333333334,0.29037892952204236,240,9.981527777777778,0.078430013172168
34,0,Travel_Rarely,Sales,4,3,Medical,4152,Female,1,Sales Executive,Married,12610,2.0,14,1,6.0,6,4,1,2,3,3,2.0,3.0,4.0,6.4703896263520155,0.2689784798445429,226,9.996902654867258,0.08782740085217959
41,1,Travel_Rarely,Research & Development,7,2,Life Sciences,4153,Female,1,Research Scientist,Single,20990,8.0,12,1,8.0,2,6,0,5,3,3,2.0,4.0,1.0,8.586371082621083,0.2961281813956411,234,9.99408831908832,0.08054549335844044
49,0,Travel_Frequently,Sales,1,4,Life Sciences,4154,Female,2,Manufacturing Director,Married,58100,1.0,21,1,10.0,2,10,1,7,3,4,3.0,2.0,3.0,6.697658066015806,0.2976948097061964,239,9.987377963737798,0.0782958971594216
37,1,Travel_Rarely,Research & Development,2,3,Life Sciences,4155,Male,1,Sales Executive,Single,56470,6.0,19,0,7.0,2,0,0,0,3,3,4.0,3.0,3.0,8.49064932020628,0.3073311527003929,237,9.995710267229256,0.07033109649018258
33,0,Travel_Frequently,Research & Development,10,2,Medical,4156,Male,2,Research Scientist,Married,34200,1.0,14,0,8.0,3,8,3,0,3,3,4.0,3.0,3.0,9.49848816029144,0.29399236297366954,244,10.020765027322405,0.07880800857526216
27,0,Travel_Rarely,Sales,5,4,Medical,4157,Female,4,Manufacturing Director,Married,44000,9.0,17,1,6.0,3,2,2,2,2,3,1.0,2.0,3.0,6.415852741387676,0.3074409716093501,229,10.01259097525473,0.06843117163359641
32,0,Travel_Frequently,Research & Development,9,2,Medical,4158,Female,2,Research Scientist,Single,35000,0.0,16,1,8.0,2,7,3,6,2,3,4.0,4.0,2.0,7.343237667127709,0.29095779179220616,241,9.979668049792531,0.08879785231289383
59,0,Travel_Rarely,Sales,2,2,Marketing,4159,Female,5,Sales Representative,Married,20660,4.0,12,1,12.0,3,1,0,0,3,3,3.0,1.0,2.0,10.021274231678488,0.27357677929339497,235,10.00886524822695,0.07395359762381047
30,0,Travel_Rarely,Research & Development,11,4,Medical,4160,Male,2,Laboratory Technician,Divorced,171690,1.0,17,2,1.0,2,1,0,0,3,3,4.0,3.0,3.0,6.388534811635669,0.3018276841457941,233,10.006151645207439,0.0748494462532681
38,0,Travel_Frequently,Sales,18,4,Life Sciences,4161,Male,2,Healthcare Representative,Single,41620,0.0,15,1,10.0,1,9,1,8,3,3,4.0,3.0,3.0,7.987472222222221,0.30872608574592636,230,9.977101449275361,0.08404638946902102
36,0,Travel_Rarely,Research & Development,7,3,Life Sciences,4162,Male,1,Sales Executive,Married,92040,6.0,23,1,17.0,2,7,7,7,3,4,3.0,3.0,2.0,7.807432336182336,0.30382087862752144,234,9.984757834757835,0.08777097114722292
35,0,Travel_Rarely,Human Resources,3,4,Human Resources,4163,Male,2,Manager,Married,32940,0.0,11,0,6.0,2,5,0,3,3,3,1.0,2.0,3.0,7.5059746168582375,0.30856644160580327,232,10.00043103448276,0.0736530120581845
29,0,Travel_Rarely,Sales,29,4,Life Sciences,4164,Male,2,Laboratory Technician,Single,21270,0.0,11,1,10.0,3,9,0,8,2,3,4.0,3.0,3.0,10.701363127240143,0.29509004947280604,248,9.994153225806452,0.06375897417758622
31,0,Travel_Rarely,Research & Development,2,2,Medical,4165,Male,2,Laboratory Technician,Divorced,39750,1.0,15,1,5.0,3,5,4,3,3,3,1.0,3.0,2.0,6.289178436911488,0.30328876328500176,236,9.995762711864407,0.09648078695356022
34,0,Travel_Rarely,Research & Development,28,3,Technical Degree,4166,Male,1,Laboratory Technician,Divorced,107930,0.0,11,3,3.0,1,2,1,2,2,3,2.0,4.0,3.0,7.597329244829245,0.2996323536262829,231,9.969913419913421,0.07310173160173168
28,1,Travel_Rarely,Research & Development,1,4,Life Sciences,4167,Male,5,Research Director,Single,100960,5.0,13,0,6.0,2,4,0,3,3,3,3.0,3.0,3.0,10.496136584182436,0.28986813963463154,229,9.976637554585155,0.07847105178034852
29,0,Travel_Rarely,Research & Development,16,2,Life Sciences,4168,Female,4,Laboratory Technician,Divorced,36460,1.0,14,0,10.0,3,10,8,8,4,3,2.0,1.0,3.0,8.015278964862299,0.29275881823035504,234,10.001210826210826,0.07464683471300065
32,0,Travel_Rarely,Human Resources,22,3,Human Resources,4169,Female,2,Research Director,Divorced,74460,0.0,19,0,7.0,3,6,0,5,3,3,1.0,2.0,2.0,10.699560669456067,0.3002930052769208,239,10.016178521617853,0.07878477471881364
22,0,Non-Travel,Research & Development,8,3,Life Sciences,4170,Female,3,Sales Executive,Divorced,108510,1.0,16,1,1.0,2,1,0,0,4,3,4.0,4.0,2.0,9.981459836459836,0.2908628559933766,231,9.987806637806637,0.07284946776251133
53,0,Travel_Rarely,Research & Development,11,3,Medical,4171,Male,2,Manager,Married,21090,2.0,13,0,31.0,3,25,3,7,3,3,1.0,4.0,3.0,8.030597928436912,0.3075038405203261,236,10.041313559322035,0.07594195516288017
38,0,Travel_Rarely,Research & Development,29,3,Life Sciences,4172,Female,1,Manufacturing Director,Single,37220,5.0,14,0,6.0,0,3,1,2,3,3,4.0,4.0,3.0,9.70982456140351,0.2812350765965493,247,9.981241565452093,0.07790549831949063
24,0,Non-Travel,Research & Development,1,5,Life Sciences,4173,Male,3,Research Scientist,Divorced,93800,0.0,16,0,5.0,2,4,1,3,2,3,1.0,3.0,2.0,6.899938936781609,0.29278074738666626,232,9.967959770114943,0.08525325089980262
36,1,Travel_Rarely,Research & Development,1,3,Life Sciences,4174,Male,1,Research Director,Single,54860,7.0,12,1,10.0,2,5,0,3,3,3,3.0,1.0,3.0,6.495408357075024,0.28517057136427476,234,10.007478632478632,0.0777681027841972
34,0,Travel_Rarely,Sales,24,3,Marketing,4175,Male,4,Research Scientist,Single,27420,0.0,11,1,13.0,2,12,2,11,3,3,1.0,2.0,3.0,6.142811342592593,0.2937645960402941,240,10.019097222222221,0.07336575526886716
21,0,Travel_Rarely,Sales,2,3,Life Sciences,4176,Male,2,Manufacturing Director,Single,137570,1.0,12,1,0.0,3,0,0,0,3,3,3.0,4.0,3.0,5.986162280701755,0.3059507691193923,228,10.009722222222223,0.06745156224506443
34,1,Travel_Rarely,Sales,15,2,Marketing,4177,Female,2,Research Scientist,Single,84630,2.0,13,0,8.0,2,4,1,3,1,3,2.0,1.0,3.0,7.79967320261438,0.31872474655425886,238,10.002450980392156,0.07001858056865502
53,0,Travel_Rarely,Sales,2,1,Life Sciences,4178,Male,5,Human Resources,Divorced,31620,4.0,15,0,26.0,4,14,4,8,3,3,3.0,3.0,2.0,7.515122448979591,0.3176591398116833,245,10.002925170068025,0.08108088918627566
32,1,Travel_Frequently,Research & Development,10,3,Medical,4179,Female,2,Manufacturing Director,Single,165980,1.0,13,0,10.0,2,10,6,7,3,3,2.0,1.0,3.0,9.541501661918328,0.2890185095560152,234,9.969088319088318,0.07189444424065301
42,0,Travel_Rarely,Research & Development,10,3,Technical Degree,4180,Male,2,Laboratory Technician,Married,66510,0.0,20,0,10.0,5,9,4,2,2,4,3.0,2.0,3.0,6.92253032508491,0.31733114547873453,229,9.978093158660846,0.07842027588378998
44,0,Travel_Rarely,Research & Development,3,1,Life Sciences,4181,Female,1,Manufacturing Director,Married,23450,3.0,15,2,24.0,0,22,5,17,3,3,1.0,4.0,3.0,7.089795381801555,0.31087954779616084,243,9.97798353909465,0.0957540897187361
46,0,Travel_Rarely,Sales,2,3,Life Sciences,4182,Female,1,Research Scientist,Single,34200,3.0,13,2,22.0,3,2,2,1,1,3,2.0,1.0,2.0,8.047628472222222,0.314888867472205,240,10.016597222222224,0.08309274271656589
33,0,Travel_Rarely,Sales,3,3,Medical,4183,Male,1,Manufacturing Director,Single,43730,4.0,14,0,7.0,3,1,0,0,3,3,3.0,4.0,3.0,6.498398345153665,0.27543208913127365,235,9.970212765957447,0.09571149299872703
44,0,Travel_Rarely,Human Resources,26,3,Life Sciences,4184,Male,5,Healthcare Representative,Married,47590,2.0,21,0,9.0,2,4,1,3,3,4,4.0,4.0,4.0,8.49551521438451,0.30949112263318884,241,9.97939142461964,0.08075870216689719
30,0,Travel_Rarely,Research & Development,1,4,Technical Degree,4185,Female,1,Research Scientist,Single,53010,1.0,16,1,10.0,3,10,1,8,3,3,4.0,3.0,3.0,6.059143421664341,0.3122893409304075,239,9.987029288702928,0.09936186608534626
39,1,Travel_Rarely,Human Resources,1,4,Medical,4186,Male,1,Sales Executive,Married,36730,3.0,14,1,19.0,3,1,0,0,3,3,4.0,4.0,4.0,6.507941447671738,0.32347919160428446,241,10.014591977869985,0.07532438143537735
24,1,Travel_Rarely,Human Resources,2,5,Human Resources,4187,Male,3,Sales Executive,Married,47680,2.0,11,1,6.0,2,2,2,0,2,3,2.0,4.0,2.0,9.683534013605444,0.29266135419156436,245,10.001020408163265,0.07060573956358497
43,0,Travel_Rarely,Sales,9,5,Technical Degree,4188,Female,1,Research Director,Divorced,12740,1.0,19,0,6.0,3,5,1,4,2,3,4.0,3.0,2.0,6.5083962488129155,0.307601645830329,234,10.009116809116808,0.08075582129945501
50,1,Travel_Rarely,Research & Development,12,4,Medical,4189,Male,1,Research Director,Married,49000,1.0,11,0,3.0,3,3,0,2,2,3,1.0,3.0,3.0,8.930534934497816,0.29008611227026987,229,9.99490538573508,0.07873611430322534
35,0,Travel_Rarely,Sales,2,4,Marketing,4190,Male,3,Manufacturing Director,Married,104660,1.0,13,0,2.0,1,2,2,2,3,3,4.0,4.0,3.0,7.090280162136385,0.2779358697531497,233,9.987124463519313,0.0695389657638992
36,0,Travel_Rarely,Research & Development,25,1,Life Sciences,4191,Female,4,Sales Executive,Married,170070,9.0,12,1,6.0,2,1,0,0,2,3,2.0,1.0,4.0,9.11446905766526,0.3034350788415478,237,9.961111111111112,0.08181575643440056
33,0,Travel_Frequently,Sales,9,2,Marketing,4192,Male,4,Human Resources,Married,29090,2.0,11,0,10.0,2,5,1,3,2,3,3.0,1.0,3.0,6.563536727103673,0.3159554424300254,239,10.005997210599721,0.07079021287734073
35,0,Travel_Rarely,Research & Development,10,1,Medical,4193,Male,1,Research Scientist,Divorced,57650,1.0,14,1,1.0,2,1,0,0,3,3,3.0,4.0,3.0,6.195321576763487,0.2741719752152085,241,9.97399723374827,0.07934187221453809
27,0,Travel_Rarely,Sales,8,2,Marketing,4194,Female,3,Research Scientist,Divorced,45990,1.0,15,1,1.0,3,1,0,0,2,3,4.0,1.0,3.0,7.592880055788005,0.29387921828853225,239,9.97747559274756,0.08549308705351041
26,1,Travel_Rarely,Sales,4,3,Marketing,4195,Male,2,Manager,Single,24040,1.0,12,0,1.0,6,1,0,1,3,3,1.0,3.0,2.0,7.717430254930256,0.3070884001493982,231,10.007287157287157,0.0781314490662316
27,0,Travel_Frequently,Sales,24,3,Life Sciences,4196,Male,4,Healthcare Representative,Single,31720,1.0,20,1,9.0,1,9,1,7,3,4,4.0,3.0,3.0,6.806234161793373,0.2963108200221199,228,9.976681286549708,0.07193915788614962
30,0,Travel_Frequently,Research & Development,1,4,Medical,4197,Male,1,Research Scientist,Single,20330,1.0,14,1,12.0,3,12,3,7,1,3,3.0,4.0,3.0,6.819847940613027,0.3263711816952559,232,9.999353448275864,0.07394979661143448
41,1,Travel_Rarely,Sales,20,4,Marketing,4198,Male,2,Sales Executive,Married,102090,1.0,13,1,23.0,2,22,15,8,3,3,2.0,3.0,3.0,5.989205182072829,0.312494936367982,238,10.009593837535014,0.07463682449069622
34,0,Non-Travel,Research & Development,7,2,Technical Degree,4199,Female,1,Research Scientist,Single,86200,0.0,13,1,10.0,2,9,8,7,2,3,2.0,3.0,3.0,7.813032503457816,0.3119728673132292,241,10.007123098201935,0.06729280006147226
37,0,Travel_Rarely,Research & Development,17,3,Life Sciences,4200,Female,3,Sales Executive,Married,20640,4.0,16,0,8.0,3,1,0,0,2,3,2.0,2.0,3.0,6.091138032305434,0.31325139963557774,227,10.011160058737152,0.08209220779783333
46,0,Travel_Frequently,Research & Development,20,3,Technical Degree,4201,Male,3,Sales Executive,Single,40350,4.0,14,1,14.0,2,9,0,8,3,3,1.0,4.0,3.0,9.277514124293786,0.28053589179845095,236,9.984322033898305,0.07309358095924996
35,0,Travel_Rarely,Research & Development,8,4,Medical,4202,Female,3,Research Scientist,Married,38380,1.0,16,1,1.0,2,1,0,1,3,3,4.0,4.0,3.0,6.892216459197787,0.32051717171034133,241,9.982503457814662,0.09058958621484553
48,1,Travel_Rarely,Research & Development,2,4,Technical Degree,4203,Female,1,Sales Executive,Single,45910,9.0,16,0,23.0,6,1,0,0,1,3,1.0,3.0,3.0,9.344940898345154,0.2860841073298945,235,10.022340425531915,0.08451657877189792
28,1,Travel_Rarely,Research & Development,10,1,Medical,4204,Male,1,Sales Executive,Single,25610,1.0,22,1,2.0,3,2,2,2,3,4,3.0,3.0,2.0,10.71907327586207,0.3019377442014786,232,10.036781609195405,0.07729445522548976
44,0,Travel_Rarely,Research & Development,1,1,Medical,4205,Female,3,Research Scientist,Divorced,15630,5.0,12,2,9.0,3,4,1,3,3,3,2.0,1.0,2.0,9.40453509995351,0.2932861924619815,239,9.978103207810321,0.07671039266473674
35,0,Non-Travel,Research & Development,5,4,Technical Degree,4206,Female,3,Manufacturing Director,Married,48980,2.0,15,2,10.0,2,4,2,3,3,3,3.0,1.0,3.0,9.545177730696796,0.30691931659369853,236,9.98545197740113,0.07547066955162879
26,0,Travel_Rarely,Research & Development,4,4,Life Sciences,4207,Female,3,Sales Executive,Married,47890,7.0,20,1,5.0,2,2,0,0,3,4,3.0,4.0,2.0,10.211988555078687,0.3028520019155843,233,9.999928469241775,0.07728328030190923
33,0,Travel_Frequently,Sales,29,4,Life Sciences,4208,Female,1,Human Resources,Single,31800,1.0,14,1,15.0,2,15,8,12,3,3,1.0,4.0,3.0,8.229783821478382,0.2835542732417983,239,10.016178521617853,0.08298878965812263
35,0,Travel_Frequently,Research & Development,15,3,Medical,4209,Male,3,Manufacturing Director,Married,65490,1.0,20,0,9.0,3,9,1,8,3,4,2.0,1.0,2.0,6.509724596391263,0.2868878969028632,234,9.99750712250712,0.0729897054807641
35,0,Travel_Rarely,Human Resources,3,2,Life Sciences,4210,Female,1,Laboratory Technician,Married,63880,3.0,13,0,4.0,6,2,2,2,2,3,3.0,1.0,3.0,8.808449975949976,0.2945080918974925,231,9.973737373737373,0.0757517200995462
31,0,Travel_Rarely,Sales,10,2,Life Sciences,4211,Female,2,Research Scientist,Divorced,112440,3.0,12,1,10.0,3,7,1,7,3,3,4.0,4.0,2.0,6.109294326241135,0.3113994212351661,235,10.010212765957448,0.0741806288011962
37,0,Travel_Rarely,Sales,4,3,Marketing,4212,Male,4,Human Resources,Divorced,160320,1.0,13,0,7.0,2,7,0,7,3,3,1.0,3.0,4.0,7.374041727316836,0.2833310021884625,229,9.97401746724891,0.08095815563897611
32,0,Travel_Rarely,Research & Development,21,3,Other,4213,Male,2,Sales Executive,Married,23620,1.0,11,0,9.0,2,9,7,8,3,3,1.0,4.0,3.0,8.126881914381915,0.29202990166127785,231,9.99025974025974,0.06850012547838637
38,0,Travel_Frequently,Research & Development,25,3,Medical,4214,Male,2,Manufacturing Director,Single,163280,1.0,17,3,10.0,2,10,9,9,3,3,4.0,4.0,3.0,6.234996513249652,0.3111530088846865,239,9.989609483960948,0.0746476526454376
50,0,Travel_Rarely,Sales,2,4,Marketing,4215,Female,4,Research Scientist,Divorced,83760,5.0,14,3,29.0,2,27,13,8,3,3,2.0,3.0,2.0,9.482685569386813,0.30763805986218,241,10.023582295988936,0.07427373405563237
59,0,Travel_Rarely,Research & Development,1,3,Technical Degree,4216,Male,1,Laboratory Technician,Single,166060,7.0,11,0,28.0,6,21,7,9,3,3,1.0,1.0,2.0,6.880628415300547,0.30096898247059806,244,9.966393442622952,0.0897164316715015
36,0,Travel_Rarely,Sales,1,2,Marketing,4217,Female,2,Sales Executive,Divorced,86060,1.0,14,2,17.0,3,17,12,8,3,3,3.0,3.0,3.0,5.989278262979137,0.3139592402915002,229,10.006768558951963,0.07209214356852839
55,0,Travel_Rarely,Research & Development,7,3,Medical,4218,Male,3,Research Scientist,Divorced,22720,2.0,17,1,21.0,2,5,0,2,3,3,4.0,3.0,3.0,8.108733796296296,0.3070230593789905,240,9.994374999999998,0.0675193659925616
36,0,Travel_Frequently,Research & Development,3,3,Life Sciences,4219,Female,2,Laboratory Technician,Single,20180,1.0,13,0,6.0,5,6,0,3,3,3,2.0,2.0,3.0,7.2190325670498074,0.3181511064051361,232,9.955459770114944,0.07403211092866259
45,0,Travel_Rarely,Research & Development,1,2,Medical,4220,Female,1,Sales Executive,Divorced,70830,2.0,12,1,25.0,5,1,0,0,3,3,2.0,3.0,3.0,6.76187922705314,0.29342718785092936,230,9.978478260869567,0.06499209438221205
35,0,Travel_Frequently,Human Resources,9,3,Other,4221,Female,2,Sales Representative,Married,40840,4.0,13,1,5.0,3,3,1,2,3,3,2.0,1.0,2.0,6.108751835535975,0.28910062556002847,227,10.001615271659325,0.0786625710931781
36,1,Travel_Rarely,Sales,7,2,Life Sciences,4222,Male,4,Laboratory Technician,Married,144110,0.0,18,3,2.0,2,1,0,0,4,3,4.0,3.0,2.0,8.89545844625113,0.29354096612796404,246,9.996951219512194,0.08821402300757696
59,0,Travel_Frequently,Research & Development,10,4,Life Sciences,4223,Male,3,Research Scientist,Single,23080,7.0,19,1,20.0,4,4,1,3,2,3,1.0,3.0,2.0,6.798518131101813,0.3107584260544412,239,9.972524407252441,0.07617702729627415
29,0,Travel_Rarely,Research & Development,28,4,Life Sciences,4224,Female,1,Sales Representative,Married,48410,0.0,11,0,6.0,3,5,0,4,3,3,3.0,2.0,3.0,7.813715846994535,0.2847990819963534,244,9.980054644808742,0.08726629787042653
31,0,Travel_Rarely,Research & Development,3,2,Medical,4225,Female,3,Sales Executive,Single,42850,1.0,21,1,1.0,2,1,1,0,1,4,3.0,2.0,3.0,6.348673795476893,0.2986287140899136,226,9.964823008849558,0.08688917841144989
32,0,Travel_Rarely,Sales,3,4,Life Sciences,4226,Male,2,Manufacturing Director,Married,97150,1.0,15,1,10.0,1,10,0,9,2,3,2.0,2.0,3.0,7.515204011065007,0.29986440212078497,241,9.968879668049793,0.07701823036729684
31,0,Travel_Rarely,Research & Development,27,3,Medical,4228,Female,2,Research Director,Single,21320,1.0,18,0,11.0,3,11,1,8,3,3,3.0,4.0,3.0,6.118682367149759,0.2994345668923309,230,9.998623188405798,0.07164171571419527
35,0,Travel_Rarely,Research & Development,2,4,Medical,4229,Male,2,Healthcare Representative,Single,101240,0.0,14,1,16.0,2,15,2,8,4,3,3.0,1.0,3.0,5.999399906235349,0.2737638438149999,237,10.003797468354431,0.0840980416696465
45,0,Travel_Rarely,Human Resources,14,3,Human Resources,4230,Female,1,Sales Executive,Married,54730,4.0,13,0,17.0,3,0,0,0,1,3,4.0,1.0,4.0,8.909158496732028,0.2938948736326937,238,10.006022408963586,0.07552382134288317
37,0,Travel_Rarely,Research & Development,1,3,Life Sciences,4231,Female,3,Sales Executive,Single,52070,4.0,17,3,16.0,3,5,0,2,3,3,1.0,3.0,4.0,6.56862073112073,0.32659108020550914,231,9.994011544011544,0.0711391032477989
46,0,Travel_Rarely,Research & Development,9,3,Medical,4232,Male,3,Manager,Divorced,164370,8.0,15,1,16.0,0,4,0,2,3,3,2.0,2.0,3.0,10.306561930783241,0.2779223750943759,244,9.991256830601094,0.07406590358826742
30,0,Travel_Rarely,Sales,18,3,Life Sciences,4233,Male,4,Human Resources,Married,22960,1.0,18,1,10.0,2,10,3,0,3,3,4.0,4.0,2.0,9.17510808926081,0.28634462202052974,239,9.978800557880056,0.08872936761873502
35,0,Travel_Rarely,Research & Development,20,4,Life Sciences,4234,Female,3,Human Resources,Single,40690,1.0,13,0,6.0,5,6,0,4,3,3,2.0,3.0,3.0,7.8793479284369115,0.2793147605430272,236,9.998940677966102,0.08241376667868736
55,0,Travel_Rarely,Research & Development,2,3,Life Sciences,4235,Female,2,Laboratory Technician,Married,74410,3.0,12,1,24.0,4,1,1,0,3,3,1.0,4.0,3.0,6.696436781609195,0.2660135946868201,232,9.961206896551724,0.06932792622447789
38,0,Non-Travel,Sales,11,1,Marketing,4236,Male,2,Laboratory Technician,Divorced,24300,7.0,13,2,17.0,2,13,1,9,4,3,2.0,4.0,3.0,8.808586601307189,0.30350043607646576,238,9.98998599439776,0.07260557879973387
34,0,Travel_Rarely,Research & Development,8,2,Medical,4237,Male,1,Research Scientist,Married,58780,1.0,14,0,5.0,1,5,1,3,3,3,1.0,2.0,3.0,7.978471641097165,0.30266953289402065,239,9.982914923291492,0.06713101000511777
56,0,Travel_Rarely,Human Resources,2,1,Medical,4238,Male,2,Sales Executive,Single,26440,4.0,11,1,37.0,2,6,0,2,3,3,4.0,4.0,2.0,6.30531795224977,0.2958522045736845,242,9.994146005509641,0.07899394263266395
23,0,Travel_Rarely,Research & Development,10,3,Medical,4239,Male,2,Laboratory Technician,Divorced,64390,3.0,22,3,3.0,2,0,0,0,3,4,3.0,1.0,3.0,6.4012121212121205,0.2886716315720077,231,9.99025974025974,0.06960640567162307
51,0,Travel_Rarely,Research & Development,29,4,Life Sciences,4240,Female,5,Manufacturing Director,Married,24510,3.0,17,0,10.0,2,4,0,3,2,3,4.0,4.0,3.0,6.7253349336991315,0.28493239891563865,243,9.992386831275718,0.06993376526204816
30,0,Travel_Rarely,Sales,8,2,Technical Degree,4241,Male,1,Sales Representative,Married,63920,1.0,21,1,11.0,2,11,10,8,4,4,3.0,4.0,3.0,7.587324074074074,0.30299873139587274,240,9.996666666666666,0.06379404927940487
46,1,Travel_Rarely,Sales,1,2,Medical,4242,Female,2,Research Scientist,Single,97140,1.0,22,0,9.0,0,9,4,7,3,4,3.0,4.0,3.0,6.169058981889378,0.3149240832462071,227,10.001101321585903,0.08308752312017294
40,0,Travel_Frequently,Research & Development,6,3,Medical,4243,Male,1,Healthcare Representative,Married,60770,1.0,16,2,22.0,2,22,11,11,2,3,3.0,2.0,2.0,7.40623228166438,0.31841209988942926,243,9.980178326474624,0.08484078533180667
51,0,Travel_Rarely,Research & Development,8,4,Life Sciences,4244,Female,5,Sales Representative,Single,24500,0.0,12,1,11.0,2,10,1,0,3,3,3.0,4.0,1.0,10.096695968120018,0.2929895602065648,237,9.975527426160337,0.07908311282748089
30,0,Travel_Rarely,Research & Development,9,3,Life Sciences,4245,Male,1,Manufacturing Director,Divorced,92500,1.0,12,3,11.0,0,11,2,7,3,3,3.0,2.0,2.0,8.090893770339378,0.3046156532798154,239,10.016178521617853,0.09126143204841214
46,0,Travel_Frequently,Research & Development,12,1,Medical,4246,Male,1,Laboratory Technician,Married,20740,2.0,15,1,21.0,3,10,9,5,3,3,3.0,1.0,2.0,8.994402494331066,0.2832590683883796,245,9.978639455782314,0.07567573696145118
32,0,Travel_Rarely,Sales,15,3,Marketing,4247,Male,1,Research Scientist,Single,101690,1.0,14,0,12.0,6,11,5,7,2,3,2.0,3.0,3.0,7.266617852161786,0.3140811408855679,239,9.96492329149233,0.07274087877828954
54,0,Travel_Rarely,Research & Development,25,1,Medical,4248,Female,1,Laboratory Technician,Married,48550,9.0,25,1,16.0,2,4,0,3,2,4,1.0,3.0,1.0,7.627571256038648,0.30360247173230487,230,9.953913043478263,0.08481965276459295
24,0,Travel_Rarely,Sales,6,2,Marketing,4249,Male,2,Research Scientist,Married,40870,0.0,20,3,4.0,1,3,0,2,3,4,1.0,3.0,2.0,7.8056066945606695,0.28489822274268645,239,10.001255230125524,0.07717862319265222
28,0,Non-Travel,Sales,9,4,Medical,4250,Male,2,Laboratory Technician,Married,23670,1.0,13,0,5.0,2,5,0,4,2,3,2.0,3.0,4.0,5.9833804143126175,0.2956502292534826,236,9.973587570621469,0.07712683816163804
58,0,Travel_Rarely,Research & Development,8,4,Life Sciences,4251,Male,2,Sales Executive,Single,29720,0.0,14,0,38.0,2,37,1,8,4,3,4.0,3.0,2.0,7.1178888888888885,0.29703304741523257,240,9.985902777777776,0.07925766600805824
44,0,Non-Travel,Research & Development,23,2,Medical,4252,Female,1,Research Scientist,Married,195860,4.0,16,0,17.0,3,3,1,2,2,3,2.0,2.0,4.0,6.737136939571151,0.33382267806825117,228,9.960964912280701,0.07758359739289486
37,1,Travel_Rarely,Human Resources,9,3,Human Resources,4253,Male,2,Healthcare Representative,Divorced,54840,4.0,17,0,7.0,4,3,0,2,3,3,3.0,1.0,3.0,10.096624371284866,0.29242125886364556,243,10.008984910836762,0.09118500757670228
32,0,Travel_Rarely,Human Resources,12,2,Human Resources,4254,Female,1,Sales Representative,Single,20610,1.0,15,1,1.0,2,1,0,0,2,3,4.0,1.0,3.0,8.00071530758226,0.27124365771803466,233,9.983047210300429,0.07941323195698284
20,1,Travel_Frequently,Sales,4,4,Life Sciences,4255,Female,2,Healthcare Representative,Single,99240,1.0,22,0,1.0,3,1,1,0,3,4,4.0,4.0,3.0,10.716817657906871,0.29905722263928397,241,9.97503457814661,0.07508593629937002
34,0,Travel_Rarely,Research & Development,1,4,Other,4256,Male,4,Laboratory Technician,Single,41980,1.0,22,1,16.0,2,16,2,10,2,4,1.0,3.0,3.0,7.607830009496677,0.2866977735384598,234,9.970797720797723,0.0850639293414687
37,0,Non-Travel,Sales,24,2,Life Sciences,4257,Male,1,Research Scientist,Divorced,68150,5.0,20,1,17.0,3,1,0,0,3,4,3.0,4.0,4.0,7.75264407561088,0.29917628587112494,241,9.987828492392806,0.08171929268480098
59,0,Non-Travel,Research & Development,12,2,Life Sciences,4258,Male,2,Sales Executive,Married,47230,9.0,14,0,30.0,0,3,2,2,3,3,3.0,4.0,3.0,7.205767763471626,0.3221000870976388,233,9.987482117310444,0.08305742604377359
50,0,Travel_Frequently,Research & Development,3,4,Medical,4259,Male,4,Research Scientist,Married,61420,3.0,13,2,28.0,3,8,0,7,2,3,1.0,2.0,2.0,9.577194899817853,0.30018220835852827,244,10.01181693989071,0.06668991788286975
25,1,Travel_Rarely,Sales,10,1,Marketing,4260,Male,2,Research Director,Single,82370,1.0,13,0,6.0,6,6,0,3,2,3,3.0,3.0,3.0,8.478968089990818,0.2785495659723059,242,9.994421487603306,0.0860372158019273
25,0,Travel_Rarely,Research & Development,26,3,Technical Degree,4261,Male,1,Laboratory Technician,Married,88530,1.0,22,1,2.0,3,2,2,1,3,4,4.0,4.0,3.0,7.685013343037361,0.3115855357745958,229,9.99876273653566,0.062589836733999
22,0,Travel_Rarely,Research & Development,2,1,Life Sciences,4262,Male,1,Sales Representative,Single,193310,1.0,12,1,1.0,2,0,0,0,3,3,2.0,4.0,3.0,6.2889583333333325,0.2979700502086131,240,10.011458333333334,0.07705667422129238
51,0,Travel_Frequently,Research & Development,1,3,Life Sciences,4263,Female,1,Sales Executive,Single,20730,3.0,14,1,23.0,4,13,12,8,3,3,1.0,1.0,2.0,7.503041125541125,0.29351857975519735,231,10.025974025974026,0.07433932492628147
34,1,Travel_Frequently,Human Resources,4,4,Life Sciences,4264,Female,5,Sales Executive,Single,55620,1.0,15,0,9.0,3,9,0,6,3,3,1.0,3.0,3.0,8.177102836879431,0.3031957816606625,235,9.970709219858156,0.08361962781111718
54,0,Non-Travel,Research & Development,9,3,Life Sciences,4265,Male,1,Laboratory Technician,Single,196130,2.0,17,0,23.0,5,5,4,4,3,3,4.0,4.0,3.0,8.07852859135286,0.28729616760435883,239,9.946234309623431,0.08298762740800641
24,0,Travel_Rarely,Research & Development,2,1,Life Sciences,4266,Male,2,Laboratory Technician,Married,34070,0.0,13,1,6.0,4,5,1,2,3,3,2.0,3.0,3.0,6.515091390091391,0.31156231137821144,231,9.959235209235208,0.06636361545057196
34,0,Travel_Rarely,Sales,4,3,Marketing,4267,Female,2,Sales Representative,Divorced,50630,6.0,12,1,12.0,2,1,0,0,3,3,3.0,2.0,3.0,6.020694444444445,0.29376227330196303,230,9.979057971014491,0.07433511064700551
37,0,Travel_Rarely,Sales,6,1,Technical Degree,4268,Male,1,Laboratory Technician,Single,46390,2.0,12,2,12.0,3,5,1,3,3,3,3.0,4.0,3.0,6.211864568431092,0.2950627700657785,233,10.00214592274678,0.0784532295726243
34,0,Travel_Rarely,Sales,9,2,Medical,4269,Male,2,Healthcare Representative,Single,48760,2.0,21,1,14.0,3,11,5,8,3,4,3.0,1.0,3.0,7.862405002405002,0.3081612709093201,231,10.01089466089466,0.07800760189890629
36,0,Travel_Frequently,Human Resources,7,3,Medical,4270,Male,1,Research Scientist,Married,26900,0.0,11,0,10.0,1,9,2,8,3,3,2.0,4.0,3.0,8.021531914893618,0.26847038490502284,235,9.987801418439716,0.0717142813844941
36,0,Travel_Rarely,Research & Development,1,3,Medical,4271,Female,2,Manufacturing Director,Divorced,175670,5.0,13,0,7.0,6,1,0,0,3,3,1.0,4.0,3.0,7.500177595628415,0.30447697999823636,244,9.977322404371582,0.09044382978404435
43,0,Travel_Frequently,Research & Development,3,4,Life Sciences,4272,Male,1,Sales Executive,Married,24080,1.0,12,1,25.0,3,25,4,12,3,3,3.0,4.0,4.0,8.757728758169934,0.2985077207312579,238,10.018207282913165,0.0682020234254038
30,0,Travel_Frequently,Research & Development,10,3,Life Sciences,4273,Female,3,Healthcare Representative,Divorced,28140,1.0,24,0,10.0,2,10,0,9,3,4,1.0,3.0,2.0,7.892903187998124,0.28269955419727905,237,9.99353023909986,0.08109261643106307
33,0,Non-Travel,Sales,7,3,Life Sciences,4274,Male,2,Sales Executive,Married,112450,0.0,21,0,8.0,3,7,0,7,3,4,3.0,2.0,4.0,6.676623663412366,0.2742548469079156,239,9.97531380753138,0.07662192492059582
56,1,Travel_Rarely,Research & Development,15,3,Life Sciences,4275,Male,2,Laboratory Technician,Married,33120,9.0,19,0,7.0,1,5,4,3,1,3,2.0,2.0,3.0,8.992446493624774,0.3138135564106755,244,9.987158469945356,0.0764599308881843
51,0,Travel_Rarely,Research & Development,3,2,Other,4276,Female,2,Sales Representative,Single,190490,7.0,14,1,23.0,2,20,15,15,3,3,1.0,3.0,3.0,6.678879743941473,0.2797611160536825,243,9.982510288065845,0.07721235928306644
31,1,Travel_Rarely,Research & Development,2,4,Technical Degree,4277,Female,3,Sales Executive,Married,21410,4.0,20,0,12.0,2,7,7,7,3,4,2.0,3.0,2.0,8.390953856749311,0.30522723435608723,242,9.962396694214876,0.07593604852752352
26,0,Travel_Rarely,Sales,17,3,Medical,4278,Female,2,Manager,Married,57690,1.0,19,0,5.0,4,5,4,3,2,3,3.0,2.0,2.0,7.695775273224044,0.30086882983730423,244,9.987431693989071,0.08384687460178261
58,1,Travel_Rarely,Sales,2,2,Medical,4279,Female,1,Research Scientist,Married,43850,1.0,13,1,40.0,2,40,15,6,2,3,4.0,4.0,2.0,7.626250586029068,0.31415319733031477,237,9.990225035161744,0.08360814123499172
19,1,Travel_Rarely,Research & Development,5,2,Life Sciences,4280,Male,1,Manager,Single,53320,1.0,23,1,0.0,2,0,0,0,3,4,4.0,3.0,2.0,9.407780082987552,0.3092370348437324,241,9.995850622406639,0.07906835907484247
22,0,Travel_Rarely,Sales,29,4,Technical Degree,4281,Male,1,Sales Executive,Married,46630,0.0,13,1,3.0,1,2,2,1,3,3,3.0,4.0,3.0,6.380174220272905,0.3068981247076216,228,9.986403508771929,0.07319660200427645
49,0,Travel_Rarely,Research & Development,2,3,Life Sciences,4282,Female,1,Sales Executive,Married,47240,1.0,11,1,16.0,3,15,5,11,2,3,3.0,1.0,2.0,7.2257741347905275,0.30414055124937966,244,9.982650273224042,0.08021672400998449
43,0,Travel_Frequently,Sales,2,2,Life Sciences,4283,Male,1,Sales Executive,Single,32110,4.0,13,0,18.0,2,3,1,2,4,3,2.0,3.0,3.0,7.994240506329114,0.30635455490742697,237,10.00745428973277,0.07210992316066335
50,0,Travel_Frequently,Research & Development,19,4,Life Sciences,4284,Male,2,Sales Executive,Single,53770,4.0,14,1,16.0,3,2,2,1,4,3,3.0,4.0,3.0,7.110352564102565,0.3132305036981682,234,9.978703703703703,0.0697436152175065
31,1,Travel_Rarely,Research & Development,15,1,Medical,4285,Female,2,Sales Executive,Married,40660,3.0,22,0,4.0,2,2,2,2,2,4,2.0,3.0,3.0,8.409509015594542,0.29312860581661193,228,9.989912280701754,0.07735985521807462
41,0,Travel_Rarely,Research & Development,17,2,Other,4286,Male,1,Manufacturing Director,Divorced,52080,3.0,11,3,12.0,2,9,0,7,1,3,3.0,3.0,3.0,8.12291910331384,0.279591712560172,228,10.007529239766082,0.08403385866158299
26,0,Travel_Rarely,Research & Development,17,4,Life Sciences,4287,Male,2,Sales Executive,Married,48770,1.0,13,1,8.0,5,8,5,7,4,3,3.0,3.0,3.0,7.873234618916436,0.2974605464618429,242,9.976170798898073,0.08202547923596584
36,0,Travel_Rarely,Human Resources,25,1,Human Resources,4288,Male,2,Research Scientist,Divorced,31170,6.0,21,1,7.0,2,3,0,1,4,4,2.0,2.0,3.0,6.7485386989553655,0.3088190812066282,234,9.978347578347579,0.06763597976759642
51,1,Travel_Frequently,Research & Development,6,3,Life Sciences,4289,Female,1,Manager,Single,15690,2.0,11,0,18.0,2,4,0,3,4,3,1.0,4.0,3.0,7.190898903195039,0.2857031101812995,233,9.970886981402002,0.05788800297633732
39,0,Travel_Rarely,Research & Development,7,3,Life Sciences,4290,Female,1,Research Scientist,Married,196580,4.0,13,1,17.0,3,15,5,9,4,3,4.0,3.0,4.0,7.905141770401107,0.2927781918877891,241,9.971300138312587,0.07558145074535118
25,0,Travel_Rarely,Sales,29,1,Medical,4291,Female,3,Research Scientist,Married,30690,2.0,14,1,6.0,3,2,2,2,2,3,1.0,3.0,3.0,7.824501669051026,0.2909218905707,233,9.989914163090129,0.07561742555045789
30,0,Travel_Rarely,Research & Development,21,1,Medical,4292,Male,2,Laboratory Technician,Married,104350,0.0,11,0,12.0,5,11,4,7,3,3,3.0,4.0,1.0,10.019050141242937,0.2776771564034702,236,9.970550847457625,0.07803804042953887
32,1,Travel_Rarely,Research & Development,2,4,Life Sciences,4293,Female,2,Research Director,Single,41480,7.0,15,0,10.0,0,5,0,4,2,3,1.0,1.0,4.0,7.873010869565218,0.3098240879909587,230,9.975507246376813,0.08023445773474257
45,0,Travel_Rarely,Research & Development,2,1,Technical Degree,4294,Female,2,Healthcare Representative,Single,57680,5.0,23,1,9.0,4,6,0,3,3,4,3.0,4.0,2.0,7.431106538637403,0.3231294067209478,243,9.954732510288066,0.0763422950039112
38,0,Travel_Rarely,Research & Development,7,4,Life Sciences,4295,Female,2,Research Director,Single,50420,3.0,16,1,19.0,4,3,2,2,3,3,4.0,3.0,3.0,10.42669295839049,0.2994326904511374,243,9.968106995884774,0.0760918103594871
30,0,Travel_Rarely,Sales,13,3,Marketing,4296,Female,2,Laboratory Technician,Single,57700,1.0,16,1,5.0,2,5,0,4,4,3,1.0,3.0,2.0,6.679929981634527,0.3158599721953282,242,10.000068870523416,0.07489971861199698
32,0,Travel_Frequently,Sales,2,3,Marketing,4297,Male,3,Laboratory Technician,Divorced,77560,0.0,21,0,9.0,3,8,0,7,3,4,4.0,4.0,4.0,6.497091217855409,0.301816617296773,229,10.006331877729258,0.08648629093354432
30,0,Travel_Rarely,Research & Development,1,3,Medical,4298,Female,3,Sales Executive,Divorced,103060,5.0,13,0,8.0,5,3,2,2,3,3,4.0,1.0,3.0,6.717123842592594,0.3221483642327999,240,10.001041666666667,0.07075785971641092
30,0,Travel_Rarely,Sales,9,3,Medical,4299,Male,2,Research Scientist,Single,39360,0.0,11,1,6.0,3,5,1,2,3,3,2.0,4.0,3.0,6.389748677248678,0.3031721658607496,231,9.997186147186145,0.07153190287972905
41,0,Travel_Frequently,Sales,10,2,Medical,4300,Female,3,Manufacturing Director,Divorced,79450,4.0,12,1,21.0,6,7,7,7,2,3,4.0,1.0,2.0,7.291085648148148,0.2880483269770943,240,9.985833333333334,0.06712529056252904
41,0,Travel_Rarely,Research & Development,10,4,Medical,4301,Male,4,Research Scientist,Married,57430,2.0,12,3,7.0,2,5,1,4,4,3,3.0,1.0,3.0,8.00730787037037,0.2892496245668135,240,9.990347222222223,0.09328509511080126
19,0,Travel_Rarely,Research & Development,1,3,Other,4302,Female,5,Manufacturing Director,Single,152020,1.0,18,3,1.0,2,1,0,0,2,3,2.0,2.0,3.0,6.391567109144543,0.29936520629216296,226,10.011135693215339,0.07569396372773961
40,0,Travel_Frequently,Research & Development,26,4,Medical,4303,Male,2,Manufacturing Director,Divorced,54400,1.0,12,1,20.0,2,20,2,13,3,3,2.0,2.0,3.0,7.00086966713549,0.31133342989865626,237,9.999507735583684,0.08313652689376781
35,0,Travel_Rarely,Sales,8,1,Marketing,4304,Female,3,Laboratory Technician,Married,37600,1.0,14,3,10.0,2,10,0,6,3,3,3.0,2.0,3.0,7.405430032543004,0.2887891632330846,239,9.98828451882845,0.05828654055764561
53,0,Travel_Rarely,Sales,14,2,Life Sciences,4305,Female,5,Manufacturing Director,Married,35170,2.0,12,1,13.0,1,7,4,5,2,3,2.0,3.0,1.0,10.895969267139481,0.31312768276182557,235,10.002198581560283,0.07512216362570964
45,0,Travel_Rarely,Sales,1,4,Technical Degree,4306,Male,1,Research Scientist,Divorced,25800,8.0,17,3,20.0,3,17,0,15,3,3,2.0,2.0,3.0,6.787682811016144,0.29737197494562617,234,9.986823361823362,0.07779296532694252
32,0,Travel_Frequently,Sales,2,2,Life Sciences,4307,Female,1,Manufacturing Director,Single,21660,1.0,19,1,9.0,4,9,3,7,1,3,2.0,4.0,3.0,7.9063129251700675,0.2953261667032955,245,9.987142857142857,0.07706193078324225
29,0,Non-Travel,Research & Development,10,4,Technical Degree,4308,Male,3,Healthcare Representative,Married,58690,1.0,11,1,10.0,6,10,0,9,4,3,4.0,3.0,3.0,6.079574879227053,0.2902716664322564,230,10.00608695652174,0.06958433010568943
51,0,Travel_Rarely,Research & Development,1,3,Other,4309,Female,3,Research Director,Married,80080,2.0,15,1,10.0,4,1,0,0,3,3,2.0,3.0,3.0,7.573345410628019,0.3204906415102136,230,9.988260869565218,0.06814883024281168
58,0,Travel_Rarely,Sales,3,3,Marketing,4310,Female,1,Research Scientist,Married,52060,4.0,11,3,9.0,4,1,0,0,1,3,2.0,2.0,2.0,10.002300925925926,0.3049354293947774,240,9.99625,0.076680439330544
40,0,Travel_Rarely,Research & Development,11,2,Technical Degree,4311,Male,4,Laboratory Technician,Married,52950,7.0,18,0,15.0,4,12,2,11,3,3,3.0,4.0,2.0,6.209419934640523,0.2977095167813774,238,10.002310924369748,0.0638636009959539
34,0,Travel_Frequently,Sales,24,4,Marketing,4312,Male,2,Manufacturing Director,Married,164130,6.0,16,0,6.0,1,4,1,2,3,3,3.0,3.0,3.0,7.023323996265173,0.3040654411211627,238,9.992436974789916,0.07765470182447097
22,0,Travel_Rarely,Research & Development,3,3,Medical,4313,Male,1,Laboratory Technician,Married,132690,1.0,25,1,2.0,2,2,2,2,3,4,3.0,4.0,3.0,7.6878176328502414,0.2987120301946289,230,10.013550724637682,0.08359893361179664
27,0,Non-Travel,Research & Development,3,3,Medical,4314,Male,1,Healthcare Representative,Divorced,27830,6.0,16,1,6.0,2,2,2,2,4,3,4.0,2.0,1.0,6.283424753867791,0.28444415152675906,237,10.011603375527427,0.0753297158454314
28,0,Travel_Rarely,Sales,4,4,Life Sciences,4315,Male,2,Healthcare Representative,Married,54330,1.0,13,1,5.0,4,5,0,2,2,3,3.0,4.0,1.0,6.481372126436781,0.3179641156436344,232,9.975215517241379,0.07348480183609492
57,0,Travel_Rarely,Research & Development,3,3,Life Sciences,4316,Male,2,Manufacturing Director,Divorced,20130,3.0,14,1,12.0,5,5,1,4,3,3,3.0,4.0,1.0,10.911611811391223,0.2995182998527582,238,10.00483193277311,0.07713431293755187
27,0,Non-Travel,Research & Development,2,3,Life Sciences,4317,Male,1,Manufacturing Director,Divorced,139660,1.0,19,0,1.0,1,1,0,1,3,3,3.0,3.0,2.0,10.577804659498208,0.32177819297969296,248,9.98736559139785,0.08349919463671586
50,0,Travel_Rarely,Research & Development,4,3,Life Sciences,4318,Female,2,Manufacturing Director,Single,43740,3.0,15,1,21.0,5,5,4,4,4,3,3.0,2.0,3.0,6.260163194444445,0.2750464298290076,240,9.96125,0.09685338214783819
41,0,Travel_Rarely,Sales,7,4,Marketing,4319,Male,4,Laboratory Technician,Divorced,68420,4.0,12,1,13.0,3,9,1,8,3,3,1.0,3.0,3.0,6.183946808510638,0.28900434561800886,235,9.998156028368793,0.07212858903639047
30,0,Travel_Rarely,Human Resources,1,4,Human Resources,4320,Female,1,Manager,Married,174260,2.0,12,1,12.0,0,10,7,4,2,3,2.0,4.0,3.0,6.8905061205273075,0.2993454248650696,236,9.998587570621469,0.07669303201506586
38,0,Travel_Rarely,Sales,1,1,Medical,4321,Male,2,Laboratory Technician,Single,176030,4.0,16,0,12.0,0,8,0,7,2,3,1.0,4.0,4.0,6.283979441997064,0.3062673872351324,227,9.975624082232011,0.07110672531718493
32,0,Travel_Rarely,Research & Development,20,3,Medical,4322,Female,1,Manufacturing Director,Single,45810,3.0,14,1,8.0,3,5,1,4,3,3,3.0,3.0,3.0,6.9088636363636375,0.31487223544599835,231,9.981673881673883,0.08338249994771728
27,0,Travel_Rarely,Research & Development,5,4,Medical,4323,Male,2,Healthcare Representative,Married,47350,0.0,13,0,6.0,2,5,1,1,3,3,3.0,2.0,2.0,8.91656512605042,0.3220195496423136,238,9.979551820728291,0.07513566326671328
19,1,Travel_Frequently,Research & Development,10,2,Life Sciences,4324,Male,2,Healthcare Representative,Single,41870,0.0,22,1,1.0,4,0,0,0,3,4,3.0,1.0,4.0,7.487804735114861,0.28033731487607216,237,9.987412095639943,0.07362265290392297
36,0,Travel_Frequently,Sales,25,3,Marketing,4325,Female,2,Research Director,Single,55050,4.0,21,2,13.0,3,8,7,2,3,4,4.0,2.0,2.0,7.3757114392873895,0.29133557364563983,237,9.997116736990154,0.07038124667254685
30,0,Non-Travel,Sales,1,3,Medical,4326,Female,1,Sales Executive,Divorced,54700,1.0,18,1,12.0,2,12,6,10,3,3,3.0,1.0,3.0,6.768581306628517,0.3251117030165535,233,10.012875536480687,0.0717444255340141
45,0,Travel_Rarely,Research & Development,24,2,Medical,4327,Male,2,Sales Executive,Divorced,54760,4.0,13,1,9.0,3,5,0,3,3,3,3.0,1.0,4.0,8.1273556998557,0.30913798239176676,231,9.974458874458874,0.07551389673128808
56,0,Travel_Rarely,Research & Development,4,3,Life Sciences,4328,Male,4,Manager,Divorced,25870,4.0,12,0,19.0,2,2,2,2,2,3,3.0,1.0,3.0,8.299431330472103,0.2911339166585052,233,9.941344778254647,0.07492596155427286
33,0,Travel_Rarely,Research & Development,2,2,Medical,4329,Male,1,Sales Executive,Single,24400,0.0,18,3,4.0,4,3,0,2,3,3,3.0,4.0,4.0,6.815491363211952,0.28852658831737904,238,9.980602240896358,0.08059846371741387
19,1,Travel_Rarely,Research & Development,8,2,Life Sciences,4330,Male,2,Sales Executive,Single,159720,1.0,21,0,1.0,2,1,1,0,3,4,2.0,4.0,2.0,7.216332846003899,0.28629555256117023,228,10.015570175438597,0.07794911057011104
46,0,Travel_Rarely,Research & Development,10,3,Technical Degree,4331,Female,2,Laboratory Technician,Divorced,153790,1.0,12,0,24.0,1,24,15,7,1,3,2.0,1.0,3.0,6.874954462659381,0.3042519524545275,244,10.006898907103825,0.08861590377566392
38,0,Travel_Rarely,Sales,4,4,Life Sciences,4332,Male,1,Manufacturing Director,Single,70820,1.0,14,0,2.0,3,2,2,1,4,3,3.0,4.0,3.0,7.907437198067633,0.2918984986101299,230,9.97340579710145,0.07389543383330163
31,0,Travel_Rarely,Sales,2,5,Life Sciences,4333,Male,2,Sales Representative,Married,27280,8.0,11,0,7.0,3,4,0,2,4,3,3.0,4.0,3.0,10.40992290249433,0.31697536977749347,245,10.009387755102042,0.07001169101520388
34,0,Travel_Rarely,Sales,9,3,Marketing,4334,Female,2,Manager,Single,53680,2.0,14,1,9.0,2,3,1,2,3,3,4.0,2.0,3.0,6.191549707602339,0.3015747697153279,228,9.969371345029238,0.07533650956196157
41,1,Travel_Rarely,Research & Development,18,4,Life Sciences,4335,Male,5,Laboratory Technician,Single,53470,1.0,24,1,4.0,1,4,0,2,3,4,2.0,2.0,2.0,10.125495271867612,0.3118196318034089,235,9.972695035460992,0.07519973328483971
50,0,Travel_Rarely,Sales,19,4,Marketing,4336,Male,3,Sales Executive,Married,31950,2.0,11,0,5.0,4,3,0,2,2,3,3.0,3.0,2.0,6.774787439613526,0.291296473394716,230,9.964130434782609,0.08510634875429823
53,0,Travel_Rarely,Sales,1,2,Life Sciences,4337,Male,1,Manager,Divorced,39890,1.0,13,0,5.0,2,4,1,3,3,3,4.0,1.0,3.0,6.100402661064425,0.30235734545113496,238,9.980882352941176,0.08467633959350276
33,0,Travel_Rarely,Research & Development,4,3,Life Sciences,4338,Male,1,Human Resources,Married,33060,1.0,11,3,8.0,6,8,1,6,1,3,4.0,2.0,3.0,7.518541954817889,0.2966174148185021,241,9.981604426002766,0.07389398916551405
40,0,Travel_Rarely,Research & Development,11,3,Life Sciences,4339,Female,2,Sales Executive,Married,70050,1.0,20,2,21.0,2,20,9,9,3,4,4.0,3.0,3.0,6.1997328154425615,0.2955086752582225,236,9.963418079096046,0.07720216772849293
55,0,Travel_Rarely,Research & Development,6,1,Life Sciences,4340,Female,2,Laboratory Technician,Single,26550,8.0,17,0,36.0,0,24,2,15,2,3,3.0,2.0,3.0,6.076173872617387,0.29805383356589904,239,9.993444909344491,0.08018327414647879
34,0,Travel_Frequently,Human Resources,7,4,Other,4341,Female,1,Research Scientist,Married,13930,1.0,11,2,10.0,4,10,1,9,4,3,4.0,3.0,2.0,6.798693853427896,0.280522022027317,235,9.974113475177306,0.07896733749570628
51,0,Travel_Rarely,Human Resources,4,2,Human Resources,4342,Male,2,Sales Representative,Single,25700,3.0,18,0,21.0,2,7,1,0,3,3,4.0,2.0,3.0,7.40208273724368,0.28747252992718997,233,9.99406294706724,0.08094280828112421
52,0,Travel_Rarely,Research & Development,2,4,Medical,4343,Female,2,Sales Representative,Married,35370,0.0,11,1,34.0,3,33,11,9,3,3,3.0,3.0,3.0,6.283778756730298,0.2917967415605577,227,10.001101321585903,0.07623157425094969
27,0,Travel_Rarely,Sales,15,3,Marketing,4344,Male,1,Research Scientist,Single,39860,1.0,12,2,7.0,3,7,0,3,3,3,4.0,2.0,2.0,7.487984633569741,0.2876106153881614,235,9.969929078014184,0.06911799114990608
35,1,Travel_Rarely,Research & Development,2,4,Life Sciences,4345,Female,2,Research Director,Married,108830,3.0,12,0,8.0,3,1,0,1,4,3,2.0,3.0,3.0,8.99865587695133,0.30638531073250036,242,9.951515151515151,0.08597279852466568
43,0,Non-Travel,Research & Development,6,2,Medical,4346,Male,1,Healthcare Representative,Divorced,20280,4.0,20,1,7.0,2,5,2,2,2,4,4.0,3.0,4.0,8.022017797017797,0.31793392337650894,231,10.023809523809524,0.08110213940648715
45,0,Non-Travel,Research & Development,9,2,Medical,4347,Female,1,Sales Executive,Married,95250,9.0,19,0,22.0,3,20,11,8,3,3,1.0,4.0,3.0,6.252302098235575,0.27734433360263067,233,9.97925608011445,0.08363871622843799
37,0,Travel_Rarely,Research & Development,7,3,Life Sciences,4348,Female,1,Research Scientist,Married,29290,1.0,12,0,8.0,2,8,1,7,1,3,2.0,1.0,2.0,10.093918856615954,0.3017546067910026,241,9.971161825726142,0.08491836675887504
35,0,Travel_Frequently,Research & Development,1,3,Other,4349,Male,2,Research Director,Single,22750,5.0,13,0,10.0,2,6,1,2,4,3,2.0,2.0,3.0,6.084731481481482,0.31280446490217717,240,10.00125,0.07545635750813572
42,0,Non-Travel,Research & Development,1,1,Technical Degree,4350,Male,2,Sales Executive,Divorced,78790,2.0,11,1,11.0,2,5,0,2,3,3,3.0,3.0,3.0,6.387923059042306,0.3011356024892216,239,9.985076708507671,0.07739307298930717
38,0,Travel_Rarely,Sales,8,2,Marketing,4351,Male,5,Research Scientist,Married,49300,9.0,14,0,14.0,0,1,0,0,3,3,4.0,3.0,3.0,6.297548463356973,0.2891276269945381,235,9.987517730496453,0.0670918651876098
38,0,Travel_Rarely,Human Resources,25,1,Human Resources,4352,Female,1,Manufacturing Director,Married,78470,3.0,14,1,9.0,3,7,1,7,4,3,4.0,4.0,1.0,7.292095204178538,0.28773802694162165,234,10.015170940170941,0.077912631598254
27,0,Travel_Frequently,Research & Development,13,4,Medical,4353,Male,1,Manager,Married,44010,5.0,13,0,6.0,4,2,2,0,2,3,3.0,1.0,3.0,6.508089120370371,0.30894832384828635,240,10.009652777777777,0.07748779153107072
49,0,Non-Travel,Research & Development,23,1,Other,4354,Female,2,Sales Executive,Divorced,92410,1.0,19,1,7.0,5,7,1,7,3,3,4.0,4.0,3.0,9.578439046333784,0.29561635204765435,247,10.020242914979757,0.08137491816888473
34,0,Travel_Frequently,Research & Development,7,2,Medical,4355,Male,4,Sales Representative,Divorced,29740,1.0,23,0,5.0,2,5,2,0,3,4,4.0,3.0,4.0,10.523336834733895,0.29883611272705307,238,9.985014005602242,0.07099810106883814
40,0,Travel_Rarely,Research & Development,23,3,Medical,4356,Female,1,Laboratory Technician,Married,45020,8.0,12,2,15.0,0,7,3,7,2,3,3.0,4.0,4.0,10.387393857271908,0.2802658806747658,246,9.974390243902437,0.0726634588794868
38,1,Travel_Rarely,Sales,6,4,Life Sciences,4357,Female,3,Research Scientist,Married,107480,7.0,15,0,17.0,3,1,0,0,3,3,2.0,1.0,3.0,8.37882823871907,0.30624688266867256,229,10.004221251819505,0.07824477344501483
29,1,Travel_Rarely,Sales,10,2,Life Sciences,4358,Female,2,Research Scientist,Married,15550,1.0,19,2,10.0,2,10,1,9,3,3,2.0,4.0,2.0,6.695554331864905,0.32470585809589425,227,10.015271659324522,0.07505827149905343
22,0,Travel_Rarely,Research & Development,1,3,Life Sciences,4359,Female,4,Healthcare Representative,Divorced,129360,1.0,11,2,4.0,3,4,2,2,3,3,4.0,2.0,2.0,8.511136584182436,0.3083383355945293,229,9.98551673944687,0.07669111826144691
36,0,Travel_Frequently,Research & Development,1,3,Life Sciences,4360,Female,2,Laboratory Technician,Single,23050,1.0,17,0,8.0,3,8,1,7,3,3,2.0,4.0,3.0,7.498819158664837,0.30296107042002157,243,9.992181069958848,0.08271638948406632
40,0,Non-Travel,Research & Development,28,2,Life Sciences,4361,Male,1,Manufacturing Director,Married,167040,9.0,22,0,5.0,2,3,0,2,4,4,4.0,4.0,1.0,6.102570048309179,0.2932435926040304,230,9.968043478260867,0.07687218635951315
46,0,Travel_Rarely,Research & Development,25,1,Medical,4362,Male,5,Research Scientist,Divorced,34330,7.0,18,0,17.0,3,4,0,3,3,3,4.0,1.0,3.0,6.036308668582376,0.31016309946869314,232,10.00344827586207,0.0811304340614686
32,1,Travel_Rarely,Research & Development,5,3,Medical,4363,Male,1,Healthcare Representative,Married,34770,1.0,11,0,14.0,2,14,9,8,4,3,4.0,4.0,2.0,7.797340579710145,0.28219930450773106,230,9.97036231884058,0.07933247368310015
30,0,Non-Travel,Research & Development,17,4,Life Sciences,4364,Male,2,Healthcare Representative,Single,64300,1.0,12,1,12.0,2,11,5,8,2,3,3.0,3.0,3.0,7.963074229691877,0.30215222292148325,238,9.983333333333333,0.08002109704641355
27,0,Travel_Frequently,Research & Development,18,2,Medical,4365,Female,1,Laboratory Technician,Single,65160,1.0,19,1,7.0,4,7,0,7,3,3,4.0,3.0,3.0,6.196217494089835,0.2644083927313979,235,9.99368794326241,0.08284341597462168
51,0,Travel_Rarely,Research & Development,2,1,Medical,4366,Female,1,Manufacturing Director,Married,39070,5.0,13,0,16.0,2,10,4,7,3,3,2.0,2.0,1.0,6.716984978540772,0.30751591571843523,233,10.026466380543635,0.0668755344252051
30,1,Travel_Rarely,Research & Development,10,4,Life Sciences,4367,Female,2,Research Scientist,Single,55620,5.0,13,0,8.0,3,5,0,4,2,3,4.0,1.0,3.0,8.493341678588461,0.2751141900228283,233,9.99656652360515,0.08027312211204847
41,0,Travel_Rarely,Research & Development,1,3,Life Sciences,4368,Male,2,Human Resources,Single,68830,3.0,19,2,16.0,3,1,0,0,2,3,4.0,4.0,3.0,9.079756515775033,0.315606288064744,243,10.001851851851852,0.08542011019283738
30,1,Travel_Frequently,Sales,3,2,Medical,4369,Male,2,Healthcare Representative,Single,28620,5.0,14,0,9.0,2,6,0,1,2,3,3.0,1.0,2.0,6.992415458937199,0.2960999666862453,230,9.97768115942029,0.0626219648545451
29,1,Travel_Rarely,Research & Development,2,3,Life Sciences,4370,Male,1,Sales Executive,Single,49780,0.0,13,0,7.0,3,6,1,5,2,3,3.0,3.0,2.0,7.816956115779645,0.3072521196842652,238,9.981162464985994,0.07250229979474201
45,0,Non-Travel,Research & Development,2,3,Medical,4371,Female,2,Research Scientist,Single,103680,6.0,12,2,23.0,2,19,12,8,3,3,4.0,4.0,3.0,6.608641843971631,0.31688251394957406,235,9.96808510638298,0.08779000222262642
54,0,Travel_Rarely,Sales,8,2,Marketing,4372,Female,2,Laboratory Technician,Married,61340,2.0,19,0,16.0,2,6,0,5,2,3,4.0,1.0,3.0,6.409974851394604,0.28264351942531285,243,9.995747599451303,0.08254841720610523
36,0,Travel_Rarely,Research & Development,16,4,Life Sciences,4373,Male,1,Healthcare Representative,Single,67350,8.0,25,2,16.0,3,13,3,7,2,4,4.0,2.0,4.0,7.5909802571166205,0.30122271569142506,242,9.992148760330577,0.08153330742353751
33,0,Travel_Rarely,Sales,9,1,Other,4374,Female,3,Sales Executive,Married,32950,6.0,22,2,7.0,2,3,1,1,3,4,3.0,2.0,3.0,7.464012345679012,0.3020035034318201,243,10.01172839506173,0.07147229874502599
37,0,Travel_Frequently,Sales,2,4,Life Sciences,4375,Male,2,Laboratory Technician,Divorced,52380,1.0,15,1,10.0,5,10,0,7,3,3,2.0,4.0,3.0,10.10788686459739,0.3050079868790698,247,9.995074224021595,0.07886791452260018
38,0,Travel_Rarely,Research & Development,1,2,Medical,4376,Male,4,Laboratory Technician,Divorced,64720,0.0,12,0,17.0,4,16,5,13,3,3,1.0,3.0,2.0,6.9217973856209145,0.31253552972691,238,9.987114845938375,0.09037007489352988
31,0,Non-Travel,Sales,4,1,Medical,4377,Female,3,Research Scientist,Married,96100,0.0,11,1,6.0,2,5,1,4,2,3,3.0,3.0,3.0,5.996345410628019,0.3329381463637746,230,10.022971014492754,0.07029608358120813
59,0,Travel_Rarely,Research & Development,5,3,Life Sciences,4378,Female,3,Manager,Married,198330,3.0,13,0,7.0,2,1,0,0,3,3,3.0,4.0,3.0,6.164645593869731,0.3186825933849465,232,10.025071839080459,0.09106781588462626
37,0,Travel_Frequently,Sales,2,3,Marketing,4379,Female,2,Laboratory Technician,Divorced,97560,4.0,19,0,13.0,2,9,5,8,3,3,1.0,4.0,3.0,7.017593380614657,0.3071468591087241,235,9.991914893617023,0.07500320260249342
29,0,Travel_Frequently,Sales,15,4,Medical,4380,Female,1,Sales Executive,Married,49680,1.0,19,3,11.0,4,11,4,1,3,3,2.0,4.0,3.0,6.299962651727357,0.30413536880160646,238,9.969607843137254,0.08560547144314833
35,0,Travel_Frequently,Research & Development,19,3,Life Sciences,4381,Female,1,Sales Executive,Single,21450,1.0,13,0,10.0,6,10,0,8,2,3,3.0,3.0,4.0,6.029894636015325,0.2900926587746872,232,10.025,0.08262145262145264
29,1,Travel_Rarely,Research & Development,7,1,Life Sciences,4382,Female,1,Research Scientist,Single,21800,1.0,21,0,4.0,2,4,0,1,3,4,3.0,4.0,2.0,8.406493491399349,0.32054475893799667,239,10.00258019525802,0.07913080294879456
52,0,Travel_Rarely,Research & Development,1,2,Medical,4383,Female,4,Manager,Single,83460,7.0,14,0,6.0,5,2,2,2,3,3,3.0,4.0,2.0,7.407588383838385,0.314183985580905,242,9.994628099173553,0.07300006858475362
42,0,Travel_Rarely,Research & Development,7,4,Life Sciences,4384,Female,2,Sales Executive,Married,34450,1.0,11,2,22.0,2,22,11,15,3,3,3.0,4.0,3.0,6.3959226627508565,0.30523050195023554,227,10.040822320117476,0.0853664791062943
59,0,Travel_Rarely,Research & Development,4,4,Technical Degree,4385,Male,1,Healthcare Representative,Married,27600,8.0,11,0,7.0,3,2,2,2,4,3,2.0,3.0,2.0,6.698972222222222,0.32146259754655937,230,10.042391304347827,0.08240546484399715
50,0,Travel_Rarely,Research & Development,11,2,Life Sciences,4386,Male,2,Sales Executive,Divorced,62940,3.0,23,1,32.0,2,7,0,6,4,4,4.0,4.0,2.0,7.743357279693487,0.2848454872698286,232,10.011350574712644,0.07031793717138544
33,1,Travel_Rarely,Sales,11,4,Marketing,4387,Male,1,Research Scientist,Married,71400,5.0,21,0,8.0,2,5,0,4,2,4,3.0,4.0,1.0,10.915240820219362,0.3086685106922654,233,9.973390557939915,0.07104894307138271
43,0,Travel_Rarely,Sales,1,3,Marketing,4388,Female,2,Manufacturing Director,Married,29320,5.0,24,0,22.0,3,17,1,9,3,4,4.0,4.0,3.0,9.265778246601032,0.2975176249960505,237,10.009634317862165,0.07535287889262363
33,1,Travel_Rarely,Sales,1,3,Life Sciences,4389,Male,2,Manager,Married,51470,7.0,11,0,13.0,2,9,1,7,3,3,1.0,1.0,4.0,7.096989130434782,0.3100401064323409,230,9.99804347826087,0.08217592240997411
52,0,Non-Travel,Research & Development,2,3,Technical Degree,4390,Male,1,Sales Executive,Single,45070,1.0,14,0,33.0,3,33,15,12,2,3,1.0,3.0,4.0,8.808812613843351,0.2936682504428446,244,9.98285519125683,0.06620118790618185
32,0,Travel_Rarely,Human Resources,13,4,Life Sciences,4391,Female,3,Manufacturing Director,Married,85640,2.0,16,1,6.0,2,4,1,2,2,3,3.0,2.0,3.0,8.046774496015002,0.29165128327230483,237,9.991068917018284,0.08364753430753216
32,1,Travel_Rarely,Sales,23,1,Life Sciences,4392,Male,3,Healthcare Representative,Single,24680,0.0,11,0,4.0,2,3,1,2,3,3,4.0,3.0,1.0,10.176452546296298,0.29646766819108117,240,10.019791666666666,0.08056085832171081
39,0,Travel_Rarely,Sales,26,4,Life Sciences,4393,Male,2,Research Director,Divorced,81610,7.0,12,1,7.0,2,3,1,2,4,3,3.0,3.0,3.0,6.312204861111112,0.3066136218172135,240,9.998888888888889,0.07574957384162401
32,0,Non-Travel,Sales,2,4,Marketing,4394,Male,4,Research Scientist,Married,21090,0.0,13,1,4.0,3,3,2,2,2,3,3.0,4.0,3.0,6.141971365638766,0.29076705380604184,227,10.001762114537446,0.06503375436955018
41,0,Travel_Rarely,Sales,29,3,Life Sciences,4395,Female,2,Laboratory Technician,Divorced,52940,2.0,15,0,17.0,3,1,0,0,2,3,3.0,1.0,2.0,6.131716963877457,0.32004218541330803,243,10.019341563786007,0.07147927082270526
45,0,Travel_Rarely,Research & Development,18,1,Life Sciences,4397,Female,2,Sales Representative,Married,58110,0.0,14,0,25.0,4,24,1,7,2,3,3.0,4.0,3.0,6.9312830687830695,0.31116066854054975,231,10.009235209235209,0.07862931593366373
31,0,Travel_Frequently,Research & Development,7,4,Medical,4398,Male,1,Research Scientist,Divorced,24370,9.0,14,1,9.0,3,2,2,2,4,3,2.0,3.0,3.0,7.2981961733517755,0.3031367553406962,241,9.973858921161826,0.07876055593975713
33,0,Travel_Rarely,Research & Development,2,4,Life Sciences,4399,Female,1,Sales Executive,Married,27660,1.0,12,1,2.0,2,2,0,2,3,3,3.0,4.0,2.0,6.778947626040137,0.28510571928920064,227,10.037298091042583,0.07832000268562196
34,0,Travel_Rarely,Research & Development,26,3,Other,4400,Female,1,Sales Executive,Married,190380,6.0,13,0,13.0,3,11,5,9,2,3,4.0,1.0,3.0,6.414911894273128,0.30754926194573295,227,10.009030837004405,0.07854517259452734
37,0,Travel_Rarely,Research & Development,22,5,Medical,4401,Female,2,Manufacturing Director,Married,30550,2.0,14,3,17.0,3,3,0,2,3,3,3.0,1.0,2.0,7.610144581056467,0.31054276979778395,244,9.97636612021858,0.08304682288035851
45,0,Travel_Frequently,Sales,21,1,Marketing,4402,Male,3,Research Scientist,Married,22890,4.0,13,0,9.0,3,3,0,2,2,3,1.0,3.0,3.0,7.992223360655737,0.2979386799405955,244,9.990915300546447,0.07349394615724807
37,1,Travel_Frequently,Sales,2,3,Marketing,4403,Male,1,Laboratory Technician,Divorced,40010,6.0,11,1,17.0,2,1,0,0,3,3,1.0,3.0,3.0,7.111666666666666,0.2869456023175448,238,9.990406162464984,0.06316237535801941
39,0,Travel_Frequently,Research & Development,22,3,Medical,4404,Female,1,Manufacturing Director,Single,129650,0.0,19,1,20.0,2,19,11,8,3,3,3.0,3.0,3.0,7.392469806763285,0.31291169241549033,230,9.992246376811593,0.07221157416197287
29,0,Travel_Rarely,Sales,4,3,Other,4405,Female,2,Human Resources,Single,35390,1.0,18,0,6.0,2,6,1,5,2,3,3.0,4.0,3.0,7.292814357567445,0.33107351800958007,243,9.991152263374486,0.07527148590279908
42,0,Travel_Rarely,Research & Development,5,4,Medical,4406,Female,1,Research Scientist,Single,60290,3.0,17,1,10.0,5,3,0,2,3,3,4.0,1.0,3.0,8.52227709190672,0.30111259807038854,243,10.011316872427983,0.08796712920450304
29,0,Travel_Rarely,Research & Development,2,4,Medical,4407,Male,1,Laboratory Technician,Divorced,26790,2.0,15,0,10.0,2,3,0,2,2,3,4.0,4.0,3.0,6.092954126325495,0.2788248251794006,241,9.996196403872752,0.07077366682034732
25,0,Travel_Rarely,Research & Development,25,2,Life Sciences,4408,Male,2,Sales Executive,Married,37020,0.0,20,0,5.0,4,4,1,2,3,4,1.0,3.0,3.0,7.706631794131794,0.31246760935694556,231,9.971500721500723,0.08011541920237569
42,0,Travel_Rarely,Sales,18,2,Medical,4409,Male,1,Laboratory Technician,Divorced,23980,0.0,14,1,10.0,2,9,7,8,2,3,4.0,1.0,3.0,9.492594513600737,0.3257629765315949,241,10.010650069156293,0.07799721453818965
